SET session_replication_role = replica;

--
-- PostgreSQL database dump
--

-- \restrict EKwjdeA0cneSFUq59TtkdLNACU7LtSkgtRqUfykGz61cyj8cPYmGGdT1Wf7oDo2

-- Dumped from database version 17.6
-- Dumped by pg_dump version 17.6

SET statement_timeout = 0;
SET lock_timeout = 0;
SET idle_in_transaction_session_timeout = 0;
SET transaction_timeout = 0;
SET client_encoding = 'UTF8';
SET standard_conforming_strings = on;
SELECT pg_catalog.set_config('search_path', '', false);
SET check_function_bodies = false;
SET xmloption = content;
SET client_min_messages = warning;
SET row_security = off;

--
-- Data for Name: audit_log_entries; Type: TABLE DATA; Schema: auth; Owner: supabase_auth_admin
--

INSERT INTO "auth"."audit_log_entries" ("instance_id", "id", "payload", "created_at", "ip_address") VALUES
	('00000000-0000-0000-0000-000000000000', 'ddba1bc0-8efc-4493-aefb-ff3d4bf52fbc', '{"action":"user_confirmation_requested","actor_id":"77c7f38a-84ae-4eb8-a8e5-22eccfcda790","actor_username":"test@jayd.ai","actor_via_sso":false,"log_type":"user","traits":{"provider":"email"}}', '2025-10-26 13:00:42.665487+00', ''),
	('00000000-0000-0000-0000-000000000000', 'e261e118-2ab2-468e-9743-a4294ca84866', '{"action":"user_deleted","actor_id":"00000000-0000-0000-0000-000000000000","actor_username":"service_role","actor_via_sso":false,"log_type":"team","traits":{"user_email":"test@jayd.ai","user_id":"77c7f38a-84ae-4eb8-a8e5-22eccfcda790","user_phone":""}}', '2025-10-26 13:03:58.737676+00', ''),
	('00000000-0000-0000-0000-000000000000', 'e218a916-a04f-4e61-a730-f8ca14e5ae1c', '{"action":"user_signedup","actor_id":"51eee0a1-8f20-4403-b5f1-0566375db20b","actor_username":"test@jayd.ai","actor_via_sso":false,"log_type":"team","traits":{"provider":"email"}}', '2025-10-27 09:20:24.305665+00', ''),
	('00000000-0000-0000-0000-000000000000', 'f0f09b30-8efd-4a31-8946-d6b5de7cebf1', '{"action":"login","actor_id":"51eee0a1-8f20-4403-b5f1-0566375db20b","actor_username":"test@jayd.ai","actor_via_sso":false,"log_type":"account","traits":{"provider":"email"}}', '2025-10-27 09:20:24.314399+00', ''),
	('00000000-0000-0000-0000-000000000000', '3cb19ebd-d31e-465c-9c5a-d3c8274923d2', '{"action":"login","actor_id":"51eee0a1-8f20-4403-b5f1-0566375db20b","actor_username":"test@jayd.ai","actor_via_sso":false,"log_type":"account","traits":{"provider":"email"}}', '2025-10-27 09:28:57.752625+00', ''),
	('00000000-0000-0000-0000-000000000000', '74f6f0e4-f187-4941-bafb-b8e09b439778', '{"action":"login","actor_id":"51eee0a1-8f20-4403-b5f1-0566375db20b","actor_username":"test@jayd.ai","actor_via_sso":false,"log_type":"account","traits":{"provider":"email"}}', '2025-10-27 09:32:01.955865+00', ''),
	('00000000-0000-0000-0000-000000000000', '8fee7b5a-da87-4be5-90c1-8c91b8a688d4', '{"action":"login","actor_id":"51eee0a1-8f20-4403-b5f1-0566375db20b","actor_username":"test@jayd.ai","actor_via_sso":false,"log_type":"account","traits":{"provider":"email"}}', '2025-10-27 09:32:37.287314+00', ''),
	('00000000-0000-0000-0000-000000000000', 'b55a5ee2-df9d-4121-87f8-5effb5d9dc90', '{"action":"login","actor_id":"51eee0a1-8f20-4403-b5f1-0566375db20b","actor_username":"test@jayd.ai","actor_via_sso":false,"log_type":"account","traits":{"provider":"email"}}', '2025-10-27 09:34:02.187192+00', ''),
	('00000000-0000-0000-0000-000000000000', 'adf24f2a-31fa-40f9-8a72-b59d87721c6c', '{"action":"login","actor_id":"51eee0a1-8f20-4403-b5f1-0566375db20b","actor_username":"test@jayd.ai","actor_via_sso":false,"log_type":"account","traits":{"provider":"email"}}', '2025-10-27 09:37:07.273718+00', ''),
	('00000000-0000-0000-0000-000000000000', 'a82728ab-9cec-4f0e-8d37-ccac69f912e1', '{"action":"login","actor_id":"51eee0a1-8f20-4403-b5f1-0566375db20b","actor_username":"test@jayd.ai","actor_via_sso":false,"log_type":"account","traits":{"provider":"email"}}', '2025-10-27 09:41:01.805583+00', ''),
	('00000000-0000-0000-0000-000000000000', '8f0b1650-9518-4e97-8a3f-b3b876ef454d', '{"action":"login","actor_id":"51eee0a1-8f20-4403-b5f1-0566375db20b","actor_username":"test@jayd.ai","actor_via_sso":false,"log_type":"account","traits":{"provider":"email"}}', '2025-10-27 11:44:31.999207+00', ''),
	('00000000-0000-0000-0000-000000000000', 'd2e7c0a9-4488-439e-a1be-3e8cf9ceb7c4', '{"action":"login","actor_id":"51eee0a1-8f20-4403-b5f1-0566375db20b","actor_username":"test@jayd.ai","actor_via_sso":false,"log_type":"account","traits":{"provider":"email"}}', '2025-10-27 11:46:16.909836+00', ''),
	('00000000-0000-0000-0000-000000000000', '26e389f4-ece2-4d21-b433-9a128b81c891', '{"action":"login","actor_id":"51eee0a1-8f20-4403-b5f1-0566375db20b","actor_username":"test@jayd.ai","actor_via_sso":false,"log_type":"account","traits":{"provider":"email"}}', '2025-10-27 16:25:37.918545+00', ''),
	('00000000-0000-0000-0000-000000000000', '8e47b8d4-b56d-4bbd-a65b-2ba4ede92165', '{"action":"login","actor_id":"51eee0a1-8f20-4403-b5f1-0566375db20b","actor_username":"test@jayd.ai","actor_via_sso":false,"log_type":"account","traits":{"provider":"email"}}', '2025-10-27 16:25:50.658565+00', ''),
	('00000000-0000-0000-0000-000000000000', '574cd7d7-4f1e-4d5d-997d-bd127d211a40', '{"action":"login","actor_id":"51eee0a1-8f20-4403-b5f1-0566375db20b","actor_username":"test@jayd.ai","actor_via_sso":false,"log_type":"account","traits":{"provider":"email"}}', '2025-10-27 17:50:53.941139+00', ''),
	('00000000-0000-0000-0000-000000000000', 'd08b9e08-f9d0-499c-a45c-0c04eff8f086', '{"action":"login","actor_id":"51eee0a1-8f20-4403-b5f1-0566375db20b","actor_username":"test@jayd.ai","actor_via_sso":false,"log_type":"account","traits":{"provider":"email"}}', '2025-10-27 17:52:06.659002+00', ''),
	('00000000-0000-0000-0000-000000000000', '6f0fb93e-6f0e-45dd-93f0-e9986c4a26c0', '{"action":"login","actor_id":"51eee0a1-8f20-4403-b5f1-0566375db20b","actor_username":"test@jayd.ai","actor_via_sso":false,"log_type":"account","traits":{"provider":"email"}}', '2025-10-27 17:56:34.832433+00', ''),
	('00000000-0000-0000-0000-000000000000', 'b3d1eddd-ae3b-40de-96c6-19e167b35b3d', '{"action":"login","actor_id":"51eee0a1-8f20-4403-b5f1-0566375db20b","actor_username":"test@jayd.ai","actor_via_sso":false,"log_type":"account","traits":{"provider":"email"}}', '2025-10-27 17:57:17.297957+00', ''),
	('00000000-0000-0000-0000-000000000000', '359fd2a9-055d-49dd-a8c1-959dc2a489a7', '{"action":"login","actor_id":"51eee0a1-8f20-4403-b5f1-0566375db20b","actor_username":"test@jayd.ai","actor_via_sso":false,"log_type":"account","traits":{"provider":"email"}}', '2025-10-27 18:00:49.771028+00', ''),
	('00000000-0000-0000-0000-000000000000', '9fd32cba-73f0-4df5-9e2b-da295fcacd5d', '{"action":"login","actor_id":"51eee0a1-8f20-4403-b5f1-0566375db20b","actor_username":"test@jayd.ai","actor_via_sso":false,"log_type":"account","traits":{"provider":"email"}}', '2025-10-27 19:18:42.206774+00', ''),
	('00000000-0000-0000-0000-000000000000', '5d5de28d-b7db-407f-a19f-91683a97c09a', '{"action":"login","actor_id":"51eee0a1-8f20-4403-b5f1-0566375db20b","actor_username":"test@jayd.ai","actor_via_sso":false,"log_type":"account","traits":{"provider":"email"}}', '2025-10-27 19:19:01.607567+00', ''),
	('00000000-0000-0000-0000-000000000000', '943f9a94-5111-42a4-8416-5e815dbb18a1', '{"action":"login","actor_id":"51eee0a1-8f20-4403-b5f1-0566375db20b","actor_username":"test@jayd.ai","actor_via_sso":false,"log_type":"account","traits":{"provider":"email"}}', '2025-10-27 19:19:30.85723+00', ''),
	('00000000-0000-0000-0000-000000000000', '8a1b17d7-2488-4570-b1e1-42b680363cb8', '{"action":"login","actor_id":"51eee0a1-8f20-4403-b5f1-0566375db20b","actor_username":"test@jayd.ai","actor_via_sso":false,"log_type":"account","traits":{"provider":"email"}}', '2025-10-27 20:45:55.964368+00', ''),
	('00000000-0000-0000-0000-000000000000', 'a3a5f4a1-a50e-49c6-98be-b13d5906c7a5', '{"action":"login","actor_id":"51eee0a1-8f20-4403-b5f1-0566375db20b","actor_username":"test@jayd.ai","actor_via_sso":false,"log_type":"account","traits":{"provider":"email"}}', '2025-10-27 20:46:30.241345+00', ''),
	('00000000-0000-0000-0000-000000000000', '1a5978dc-ddcd-4948-a275-0918eafbfe3f', '{"action":"login","actor_id":"51eee0a1-8f20-4403-b5f1-0566375db20b","actor_username":"test@jayd.ai","actor_via_sso":false,"log_type":"account","traits":{"provider":"email"}}', '2025-10-27 20:47:01.515165+00', ''),
	('00000000-0000-0000-0000-000000000000', 'e820dc2e-9ff3-4a9e-8dce-b5c3cdb929ca', '{"action":"login","actor_id":"51eee0a1-8f20-4403-b5f1-0566375db20b","actor_username":"test@jayd.ai","actor_via_sso":false,"log_type":"account","traits":{"provider":"email"}}', '2025-10-27 22:33:48.350151+00', ''),
	('00000000-0000-0000-0000-000000000000', 'e82b53d7-c144-4386-a5c9-acc060b1ba7b', '{"action":"login","actor_id":"51eee0a1-8f20-4403-b5f1-0566375db20b","actor_username":"test@jayd.ai","actor_via_sso":false,"log_type":"account","traits":{"provider":"email"}}', '2025-10-27 22:35:14.071944+00', ''),
	('00000000-0000-0000-0000-000000000000', '966e7800-b2a7-4704-87f3-91d62bc2426e', '{"action":"login","actor_id":"51eee0a1-8f20-4403-b5f1-0566375db20b","actor_username":"test@jayd.ai","actor_via_sso":false,"log_type":"account","traits":{"provider":"email"}}', '2025-10-27 22:36:03.941399+00', ''),
	('00000000-0000-0000-0000-000000000000', '4035d295-d166-48de-9909-1ee177ab599b', '{"action":"login","actor_id":"51eee0a1-8f20-4403-b5f1-0566375db20b","actor_username":"test@jayd.ai","actor_via_sso":false,"log_type":"account","traits":{"provider":"email"}}', '2025-10-28 14:09:09.37567+00', ''),
	('00000000-0000-0000-0000-000000000000', 'e6da2841-cc75-4874-9709-2eacb99148d3', '{"action":"token_refreshed","actor_id":"51eee0a1-8f20-4403-b5f1-0566375db20b","actor_username":"test@jayd.ai","actor_via_sso":false,"log_type":"token"}', '2025-10-28 16:36:43.417983+00', ''),
	('00000000-0000-0000-0000-000000000000', '9d845960-f27d-40d2-8225-1c3d1e380ab2', '{"action":"token_revoked","actor_id":"51eee0a1-8f20-4403-b5f1-0566375db20b","actor_username":"test@jayd.ai","actor_via_sso":false,"log_type":"token"}', '2025-10-28 16:36:43.444835+00', ''),
	('00000000-0000-0000-0000-000000000000', 'cb55b849-a875-4f66-9c55-d3bb15ceea93', '{"action":"token_refreshed","actor_id":"51eee0a1-8f20-4403-b5f1-0566375db20b","actor_username":"test@jayd.ai","actor_via_sso":false,"log_type":"token"}', '2025-10-28 16:36:43.639851+00', ''),
	('00000000-0000-0000-0000-000000000000', 'b6bbcfce-59d6-4c4f-a52f-243072b5f898', '{"action":"login","actor_id":"51eee0a1-8f20-4403-b5f1-0566375db20b","actor_username":"test@jayd.ai","actor_via_sso":false,"log_type":"account","traits":{"provider":"email"}}', '2025-11-05 09:15:31.308377+00', ''),
	('00000000-0000-0000-0000-000000000000', 'e9c42db1-5126-421d-b161-cb920a823ae6', '{"action":"token_refreshed","actor_id":"51eee0a1-8f20-4403-b5f1-0566375db20b","actor_username":"test@jayd.ai","actor_via_sso":false,"log_type":"token"}', '2025-11-05 13:59:31.341843+00', ''),
	('00000000-0000-0000-0000-000000000000', '4de37056-fb4e-4a25-9cab-86480d162c1d', '{"action":"token_revoked","actor_id":"51eee0a1-8f20-4403-b5f1-0566375db20b","actor_username":"test@jayd.ai","actor_via_sso":false,"log_type":"token"}', '2025-11-05 13:59:31.351347+00', ''),
	('00000000-0000-0000-0000-000000000000', '2604a51e-c384-4573-8daf-6977d3c0ba34', '{"action":"user_signedup","actor_id":"478b7491-ff6c-490b-982c-a4dc866dcefc","actor_username":"vincent@jayd.ai","actor_via_sso":false,"log_type":"team","traits":{"provider":"email"}}', '2025-11-05 15:08:36.626008+00', ''),
	('00000000-0000-0000-0000-000000000000', 'baa682e3-499c-40d0-b82e-65338ee0d3af', '{"action":"login","actor_id":"478b7491-ff6c-490b-982c-a4dc866dcefc","actor_username":"vincent@jayd.ai","actor_via_sso":false,"log_type":"account","traits":{"provider":"email"}}', '2025-11-05 15:08:36.647112+00', ''),
	('00000000-0000-0000-0000-000000000000', 'f4dabe3c-1c29-4c97-83a8-3218f7c0fb6e', '{"action":"login","actor_id":"478b7491-ff6c-490b-982c-a4dc866dcefc","actor_username":"vincent@jayd.ai","actor_via_sso":false,"log_type":"account","traits":{"provider":"email"}}', '2025-11-05 16:16:59.711764+00', ''),
	('00000000-0000-0000-0000-000000000000', '4fb4b2ae-79b5-45b5-b256-a4635eb7ac52', '{"action":"login","actor_id":"478b7491-ff6c-490b-982c-a4dc866dcefc","actor_username":"vincent@jayd.ai","actor_via_sso":false,"log_type":"account","traits":{"provider":"email"}}', '2025-11-05 16:29:15.7499+00', ''),
	('00000000-0000-0000-0000-000000000000', '11a4dbfc-a2a1-4e54-b618-0cb3a66e9881', '{"action":"token_refreshed","actor_id":"478b7491-ff6c-490b-982c-a4dc866dcefc","actor_username":"vincent@jayd.ai","actor_via_sso":false,"log_type":"token"}', '2025-11-05 22:12:23.470907+00', ''),
	('00000000-0000-0000-0000-000000000000', '73a7448c-c54a-40fe-b7b2-a2a74e4ca957', '{"action":"token_revoked","actor_id":"478b7491-ff6c-490b-982c-a4dc866dcefc","actor_username":"vincent@jayd.ai","actor_via_sso":false,"log_type":"token"}', '2025-11-05 22:12:23.491246+00', ''),
	('00000000-0000-0000-0000-000000000000', 'b7c34684-d23a-4947-bd9d-e7294a587c3e', '{"action":"token_refreshed","actor_id":"478b7491-ff6c-490b-982c-a4dc866dcefc","actor_username":"vincent@jayd.ai","actor_via_sso":false,"log_type":"token"}', '2025-11-05 22:12:23.736303+00', ''),
	('00000000-0000-0000-0000-000000000000', 'c3915ec1-5ba7-46d6-8973-d1b387338bad', '{"action":"token_refreshed","actor_id":"478b7491-ff6c-490b-982c-a4dc866dcefc","actor_username":"vincent@jayd.ai","actor_via_sso":false,"log_type":"token"}', '2025-11-05 22:12:23.819482+00', ''),
	('00000000-0000-0000-0000-000000000000', 'defa3474-6d1d-48bb-a20f-01c31740a923', '{"action":"token_refreshed","actor_id":"478b7491-ff6c-490b-982c-a4dc866dcefc","actor_username":"vincent@jayd.ai","actor_via_sso":false,"log_type":"token"}', '2025-11-06 08:01:45.659748+00', ''),
	('00000000-0000-0000-0000-000000000000', '99da73d2-3efb-4f47-bd0c-1664b6184cc8', '{"action":"token_revoked","actor_id":"478b7491-ff6c-490b-982c-a4dc866dcefc","actor_username":"vincent@jayd.ai","actor_via_sso":false,"log_type":"token"}', '2025-11-06 08:01:45.68374+00', ''),
	('00000000-0000-0000-0000-000000000000', 'dc634dc1-ffbb-4565-9ccc-abd6afb08886', '{"action":"token_refreshed","actor_id":"478b7491-ff6c-490b-982c-a4dc866dcefc","actor_username":"vincent@jayd.ai","actor_via_sso":false,"log_type":"token"}', '2025-11-06 08:01:46.013223+00', ''),
	('00000000-0000-0000-0000-000000000000', '2cdc2f93-c6b1-4104-81a7-2e02c60669d3', '{"action":"token_refreshed","actor_id":"478b7491-ff6c-490b-982c-a4dc866dcefc","actor_username":"vincent@jayd.ai","actor_via_sso":false,"log_type":"token"}', '2025-11-06 08:01:46.10454+00', ''),
	('00000000-0000-0000-0000-000000000000', '5c37f193-0c24-4e42-af08-272ef41264d3', '{"action":"login","actor_id":"478b7491-ff6c-490b-982c-a4dc866dcefc","actor_username":"vincent@jayd.ai","actor_via_sso":false,"log_type":"account","traits":{"provider":"email"}}', '2025-11-06 08:46:26.172515+00', ''),
	('00000000-0000-0000-0000-000000000000', 'ba514e20-c9b5-41cc-a1d5-890a371f41e3', '{"action":"token_refreshed","actor_id":"478b7491-ff6c-490b-982c-a4dc866dcefc","actor_username":"vincent@jayd.ai","actor_via_sso":false,"log_type":"token"}', '2025-11-06 09:24:34.812363+00', ''),
	('00000000-0000-0000-0000-000000000000', 'bef83a12-f64b-4cbd-a700-546752131d4e', '{"action":"token_revoked","actor_id":"478b7491-ff6c-490b-982c-a4dc866dcefc","actor_username":"vincent@jayd.ai","actor_via_sso":false,"log_type":"token"}', '2025-11-06 09:24:34.832554+00', ''),
	('00000000-0000-0000-0000-000000000000', '25ce50b6-b816-44b3-afb2-97593c85bc8b', '{"action":"token_refreshed","actor_id":"478b7491-ff6c-490b-982c-a4dc866dcefc","actor_username":"vincent@jayd.ai","actor_via_sso":false,"log_type":"token"}', '2025-11-06 09:24:35.289548+00', ''),
	('00000000-0000-0000-0000-000000000000', '68cdc889-a9a3-4c48-95da-916cb102bd6f', '{"action":"token_refreshed","actor_id":"478b7491-ff6c-490b-982c-a4dc866dcefc","actor_username":"vincent@jayd.ai","actor_via_sso":false,"log_type":"token"}', '2025-11-06 09:24:35.367461+00', ''),
	('00000000-0000-0000-0000-000000000000', '7bf8ef9d-dea7-477f-b877-6bc4327189db', '{"action":"token_refreshed","actor_id":"478b7491-ff6c-490b-982c-a4dc866dcefc","actor_username":"vincent@jayd.ai","actor_via_sso":false,"log_type":"token"}', '2025-11-06 09:41:27.619698+00', ''),
	('00000000-0000-0000-0000-000000000000', 'c8688d81-875d-46bb-aa74-d98ac51ad235', '{"action":"token_revoked","actor_id":"478b7491-ff6c-490b-982c-a4dc866dcefc","actor_username":"vincent@jayd.ai","actor_via_sso":false,"log_type":"token"}', '2025-11-06 09:41:27.642857+00', ''),
	('00000000-0000-0000-0000-000000000000', '23b629c5-9f19-4f4b-90b0-a3425040f224', '{"action":"token_refreshed","actor_id":"478b7491-ff6c-490b-982c-a4dc866dcefc","actor_username":"vincent@jayd.ai","actor_via_sso":false,"log_type":"token"}', '2025-11-06 10:22:27.624543+00', ''),
	('00000000-0000-0000-0000-000000000000', '6caf0e80-7f02-463c-8c52-80d541b65d5d', '{"action":"token_revoked","actor_id":"478b7491-ff6c-490b-982c-a4dc866dcefc","actor_username":"vincent@jayd.ai","actor_via_sso":false,"log_type":"token"}', '2025-11-06 10:22:27.639609+00', ''),
	('00000000-0000-0000-0000-000000000000', '3f8c2be2-0ed6-41e2-83bf-335ea1bace8f', '{"action":"token_refreshed","actor_id":"478b7491-ff6c-490b-982c-a4dc866dcefc","actor_username":"vincent@jayd.ai","actor_via_sso":false,"log_type":"token"}', '2025-11-06 10:36:28.637535+00', ''),
	('00000000-0000-0000-0000-000000000000', '748d3db0-1ded-4750-a49b-3d269c8cab14', '{"action":"token_revoked","actor_id":"478b7491-ff6c-490b-982c-a4dc866dcefc","actor_username":"vincent@jayd.ai","actor_via_sso":false,"log_type":"token"}', '2025-11-06 10:36:28.64977+00', ''),
	('00000000-0000-0000-0000-000000000000', 'a56bd507-de39-438a-938f-0e4220d24f7d', '{"action":"token_refreshed","actor_id":"478b7491-ff6c-490b-982c-a4dc866dcefc","actor_username":"vincent@jayd.ai","actor_via_sso":false,"log_type":"token"}', '2025-11-06 12:28:34.564645+00', ''),
	('00000000-0000-0000-0000-000000000000', '5395f9b8-5eb6-4e72-a7df-cd8a269b5b02', '{"action":"token_revoked","actor_id":"478b7491-ff6c-490b-982c-a4dc866dcefc","actor_username":"vincent@jayd.ai","actor_via_sso":false,"log_type":"token"}', '2025-11-06 12:28:34.590847+00', ''),
	('00000000-0000-0000-0000-000000000000', 'b6dc9c4d-c3ec-43f5-ad89-061ad59912bb', '{"action":"token_refreshed","actor_id":"478b7491-ff6c-490b-982c-a4dc866dcefc","actor_username":"vincent@jayd.ai","actor_via_sso":false,"log_type":"token"}', '2025-11-06 12:29:20.777083+00', ''),
	('00000000-0000-0000-0000-000000000000', 'b381c989-baed-496b-a8df-6db6e5bd5f60', '{"action":"token_revoked","actor_id":"478b7491-ff6c-490b-982c-a4dc866dcefc","actor_username":"vincent@jayd.ai","actor_via_sso":false,"log_type":"token"}', '2025-11-06 12:29:20.778445+00', ''),
	('00000000-0000-0000-0000-000000000000', '6e637c21-82e0-42a6-9fee-ec9f5c2a0c01', '{"action":"token_refreshed","actor_id":"478b7491-ff6c-490b-982c-a4dc866dcefc","actor_username":"vincent@jayd.ai","actor_via_sso":false,"log_type":"token"}', '2025-11-06 12:29:20.872072+00', ''),
	('00000000-0000-0000-0000-000000000000', 'cbeef933-a853-44ad-8e06-04a66495f9ff', '{"action":"token_refreshed","actor_id":"478b7491-ff6c-490b-982c-a4dc866dcefc","actor_username":"vincent@jayd.ai","actor_via_sso":false,"log_type":"token"}', '2025-11-06 12:29:21.643879+00', ''),
	('00000000-0000-0000-0000-000000000000', 'cc6eec74-e395-460a-9d4b-d40e2e2e8e2a', '{"action":"login","actor_id":"478b7491-ff6c-490b-982c-a4dc866dcefc","actor_username":"vincent@jayd.ai","actor_via_sso":false,"log_type":"account","traits":{"provider":"email"}}', '2025-11-06 12:51:57.323066+00', ''),
	('00000000-0000-0000-0000-000000000000', 'd3ec5e4f-d138-4fb0-a824-ff166364c407', '{"action":"token_refreshed","actor_id":"478b7491-ff6c-490b-982c-a4dc866dcefc","actor_username":"vincent@jayd.ai","actor_via_sso":false,"log_type":"token"}', '2025-11-06 13:46:59.039969+00', ''),
	('00000000-0000-0000-0000-000000000000', '51b675fb-df07-405a-91d3-f68f027fee9e', '{"action":"token_revoked","actor_id":"478b7491-ff6c-490b-982c-a4dc866dcefc","actor_username":"vincent@jayd.ai","actor_via_sso":false,"log_type":"token"}', '2025-11-06 13:46:59.062841+00', ''),
	('00000000-0000-0000-0000-000000000000', '6b51f673-f518-48b2-a8db-431d59e8abbc', '{"action":"token_refreshed","actor_id":"478b7491-ff6c-490b-982c-a4dc866dcefc","actor_username":"vincent@jayd.ai","actor_via_sso":false,"log_type":"token"}', '2025-11-06 14:16:33.305418+00', ''),
	('00000000-0000-0000-0000-000000000000', 'ff8293a2-6e2f-4024-b61d-cbf985d39ef4', '{"action":"token_revoked","actor_id":"478b7491-ff6c-490b-982c-a4dc866dcefc","actor_username":"vincent@jayd.ai","actor_via_sso":false,"log_type":"token"}', '2025-11-06 14:16:33.323864+00', ''),
	('00000000-0000-0000-0000-000000000000', '64d08a22-19ce-46df-b6dd-fb2b0a2fc8c5', '{"action":"token_refreshed","actor_id":"478b7491-ff6c-490b-982c-a4dc866dcefc","actor_username":"vincent@jayd.ai","actor_via_sso":false,"log_type":"token"}', '2025-11-06 14:16:33.437516+00', ''),
	('00000000-0000-0000-0000-000000000000', '34cf7256-f3a8-4bf1-a262-080b318e6947', '{"action":"token_refreshed","actor_id":"478b7491-ff6c-490b-982c-a4dc866dcefc","actor_username":"vincent@jayd.ai","actor_via_sso":false,"log_type":"token"}', '2025-11-06 14:16:34.233334+00', ''),
	('00000000-0000-0000-0000-000000000000', '1861aaee-2b94-46ac-a1c6-cebab6ffe25a', '{"action":"token_refreshed","actor_id":"478b7491-ff6c-490b-982c-a4dc866dcefc","actor_username":"vincent@jayd.ai","actor_via_sso":false,"log_type":"token"}', '2025-11-06 14:42:00.73329+00', ''),
	('00000000-0000-0000-0000-000000000000', '6129edf7-0805-4ecf-b9f3-5f9d37a48c52', '{"action":"token_revoked","actor_id":"478b7491-ff6c-490b-982c-a4dc866dcefc","actor_username":"vincent@jayd.ai","actor_via_sso":false,"log_type":"token"}', '2025-11-06 14:42:00.755979+00', ''),
	('00000000-0000-0000-0000-000000000000', 'f6f94d4f-545d-4026-8f7d-5802cd4dd80e', '{"action":"token_refreshed","actor_id":"478b7491-ff6c-490b-982c-a4dc866dcefc","actor_username":"vincent@jayd.ai","actor_via_sso":false,"log_type":"token"}', '2025-11-06 15:19:59.924732+00', ''),
	('00000000-0000-0000-0000-000000000000', '5169972b-a912-433d-bccf-56f266c860f3', '{"action":"token_revoked","actor_id":"478b7491-ff6c-490b-982c-a4dc866dcefc","actor_username":"vincent@jayd.ai","actor_via_sso":false,"log_type":"token"}', '2025-11-06 15:19:59.95017+00', ''),
	('00000000-0000-0000-0000-000000000000', '48e751b1-4219-4c23-a48b-c4d82d1cd71a', '{"action":"token_refreshed","actor_id":"478b7491-ff6c-490b-982c-a4dc866dcefc","actor_username":"vincent@jayd.ai","actor_via_sso":false,"log_type":"token"}', '2025-11-06 15:20:00.099711+00', ''),
	('00000000-0000-0000-0000-000000000000', 'dc41fab8-8459-415b-ba86-b3b42114131d', '{"action":"token_refreshed","actor_id":"478b7491-ff6c-490b-982c-a4dc866dcefc","actor_username":"vincent@jayd.ai","actor_via_sso":false,"log_type":"token"}', '2025-11-06 15:37:01.756211+00', ''),
	('00000000-0000-0000-0000-000000000000', '69d8518b-eed4-420c-a4a7-13d318bd76e6', '{"action":"token_revoked","actor_id":"478b7491-ff6c-490b-982c-a4dc866dcefc","actor_username":"vincent@jayd.ai","actor_via_sso":false,"log_type":"token"}', '2025-11-06 15:37:01.765852+00', ''),
	('00000000-0000-0000-0000-000000000000', 'a26800d9-0f0d-4d83-a567-ce94e737ed27', '{"action":"token_refreshed","actor_id":"478b7491-ff6c-490b-982c-a4dc866dcefc","actor_username":"vincent@jayd.ai","actor_via_sso":false,"log_type":"token"}', '2025-11-06 16:24:19.356576+00', ''),
	('00000000-0000-0000-0000-000000000000', '6680b7c1-4edf-4fa8-a0d8-1d16ee3aa45f', '{"action":"token_revoked","actor_id":"478b7491-ff6c-490b-982c-a4dc866dcefc","actor_username":"vincent@jayd.ai","actor_via_sso":false,"log_type":"token"}', '2025-11-06 16:24:19.380798+00', ''),
	('00000000-0000-0000-0000-000000000000', '94bd0bd7-03e0-4ff5-89db-47c0cb33aeaf', '{"action":"token_refreshed","actor_id":"478b7491-ff6c-490b-982c-a4dc866dcefc","actor_username":"vincent@jayd.ai","actor_via_sso":false,"log_type":"token"}', '2025-11-06 16:24:20.280049+00', ''),
	('00000000-0000-0000-0000-000000000000', '6ddd1c63-7559-402c-b56e-ddc6a6421297', '{"action":"token_refreshed","actor_id":"478b7491-ff6c-490b-982c-a4dc866dcefc","actor_username":"vincent@jayd.ai","actor_via_sso":false,"log_type":"token"}', '2025-11-06 16:32:02.794689+00', ''),
	('00000000-0000-0000-0000-000000000000', '2763a8c3-9363-48ff-9c2a-5915570947c6', '{"action":"token_revoked","actor_id":"478b7491-ff6c-490b-982c-a4dc866dcefc","actor_username":"vincent@jayd.ai","actor_via_sso":false,"log_type":"token"}', '2025-11-06 16:32:02.796852+00', ''),
	('00000000-0000-0000-0000-000000000000', 'b44e8e23-c0b5-4120-8dad-baa3e9719b4a', '{"action":"token_refreshed","actor_id":"478b7491-ff6c-490b-982c-a4dc866dcefc","actor_username":"vincent@jayd.ai","actor_via_sso":false,"log_type":"token"}', '2025-11-06 17:19:24.479309+00', ''),
	('00000000-0000-0000-0000-000000000000', '37e77a72-083b-46b0-b8b6-738664fb5827', '{"action":"token_revoked","actor_id":"478b7491-ff6c-490b-982c-a4dc866dcefc","actor_username":"vincent@jayd.ai","actor_via_sso":false,"log_type":"token"}', '2025-11-06 17:19:24.496889+00', ''),
	('00000000-0000-0000-0000-000000000000', '4d72ea47-6dcd-4de0-8462-735d8612d16a', '{"action":"token_refreshed","actor_id":"478b7491-ff6c-490b-982c-a4dc866dcefc","actor_username":"vincent@jayd.ai","actor_via_sso":false,"log_type":"token"}', '2025-11-06 17:27:08.123732+00', ''),
	('00000000-0000-0000-0000-000000000000', 'c38070c8-0a03-44f8-ac78-b6c00f45ae78', '{"action":"token_revoked","actor_id":"478b7491-ff6c-490b-982c-a4dc866dcefc","actor_username":"vincent@jayd.ai","actor_via_sso":false,"log_type":"token"}', '2025-11-06 17:27:08.13994+00', ''),
	('00000000-0000-0000-0000-000000000000', '69bcb129-d6f5-4291-ae8e-96725c756a59', '{"action":"token_refreshed","actor_id":"478b7491-ff6c-490b-982c-a4dc866dcefc","actor_username":"vincent@jayd.ai","actor_via_sso":false,"log_type":"token"}', '2025-11-06 21:17:05.837205+00', ''),
	('00000000-0000-0000-0000-000000000000', '836686dc-6515-4891-b9c5-62ed0e17a5f4', '{"action":"token_revoked","actor_id":"478b7491-ff6c-490b-982c-a4dc866dcefc","actor_username":"vincent@jayd.ai","actor_via_sso":false,"log_type":"token"}', '2025-11-06 21:17:05.856384+00', ''),
	('00000000-0000-0000-0000-000000000000', '3e1e2e5e-4864-47fa-bf44-a160b31b0a78', '{"action":"token_refreshed","actor_id":"478b7491-ff6c-490b-982c-a4dc866dcefc","actor_username":"vincent@jayd.ai","actor_via_sso":false,"log_type":"token"}', '2025-11-07 08:02:09.881008+00', ''),
	('00000000-0000-0000-0000-000000000000', '79c6e274-1dca-451c-a920-686d1cd07c14', '{"action":"token_revoked","actor_id":"478b7491-ff6c-490b-982c-a4dc866dcefc","actor_username":"vincent@jayd.ai","actor_via_sso":false,"log_type":"token"}', '2025-11-07 08:02:09.902671+00', ''),
	('00000000-0000-0000-0000-000000000000', 'de83c184-3640-4d72-be2b-491dfe6b4e66', '{"action":"token_refreshed","actor_id":"478b7491-ff6c-490b-982c-a4dc866dcefc","actor_username":"vincent@jayd.ai","actor_via_sso":false,"log_type":"token"}', '2025-11-07 08:25:47.2665+00', ''),
	('00000000-0000-0000-0000-000000000000', 'a44e1bf6-6779-4805-b0f7-d0c995724edd', '{"action":"token_revoked","actor_id":"478b7491-ff6c-490b-982c-a4dc866dcefc","actor_username":"vincent@jayd.ai","actor_via_sso":false,"log_type":"token"}', '2025-11-07 08:25:47.292458+00', ''),
	('00000000-0000-0000-0000-000000000000', '83a00f4f-17b9-4e93-836a-b5b5ed377d05', '{"action":"token_refreshed","actor_id":"478b7491-ff6c-490b-982c-a4dc866dcefc","actor_username":"vincent@jayd.ai","actor_via_sso":false,"log_type":"token"}', '2025-11-07 08:25:47.428921+00', ''),
	('00000000-0000-0000-0000-000000000000', 'ed5df914-02e5-448c-9a83-a111d05e5f9f', '{"action":"user_signedup","actor_id":"eff2a1fd-210c-4b44-9a6f-81af6534c3c8","actor_username":"quentin+1@jayd.ai","actor_via_sso":false,"log_type":"team","traits":{"provider":"email"}}', '2025-11-09 22:29:52.278643+00', ''),
	('00000000-0000-0000-0000-000000000000', 'e761a212-13ac-4c74-94e5-23af78d3e3e1', '{"action":"login","actor_id":"eff2a1fd-210c-4b44-9a6f-81af6534c3c8","actor_username":"quentin+1@jayd.ai","actor_via_sso":false,"log_type":"account","traits":{"provider":"email"}}', '2025-11-09 22:29:52.297382+00', ''),
	('00000000-0000-0000-0000-000000000000', '198829d8-ea04-49d6-825b-8c4178e5b1ba', '{"action":"token_refreshed","actor_id":"eff2a1fd-210c-4b44-9a6f-81af6534c3c8","actor_username":"quentin+1@jayd.ai","actor_via_sso":false,"log_type":"token"}', '2025-11-10 09:08:13.406685+00', ''),
	('00000000-0000-0000-0000-000000000000', '5b657f10-1348-453a-af9f-75f23ab163dc', '{"action":"token_revoked","actor_id":"eff2a1fd-210c-4b44-9a6f-81af6534c3c8","actor_username":"quentin+1@jayd.ai","actor_via_sso":false,"log_type":"token"}', '2025-11-10 09:08:13.431888+00', ''),
	('00000000-0000-0000-0000-000000000000', '8e5e00cd-13ee-40f9-8a0a-d0a43228ef8d', '{"action":"token_refreshed","actor_id":"eff2a1fd-210c-4b44-9a6f-81af6534c3c8","actor_username":"quentin+1@jayd.ai","actor_via_sso":false,"log_type":"token"}', '2025-11-10 10:03:13.775314+00', ''),
	('00000000-0000-0000-0000-000000000000', '237b9a86-8bee-4e04-bbf1-297e5fa7d78a', '{"action":"token_revoked","actor_id":"eff2a1fd-210c-4b44-9a6f-81af6534c3c8","actor_username":"quentin+1@jayd.ai","actor_via_sso":false,"log_type":"token"}', '2025-11-10 10:03:13.788699+00', ''),
	('00000000-0000-0000-0000-000000000000', 'f04006e6-d85b-4575-8b3a-659646d04781', '{"action":"token_refreshed","actor_id":"eff2a1fd-210c-4b44-9a6f-81af6534c3c8","actor_username":"quentin+1@jayd.ai","actor_via_sso":false,"log_type":"token"}', '2025-11-10 11:10:25.012826+00', ''),
	('00000000-0000-0000-0000-000000000000', 'e6d50b65-2098-4dcb-ae7e-3e60db3ab075', '{"action":"token_revoked","actor_id":"eff2a1fd-210c-4b44-9a6f-81af6534c3c8","actor_username":"quentin+1@jayd.ai","actor_via_sso":false,"log_type":"token"}', '2025-11-10 11:10:25.024571+00', ''),
	('00000000-0000-0000-0000-000000000000', '8d41a564-5582-45e0-b842-cc0cdb1c4746', '{"action":"user_repeated_signup","actor_id":"478b7491-ff6c-490b-982c-a4dc866dcefc","actor_username":"vincent@jayd.ai","actor_via_sso":false,"log_type":"user","traits":{"provider":"email"}}', '2025-11-10 11:32:08.095158+00', ''),
	('00000000-0000-0000-0000-000000000000', 'a77cfb54-ccb4-45ad-862a-685d1da4d794', '{"action":"login","actor_id":"478b7491-ff6c-490b-982c-a4dc866dcefc","actor_username":"vincent@jayd.ai","actor_via_sso":false,"log_type":"account","traits":{"provider":"email"}}', '2025-11-10 11:32:57.666347+00', ''),
	('00000000-0000-0000-0000-000000000000', 'cf61f62f-cd4d-4151-8c41-04be2e0d0b1f', '{"action":"token_refreshed","actor_id":"eff2a1fd-210c-4b44-9a6f-81af6534c3c8","actor_username":"quentin+1@jayd.ai","actor_via_sso":false,"log_type":"token"}', '2025-11-10 12:09:29.793929+00', ''),
	('00000000-0000-0000-0000-000000000000', 'eab310b5-d616-40e1-a10c-3510d821e28d', '{"action":"token_revoked","actor_id":"eff2a1fd-210c-4b44-9a6f-81af6534c3c8","actor_username":"quentin+1@jayd.ai","actor_via_sso":false,"log_type":"token"}', '2025-11-10 12:09:29.825201+00', ''),
	('00000000-0000-0000-0000-000000000000', '7586f8ca-2344-4f4b-9b6f-668380dc89ec', '{"action":"token_refreshed","actor_id":"478b7491-ff6c-490b-982c-a4dc866dcefc","actor_username":"vincent@jayd.ai","actor_via_sso":false,"log_type":"token"}', '2025-11-10 12:13:37.351706+00', ''),
	('00000000-0000-0000-0000-000000000000', 'ec5577a6-ee65-4180-a0b1-2479bfb9aada', '{"action":"token_revoked","actor_id":"478b7491-ff6c-490b-982c-a4dc866dcefc","actor_username":"vincent@jayd.ai","actor_via_sso":false,"log_type":"token"}', '2025-11-10 12:13:37.356004+00', ''),
	('00000000-0000-0000-0000-000000000000', '750bb96d-340f-4565-97ab-c9efa9c54636', '{"action":"token_refreshed","actor_id":"478b7491-ff6c-490b-982c-a4dc866dcefc","actor_username":"vincent@jayd.ai","actor_via_sso":false,"log_type":"token"}', '2025-11-10 12:13:37.470576+00', ''),
	('00000000-0000-0000-0000-000000000000', '1b4d819a-db74-4a38-8dab-ed16113ad757', '{"action":"token_refreshed","actor_id":"eff2a1fd-210c-4b44-9a6f-81af6534c3c8","actor_username":"quentin+1@jayd.ai","actor_via_sso":false,"log_type":"token"}', '2025-11-10 13:09:01.936534+00', ''),
	('00000000-0000-0000-0000-000000000000', '4f602864-e985-4be9-9ff0-5576c58190e1', '{"action":"token_revoked","actor_id":"eff2a1fd-210c-4b44-9a6f-81af6534c3c8","actor_username":"quentin+1@jayd.ai","actor_via_sso":false,"log_type":"token"}', '2025-11-10 13:09:01.942902+00', ''),
	('00000000-0000-0000-0000-000000000000', 'd2dcc30e-f09b-4e20-891b-2d7557e82bb4', '{"action":"user_repeated_signup","actor_id":"478b7491-ff6c-490b-982c-a4dc866dcefc","actor_username":"vincent@jayd.ai","actor_via_sso":false,"log_type":"user","traits":{"provider":"email"}}', '2025-11-10 13:09:21.874416+00', ''),
	('00000000-0000-0000-0000-000000000000', 'da39ee72-8e92-48b2-848f-8fb212450a41', '{"action":"login","actor_id":"eff2a1fd-210c-4b44-9a6f-81af6534c3c8","actor_username":"quentin+1@jayd.ai","actor_via_sso":false,"log_type":"account","traits":{"provider":"email"}}', '2025-11-19 10:39:48.697399+00', ''),
	('00000000-0000-0000-0000-000000000000', '2e8e6d5c-b457-4a29-9677-65177fa23e9d', '{"action":"login","actor_id":"eff2a1fd-210c-4b44-9a6f-81af6534c3c8","actor_username":"quentin+1@jayd.ai","actor_via_sso":false,"log_type":"account","traits":{"provider":"email"}}', '2025-11-19 10:39:55.145507+00', ''),
	('00000000-0000-0000-0000-000000000000', '32e3f4ca-9930-41d0-8b7c-001043cdee61', '{"action":"login","actor_id":"eff2a1fd-210c-4b44-9a6f-81af6534c3c8","actor_username":"quentin+1@jayd.ai","actor_via_sso":false,"log_type":"account","traits":{"provider":"email"}}', '2025-11-19 10:44:37.630303+00', ''),
	('00000000-0000-0000-0000-000000000000', 'bb38ecb2-6e87-4a34-a581-d00d6457b9a3', '{"action":"login","actor_id":"eff2a1fd-210c-4b44-9a6f-81af6534c3c8","actor_username":"quentin+1@jayd.ai","actor_via_sso":false,"log_type":"account","traits":{"provider":"email"}}', '2025-11-19 10:49:20.787715+00', ''),
	('00000000-0000-0000-0000-000000000000', 'c2019bda-6af0-4e93-a7fe-6c55a693dc5a', '{"action":"login","actor_id":"eff2a1fd-210c-4b44-9a6f-81af6534c3c8","actor_username":"quentin+1@jayd.ai","actor_via_sso":false,"log_type":"account","traits":{"provider":"email"}}', '2025-11-19 10:50:42.296994+00', ''),
	('00000000-0000-0000-0000-000000000000', '1d17b307-5076-4b87-b23d-64e173802907', '{"action":"login","actor_id":"eff2a1fd-210c-4b44-9a6f-81af6534c3c8","actor_username":"quentin+1@jayd.ai","actor_via_sso":false,"log_type":"account","traits":{"provider":"email"}}', '2025-11-19 10:51:26.066112+00', ''),
	('00000000-0000-0000-0000-000000000000', 'a5126ed8-6de1-4b5b-86ed-cc5b409d9a9d', '{"action":"login","actor_id":"eff2a1fd-210c-4b44-9a6f-81af6534c3c8","actor_username":"quentin+1@jayd.ai","actor_via_sso":false,"log_type":"account","traits":{"provider":"email"}}', '2025-11-19 10:54:03.276802+00', ''),
	('00000000-0000-0000-0000-000000000000', 'b343edfc-e460-47f9-a683-5cd82054ba64', '{"action":"login","actor_id":"eff2a1fd-210c-4b44-9a6f-81af6534c3c8","actor_username":"quentin+1@jayd.ai","actor_via_sso":false,"log_type":"account","traits":{"provider":"email"}}', '2025-11-19 10:55:27.288486+00', ''),
	('00000000-0000-0000-0000-000000000000', '6a96fd32-a13b-4860-850e-74053b60cd4e', '{"action":"login","actor_id":"eff2a1fd-210c-4b44-9a6f-81af6534c3c8","actor_username":"quentin+1@jayd.ai","actor_via_sso":false,"log_type":"account","traits":{"provider":"email"}}', '2025-11-19 11:00:00.338711+00', ''),
	('00000000-0000-0000-0000-000000000000', '473f538f-43f1-4481-9112-04e381f85088', '{"action":"login","actor_id":"eff2a1fd-210c-4b44-9a6f-81af6534c3c8","actor_username":"quentin+1@jayd.ai","actor_via_sso":false,"log_type":"account","traits":{"provider":"email"}}', '2025-11-19 11:03:03.853429+00', ''),
	('00000000-0000-0000-0000-000000000000', 'd87e9eb8-3e94-4122-9516-bfbdaa2fbee1', '{"action":"login","actor_id":"eff2a1fd-210c-4b44-9a6f-81af6534c3c8","actor_username":"quentin+1@jayd.ai","actor_via_sso":false,"log_type":"account","traits":{"provider":"email"}}', '2025-11-19 11:05:23.813073+00', ''),
	('00000000-0000-0000-0000-000000000000', 'bc3ec80c-9816-4788-9d30-db54b0c972c7', '{"action":"login","actor_id":"eff2a1fd-210c-4b44-9a6f-81af6534c3c8","actor_username":"quentin+1@jayd.ai","actor_via_sso":false,"log_type":"account","traits":{"provider":"email"}}', '2025-11-19 11:06:30.076793+00', ''),
	('00000000-0000-0000-0000-000000000000', '4450f5db-ce94-45b4-afaa-fee0c8e08208', '{"action":"login","actor_id":"eff2a1fd-210c-4b44-9a6f-81af6534c3c8","actor_username":"quentin+1@jayd.ai","actor_via_sso":false,"log_type":"account","traits":{"provider":"email"}}', '2025-11-19 11:11:07.879491+00', ''),
	('00000000-0000-0000-0000-000000000000', '8ad97b49-6b96-4ae8-b0d1-05cea78d731e', '{"action":"login","actor_id":"eff2a1fd-210c-4b44-9a6f-81af6534c3c8","actor_username":"quentin+1@jayd.ai","actor_via_sso":false,"log_type":"account","traits":{"provider":"email"}}', '2025-11-19 11:19:43.880831+00', ''),
	('00000000-0000-0000-0000-000000000000', '4a058008-ff5a-47cb-a74e-ca6b49983f7a', '{"action":"login","actor_id":"eff2a1fd-210c-4b44-9a6f-81af6534c3c8","actor_username":"quentin+1@jayd.ai","actor_via_sso":false,"log_type":"account","traits":{"provider":"email"}}', '2025-11-19 11:24:50.878557+00', ''),
	('00000000-0000-0000-0000-000000000000', 'e112ef5e-43ea-4c77-90e7-23c6af347012', '{"action":"login","actor_id":"eff2a1fd-210c-4b44-9a6f-81af6534c3c8","actor_username":"quentin+1@jayd.ai","actor_via_sso":false,"log_type":"account","traits":{"provider":"email"}}', '2025-11-19 11:47:51.352234+00', ''),
	('00000000-0000-0000-0000-000000000000', '82356e71-116c-44c6-bc4c-4a4661b361a3', '{"action":"login","actor_id":"eff2a1fd-210c-4b44-9a6f-81af6534c3c8","actor_username":"quentin+1@jayd.ai","actor_via_sso":false,"log_type":"account","traits":{"provider":"email"}}', '2025-11-19 11:51:34.96971+00', ''),
	('00000000-0000-0000-0000-000000000000', '5eed8283-cb28-497c-8020-905e2403d2e6', '{"action":"login","actor_id":"eff2a1fd-210c-4b44-9a6f-81af6534c3c8","actor_username":"quentin+1@jayd.ai","actor_via_sso":false,"log_type":"account","traits":{"provider":"email"}}', '2025-11-19 11:54:43.231092+00', ''),
	('00000000-0000-0000-0000-000000000000', 'bb655d47-a5f2-4ad1-ac9f-4792eb3fad22', '{"action":"login","actor_id":"eff2a1fd-210c-4b44-9a6f-81af6534c3c8","actor_username":"quentin+1@jayd.ai","actor_via_sso":false,"log_type":"account","traits":{"provider":"email"}}', '2025-11-19 11:57:05.213421+00', ''),
	('00000000-0000-0000-0000-000000000000', '7b1f600d-e5f3-46d0-99ce-8515f695a6bb', '{"action":"login","actor_id":"eff2a1fd-210c-4b44-9a6f-81af6534c3c8","actor_username":"quentin+1@jayd.ai","actor_via_sso":false,"log_type":"account","traits":{"provider":"email"}}', '2025-11-19 11:58:24.480118+00', ''),
	('00000000-0000-0000-0000-000000000000', '8a8d0a41-f242-45c0-83cc-1c5aebeaeb49', '{"action":"login","actor_id":"eff2a1fd-210c-4b44-9a6f-81af6534c3c8","actor_username":"quentin+1@jayd.ai","actor_via_sso":false,"log_type":"account","traits":{"provider":"email"}}', '2025-11-19 11:58:33.042927+00', ''),
	('00000000-0000-0000-0000-000000000000', '8fe2c376-5c5a-4175-ab42-f3fe5bce18da', '{"action":"login","actor_id":"eff2a1fd-210c-4b44-9a6f-81af6534c3c8","actor_username":"quentin+1@jayd.ai","actor_via_sso":false,"log_type":"account","traits":{"provider":"email"}}', '2025-11-19 12:16:48.454065+00', ''),
	('00000000-0000-0000-0000-000000000000', 'b3c3b9ff-e5c2-4b9d-a1d8-289120dd3306', '{"action":"login","actor_id":"eff2a1fd-210c-4b44-9a6f-81af6534c3c8","actor_username":"quentin+1@jayd.ai","actor_via_sso":false,"log_type":"account","traits":{"provider":"email"}}', '2025-11-19 12:27:27.893837+00', ''),
	('00000000-0000-0000-0000-000000000000', 'b7678963-06be-4e40-9aa4-19ef1a14b99b', '{"action":"login","actor_id":"eff2a1fd-210c-4b44-9a6f-81af6534c3c8","actor_username":"quentin+1@jayd.ai","actor_via_sso":false,"log_type":"account","traits":{"provider":"email"}}', '2025-11-19 17:22:17.990699+00', ''),
	('00000000-0000-0000-0000-000000000000', '2430f8f1-c445-4f37-bef4-edab25d56e46', '{"action":"login","actor_id":"eff2a1fd-210c-4b44-9a6f-81af6534c3c8","actor_username":"quentin+1@jayd.ai","actor_via_sso":false,"log_type":"account","traits":{"provider":"email"}}', '2025-11-19 17:23:33.690982+00', ''),
	('00000000-0000-0000-0000-000000000000', 'ec246d2c-a3ea-49bc-8f09-270e9ab9f90b', '{"action":"login","actor_id":"eff2a1fd-210c-4b44-9a6f-81af6534c3c8","actor_username":"quentin+1@jayd.ai","actor_via_sso":false,"log_type":"account","traits":{"provider":"email"}}', '2025-11-19 17:24:57.61211+00', ''),
	('00000000-0000-0000-0000-000000000000', '9aea8c2d-2dcb-40b3-8c9d-6122e301247c', '{"action":"login","actor_id":"eff2a1fd-210c-4b44-9a6f-81af6534c3c8","actor_username":"quentin+1@jayd.ai","actor_via_sso":false,"log_type":"account","traits":{"provider":"email"}}', '2025-11-19 17:26:26.854052+00', ''),
	('00000000-0000-0000-0000-000000000000', '10bafd51-8db0-4afe-ae2b-e1b67860a33f', '{"action":"login","actor_id":"eff2a1fd-210c-4b44-9a6f-81af6534c3c8","actor_username":"quentin+1@jayd.ai","actor_via_sso":false,"log_type":"account","traits":{"provider":"email"}}', '2025-11-19 17:30:16.834386+00', ''),
	('00000000-0000-0000-0000-000000000000', '85de3529-ffac-4ab3-8a22-27caa0028369', '{"action":"login","actor_id":"eff2a1fd-210c-4b44-9a6f-81af6534c3c8","actor_username":"quentin+1@jayd.ai","actor_via_sso":false,"log_type":"account","traits":{"provider":"email"}}', '2025-11-19 17:32:13.620487+00', ''),
	('00000000-0000-0000-0000-000000000000', '9552bd14-8220-46b7-af52-465804bc4744', '{"action":"login","actor_id":"eff2a1fd-210c-4b44-9a6f-81af6534c3c8","actor_username":"quentin+1@jayd.ai","actor_via_sso":false,"log_type":"account","traits":{"provider":"email"}}', '2025-11-19 17:33:10.320078+00', ''),
	('00000000-0000-0000-0000-000000000000', '3bf57ec3-685d-4fff-a656-3d6bb55a715c', '{"action":"login","actor_id":"eff2a1fd-210c-4b44-9a6f-81af6534c3c8","actor_username":"quentin+1@jayd.ai","actor_via_sso":false,"log_type":"account","traits":{"provider":"email"}}', '2025-11-19 17:34:41.329809+00', ''),
	('00000000-0000-0000-0000-000000000000', '6a02044e-da74-4a06-a3b0-fb0796a0b772', '{"action":"login","actor_id":"eff2a1fd-210c-4b44-9a6f-81af6534c3c8","actor_username":"quentin+1@jayd.ai","actor_via_sso":false,"log_type":"account","traits":{"provider":"email"}}', '2025-11-19 17:34:50.248852+00', ''),
	('00000000-0000-0000-0000-000000000000', 'c4620d90-6334-4e57-8178-acd6d91a9b2a', '{"action":"login","actor_id":"eff2a1fd-210c-4b44-9a6f-81af6534c3c8","actor_username":"quentin+1@jayd.ai","actor_via_sso":false,"log_type":"account","traits":{"provider":"email"}}', '2025-11-20 09:23:18.662224+00', ''),
	('00000000-0000-0000-0000-000000000000', '8e36e2a5-0518-4a57-abe0-e6b7cd55955f', '{"action":"login","actor_id":"eff2a1fd-210c-4b44-9a6f-81af6534c3c8","actor_username":"quentin+1@jayd.ai","actor_via_sso":false,"log_type":"account","traits":{"provider":"email"}}', '2025-11-20 09:50:51.019694+00', ''),
	('00000000-0000-0000-0000-000000000000', '16d3cf1a-8c9d-4e05-a74f-b760a3a3c79d', '{"action":"login","actor_id":"eff2a1fd-210c-4b44-9a6f-81af6534c3c8","actor_username":"quentin+1@jayd.ai","actor_via_sso":false,"log_type":"account","traits":{"provider":"email"}}', '2025-11-20 09:54:35.916227+00', ''),
	('00000000-0000-0000-0000-000000000000', 'c1da766b-4107-4732-bd17-3df2d17c049d', '{"action":"token_refreshed","actor_id":"eff2a1fd-210c-4b44-9a6f-81af6534c3c8","actor_username":"quentin+1@jayd.ai","actor_via_sso":false,"log_type":"token"}', '2025-11-20 10:54:24.898252+00', ''),
	('00000000-0000-0000-0000-000000000000', 'da3327a2-79b0-443a-a2c4-5039ff80e530', '{"action":"token_revoked","actor_id":"eff2a1fd-210c-4b44-9a6f-81af6534c3c8","actor_username":"quentin+1@jayd.ai","actor_via_sso":false,"log_type":"token"}', '2025-11-20 10:54:24.899008+00', ''),
	('00000000-0000-0000-0000-000000000000', '1a63a941-800a-472b-9ea6-1700c4a9035a', '{"action":"token_refreshed","actor_id":"eff2a1fd-210c-4b44-9a6f-81af6534c3c8","actor_username":"quentin+1@jayd.ai","actor_via_sso":false,"log_type":"token"}', '2025-11-20 10:54:24.911229+00', ''),
	('00000000-0000-0000-0000-000000000000', 'e9db0f60-cec8-4372-8540-526fdf56d3a3', '{"action":"token_revoked","actor_id":"eff2a1fd-210c-4b44-9a6f-81af6534c3c8","actor_username":"quentin+1@jayd.ai","actor_via_sso":false,"log_type":"token"}', '2025-11-20 10:54:24.911778+00', ''),
	('00000000-0000-0000-0000-000000000000', '021adcb3-2e91-49f2-8c4a-e1b1628534b6', '{"action":"login","actor_id":"eff2a1fd-210c-4b44-9a6f-81af6534c3c8","actor_username":"quentin+1@jayd.ai","actor_via_sso":false,"log_type":"account","traits":{"provider":"email"}}', '2025-11-20 16:03:25.678216+00', ''),
	('00000000-0000-0000-0000-000000000000', 'e54e6166-4072-468d-8d51-b5a9280900a1', '{"action":"login","actor_id":"eff2a1fd-210c-4b44-9a6f-81af6534c3c8","actor_username":"quentin+1@jayd.ai","actor_via_sso":false,"log_type":"account","traits":{"provider":"email"}}', '2025-11-21 02:33:35.93674+00', ''),
	('00000000-0000-0000-0000-000000000000', '8c06e2df-5d02-4e5f-bfcd-02980f995eaa', '{"action":"login","actor_id":"eff2a1fd-210c-4b44-9a6f-81af6534c3c8","actor_username":"quentin+1@jayd.ai","actor_via_sso":false,"log_type":"account","traits":{"provider":"email"}}', '2025-11-21 02:37:44.402854+00', ''),
	('00000000-0000-0000-0000-000000000000', 'ee98ef90-0f25-4285-be18-e0fe43944777', '{"action":"login","actor_id":"eff2a1fd-210c-4b44-9a6f-81af6534c3c8","actor_username":"quentin+1@jayd.ai","actor_via_sso":false,"log_type":"account","traits":{"provider":"email"}}', '2025-11-21 03:34:48.952136+00', ''),
	('00000000-0000-0000-0000-000000000000', 'ec592e04-9838-4e1a-bbe7-b3e47cfde69c', '{"action":"login","actor_id":"eff2a1fd-210c-4b44-9a6f-81af6534c3c8","actor_username":"quentin+1@jayd.ai","actor_via_sso":false,"log_type":"account","traits":{"provider":"email"}}', '2025-11-21 03:38:29.418334+00', ''),
	('00000000-0000-0000-0000-000000000000', '5b368ac5-883d-48b8-aef0-a9e61a7fce48', '{"action":"login","actor_id":"eff2a1fd-210c-4b44-9a6f-81af6534c3c8","actor_username":"quentin+1@jayd.ai","actor_via_sso":false,"log_type":"account","traits":{"provider":"email"}}', '2025-11-21 03:39:25.395024+00', ''),
	('00000000-0000-0000-0000-000000000000', 'd430eda9-430b-4c0c-9103-ec93f17b4684', '{"action":"login","actor_id":"eff2a1fd-210c-4b44-9a6f-81af6534c3c8","actor_username":"quentin+1@jayd.ai","actor_via_sso":false,"log_type":"account","traits":{"provider":"email"}}', '2025-11-21 04:22:52.146493+00', ''),
	('00000000-0000-0000-0000-000000000000', '644b346f-05a2-4d51-9ae9-dabb47c7acb4', '{"action":"login","actor_id":"eff2a1fd-210c-4b44-9a6f-81af6534c3c8","actor_username":"quentin+1@jayd.ai","actor_via_sso":false,"log_type":"account","traits":{"provider":"email"}}', '2025-11-21 04:51:07.708885+00', ''),
	('00000000-0000-0000-0000-000000000000', '124b891b-8960-4312-bf7b-b2de10089182', '{"action":"token_refreshed","actor_id":"eff2a1fd-210c-4b44-9a6f-81af6534c3c8","actor_username":"quentin+1@jayd.ai","actor_via_sso":false,"log_type":"token"}', '2025-11-21 05:50:56.595476+00', ''),
	('00000000-0000-0000-0000-000000000000', 'fe8b2394-cdcf-4137-8e6d-fc00cff7507b', '{"action":"token_revoked","actor_id":"eff2a1fd-210c-4b44-9a6f-81af6534c3c8","actor_username":"quentin+1@jayd.ai","actor_via_sso":false,"log_type":"token"}', '2025-11-21 05:50:56.596348+00', ''),
	('00000000-0000-0000-0000-000000000000', 'b1a60a29-2602-4f97-884b-2c40cbb9c425', '{"action":"token_refreshed","actor_id":"eff2a1fd-210c-4b44-9a6f-81af6534c3c8","actor_username":"quentin+1@jayd.ai","actor_via_sso":false,"log_type":"token"}', '2025-11-21 05:50:56.607668+00', ''),
	('00000000-0000-0000-0000-000000000000', 'a9f94704-d7d3-4910-bc67-d06de6baa58f', '{"action":"token_revoked","actor_id":"eff2a1fd-210c-4b44-9a6f-81af6534c3c8","actor_username":"quentin+1@jayd.ai","actor_via_sso":false,"log_type":"token"}', '2025-11-21 05:50:56.608326+00', ''),
	('00000000-0000-0000-0000-000000000000', '65f854d7-a47b-4341-8df9-a6015eb7ea60', '{"action":"login","actor_id":"eff2a1fd-210c-4b44-9a6f-81af6534c3c8","actor_username":"quentin+1@jayd.ai","actor_via_sso":false,"log_type":"account","traits":{"provider":"email"}}', '2025-11-21 07:36:48.71052+00', ''),
	('00000000-0000-0000-0000-000000000000', 'c54bf7a9-2577-4073-a23f-96e8c1736e04', '{"action":"login","actor_id":"eff2a1fd-210c-4b44-9a6f-81af6534c3c8","actor_username":"quentin+1@jayd.ai","actor_via_sso":false,"log_type":"account","traits":{"provider":"email"}}', '2025-11-21 08:38:58.076088+00', ''),
	('00000000-0000-0000-0000-000000000000', '3c7acd66-f8db-4e7b-947f-f8ad93f21d8a', '{"action":"token_refreshed","actor_id":"eff2a1fd-210c-4b44-9a6f-81af6534c3c8","actor_username":"quentin+1@jayd.ai","actor_via_sso":false,"log_type":"token"}', '2025-11-21 09:40:04.066179+00', ''),
	('00000000-0000-0000-0000-000000000000', '1197bb28-3452-4dab-a8b3-1846582ed1f8', '{"action":"token_revoked","actor_id":"eff2a1fd-210c-4b44-9a6f-81af6534c3c8","actor_username":"quentin+1@jayd.ai","actor_via_sso":false,"log_type":"token"}', '2025-11-21 09:40:04.067096+00', ''),
	('00000000-0000-0000-0000-000000000000', '191bd86f-a6bb-41aa-b956-7d041f5bacbf', '{"action":"token_refreshed","actor_id":"eff2a1fd-210c-4b44-9a6f-81af6534c3c8","actor_username":"quentin+1@jayd.ai","actor_via_sso":false,"log_type":"token"}', '2025-11-21 09:40:04.078563+00', ''),
	('00000000-0000-0000-0000-000000000000', '23ba0ea3-5e45-42ab-ab48-2f80e2551e7b', '{"action":"login","actor_id":"eff2a1fd-210c-4b44-9a6f-81af6534c3c8","actor_username":"quentin+1@jayd.ai","actor_via_sso":false,"log_type":"account","traits":{"provider":"email"}}', '2025-11-21 09:40:08.122929+00', ''),
	('00000000-0000-0000-0000-000000000000', 'f4233fda-ba80-466d-a930-c698ca15c179', '{"action":"login","actor_id":"eff2a1fd-210c-4b44-9a6f-81af6534c3c8","actor_username":"quentin+1@jayd.ai","actor_via_sso":false,"log_type":"account","traits":{"provider":"email"}}', '2025-11-21 09:40:49.558884+00', ''),
	('00000000-0000-0000-0000-000000000000', '0772a579-ca42-4233-883b-2f0e23dddf6f', '{"action":"login","actor_id":"eff2a1fd-210c-4b44-9a6f-81af6534c3c8","actor_username":"quentin+1@jayd.ai","actor_via_sso":false,"log_type":"account","traits":{"provider":"email"}}', '2025-11-21 10:36:03.004236+00', ''),
	('00000000-0000-0000-0000-000000000000', 'eb6c0b48-55d9-4531-b101-eadd00f34f3d', '{"action":"token_refreshed","actor_id":"eff2a1fd-210c-4b44-9a6f-81af6534c3c8","actor_username":"quentin+1@jayd.ai","actor_via_sso":false,"log_type":"token"}', '2025-11-21 10:42:21.272822+00', ''),
	('00000000-0000-0000-0000-000000000000', 'ed254484-d4f2-43c7-ae91-bcd4d2f73f63', '{"action":"token_revoked","actor_id":"eff2a1fd-210c-4b44-9a6f-81af6534c3c8","actor_username":"quentin+1@jayd.ai","actor_via_sso":false,"log_type":"token"}', '2025-11-21 10:42:21.273858+00', ''),
	('00000000-0000-0000-0000-000000000000', '89028ba7-6179-4c02-880c-e281c0f8694a', '{"action":"token_refreshed","actor_id":"eff2a1fd-210c-4b44-9a6f-81af6534c3c8","actor_username":"quentin+1@jayd.ai","actor_via_sso":false,"log_type":"token"}', '2025-11-21 10:42:21.706047+00', ''),
	('00000000-0000-0000-0000-000000000000', '53c2e068-dc24-4cbe-9ae9-6d07166151c6', '{"action":"token_refreshed","actor_id":"eff2a1fd-210c-4b44-9a6f-81af6534c3c8","actor_username":"quentin+1@jayd.ai","actor_via_sso":false,"log_type":"token"}', '2025-11-21 13:14:17.78402+00', ''),
	('00000000-0000-0000-0000-000000000000', 'b7d8006a-1352-414e-b48f-502c05a725da', '{"action":"token_revoked","actor_id":"eff2a1fd-210c-4b44-9a6f-81af6534c3c8","actor_username":"quentin+1@jayd.ai","actor_via_sso":false,"log_type":"token"}', '2025-11-21 13:14:17.785433+00', ''),
	('00000000-0000-0000-0000-000000000000', '8aa6fea8-34ce-487f-bd46-3c3315a6be40', '{"action":"token_refreshed","actor_id":"eff2a1fd-210c-4b44-9a6f-81af6534c3c8","actor_username":"quentin+1@jayd.ai","actor_via_sso":false,"log_type":"token"}', '2025-11-21 13:14:17.794061+00', ''),
	('00000000-0000-0000-0000-000000000000', '520fbcd0-531b-4950-93e4-c9baf131a379', '{"action":"token_revoked","actor_id":"eff2a1fd-210c-4b44-9a6f-81af6534c3c8","actor_username":"quentin+1@jayd.ai","actor_via_sso":false,"log_type":"token"}', '2025-11-21 13:14:17.794664+00', ''),
	('00000000-0000-0000-0000-000000000000', '091b5215-525e-4c7e-a222-64944f58f4db', '{"action":"login","actor_id":"eff2a1fd-210c-4b44-9a6f-81af6534c3c8","actor_username":"quentin+1@jayd.ai","actor_via_sso":false,"log_type":"account","traits":{"provider":"email"}}', '2025-11-21 13:24:49.856671+00', ''),
	('00000000-0000-0000-0000-000000000000', '88d9e6ec-0fb0-4c76-9de7-738e2a7b92b2', '{"action":"login","actor_id":"eff2a1fd-210c-4b44-9a6f-81af6534c3c8","actor_username":"quentin+1@jayd.ai","actor_via_sso":false,"log_type":"account","traits":{"provider":"email"}}', '2025-11-21 16:56:16.075441+00', ''),
	('00000000-0000-0000-0000-000000000000', '7fe37eee-6e66-488e-bada-e481a4dea8c6', '{"action":"login","actor_id":"eff2a1fd-210c-4b44-9a6f-81af6534c3c8","actor_username":"quentin+1@jayd.ai","actor_via_sso":false,"log_type":"account","traits":{"provider":"email"}}', '2025-11-22 04:23:38.13248+00', ''),
	('00000000-0000-0000-0000-000000000000', '65f040bb-5ab9-4638-af4f-c7342ebfab7f', '{"action":"token_refreshed","actor_id":"eff2a1fd-210c-4b44-9a6f-81af6534c3c8","actor_username":"quentin+1@jayd.ai","actor_via_sso":false,"log_type":"token"}', '2025-11-22 05:25:58.901094+00', ''),
	('00000000-0000-0000-0000-000000000000', '825d6d17-658f-4c67-8965-a8341670ea02', '{"action":"token_revoked","actor_id":"eff2a1fd-210c-4b44-9a6f-81af6534c3c8","actor_username":"quentin+1@jayd.ai","actor_via_sso":false,"log_type":"token"}', '2025-11-22 05:25:58.903132+00', ''),
	('00000000-0000-0000-0000-000000000000', '30eeca1c-fc15-4383-be1e-3298be1b06a1', '{"action":"token_refreshed","actor_id":"eff2a1fd-210c-4b44-9a6f-81af6534c3c8","actor_username":"quentin+1@jayd.ai","actor_via_sso":false,"log_type":"token"}', '2025-11-22 05:25:58.941932+00', ''),
	('00000000-0000-0000-0000-000000000000', '4355fd1c-a5d2-4381-9247-300036eef9b0', '{"action":"login","actor_id":"eff2a1fd-210c-4b44-9a6f-81af6534c3c8","actor_username":"quentin+1@jayd.ai","actor_via_sso":false,"log_type":"account","traits":{"provider":"email"}}', '2025-11-22 05:26:03.871349+00', ''),
	('00000000-0000-0000-0000-000000000000', '9c109673-f8c9-437d-b503-7526962705f1', '{"action":"login","actor_id":"eff2a1fd-210c-4b44-9a6f-81af6534c3c8","actor_username":"quentin+1@jayd.ai","actor_via_sso":false,"log_type":"account","traits":{"provider":"email"}}', '2025-11-22 06:30:08.553297+00', ''),
	('00000000-0000-0000-0000-000000000000', '604a40a2-abff-45fe-bba0-b0ae60e8e7c6', '{"action":"login","actor_id":"eff2a1fd-210c-4b44-9a6f-81af6534c3c8","actor_username":"quentin+1@jayd.ai","actor_via_sso":false,"log_type":"account","traits":{"provider":"email"}}', '2025-11-22 15:32:21.660603+00', ''),
	('00000000-0000-0000-0000-000000000000', '9ab24427-0698-47f4-969a-62bff3c3d900', '{"action":"login","actor_id":"eff2a1fd-210c-4b44-9a6f-81af6534c3c8","actor_username":"quentin+1@jayd.ai","actor_via_sso":false,"log_type":"account","traits":{"provider":"email"}}', '2025-11-23 02:40:24.108225+00', ''),
	('00000000-0000-0000-0000-000000000000', 'cbaf5da2-6d84-4666-b793-1ccb5b098ab2', '{"action":"login","actor_id":"eff2a1fd-210c-4b44-9a6f-81af6534c3c8","actor_username":"quentin+1@jayd.ai","actor_via_sso":false,"log_type":"account","traits":{"provider":"email"}}', '2025-11-23 04:15:14.667192+00', ''),
	('00000000-0000-0000-0000-000000000000', '81241256-7401-4f09-a812-a9de397f2c2c', '{"action":"token_refreshed","actor_id":"eff2a1fd-210c-4b44-9a6f-81af6534c3c8","actor_username":"quentin+1@jayd.ai","actor_via_sso":false,"log_type":"token"}', '2025-11-23 05:33:56.499315+00', ''),
	('00000000-0000-0000-0000-000000000000', 'c6d775f7-cc8f-40e6-9131-0abf6c9e134e', '{"action":"token_revoked","actor_id":"eff2a1fd-210c-4b44-9a6f-81af6534c3c8","actor_username":"quentin+1@jayd.ai","actor_via_sso":false,"log_type":"token"}', '2025-11-23 05:33:56.500433+00', ''),
	('00000000-0000-0000-0000-000000000000', 'a7da16e9-291e-4835-ad4f-b30385f4f184', '{"action":"login","actor_id":"eff2a1fd-210c-4b44-9a6f-81af6534c3c8","actor_username":"quentin+1@jayd.ai","actor_via_sso":false,"log_type":"account","traits":{"provider":"email"}}', '2025-11-23 05:35:03.419053+00', ''),
	('00000000-0000-0000-0000-000000000000', '03a57486-806a-40ad-beea-3e3208fbdb43', '{"action":"login","actor_id":"eff2a1fd-210c-4b44-9a6f-81af6534c3c8","actor_username":"quentin+1@jayd.ai","actor_via_sso":false,"log_type":"account","traits":{"provider":"email"}}', '2025-11-23 06:48:20.704293+00', ''),
	('00000000-0000-0000-0000-000000000000', '343b6407-1b23-492b-a6d2-7a220ce72b30', '{"action":"token_refreshed","actor_id":"eff2a1fd-210c-4b44-9a6f-81af6534c3c8","actor_username":"quentin+1@jayd.ai","actor_via_sso":false,"log_type":"token"}', '2025-11-23 07:49:59.558851+00', ''),
	('00000000-0000-0000-0000-000000000000', '300182b1-4ab7-432d-b5ae-d5b330a3e70b', '{"action":"token_revoked","actor_id":"eff2a1fd-210c-4b44-9a6f-81af6534c3c8","actor_username":"quentin+1@jayd.ai","actor_via_sso":false,"log_type":"token"}', '2025-11-23 07:49:59.55961+00', ''),
	('00000000-0000-0000-0000-000000000000', '0683bfa8-24dc-4713-8365-89e9741baa46', '{"action":"token_refreshed","actor_id":"eff2a1fd-210c-4b44-9a6f-81af6534c3c8","actor_username":"quentin+1@jayd.ai","actor_via_sso":false,"log_type":"token"}', '2025-11-23 07:50:03.901415+00', ''),
	('00000000-0000-0000-0000-000000000000', '690fe983-9fcc-4aba-a56c-c4d8dd528862', '{"action":"login","actor_id":"eff2a1fd-210c-4b44-9a6f-81af6534c3c8","actor_username":"quentin+1@jayd.ai","actor_via_sso":false,"log_type":"account","traits":{"provider":"email"}}', '2025-11-23 07:50:09.449845+00', ''),
	('00000000-0000-0000-0000-000000000000', 'bb5731da-dd53-4643-b390-bfdb5e7d2167', '{"action":"login","actor_id":"eff2a1fd-210c-4b44-9a6f-81af6534c3c8","actor_username":"quentin+1@jayd.ai","actor_via_sso":false,"log_type":"account","traits":{"provider":"email"}}', '2025-11-23 09:27:45.164787+00', ''),
	('00000000-0000-0000-0000-000000000000', 'f71c7352-bdbf-4218-a473-2f0141ce07b6', '{"action":"token_refreshed","actor_id":"eff2a1fd-210c-4b44-9a6f-81af6534c3c8","actor_username":"quentin+1@jayd.ai","actor_via_sso":false,"log_type":"token"}', '2025-11-23 10:28:50.593578+00', ''),
	('00000000-0000-0000-0000-000000000000', '6acf294c-ce16-4b71-8b18-38038ea6d559', '{"action":"token_revoked","actor_id":"eff2a1fd-210c-4b44-9a6f-81af6534c3c8","actor_username":"quentin+1@jayd.ai","actor_via_sso":false,"log_type":"token"}', '2025-11-23 10:28:50.595045+00', ''),
	('00000000-0000-0000-0000-000000000000', 'db83a4bf-f5f7-4bab-8a3f-658fd5d70b74', '{"action":"token_refreshed","actor_id":"eff2a1fd-210c-4b44-9a6f-81af6534c3c8","actor_username":"quentin+1@jayd.ai","actor_via_sso":false,"log_type":"token"}', '2025-11-23 10:28:50.944851+00', ''),
	('00000000-0000-0000-0000-000000000000', 'f1f36f0b-2c56-4a5f-aff0-c1f69b419b92', '{"action":"token_refreshed","actor_id":"eff2a1fd-210c-4b44-9a6f-81af6534c3c8","actor_username":"quentin+1@jayd.ai","actor_via_sso":false,"log_type":"token"}', '2025-11-23 10:28:50.949545+00', ''),
	('00000000-0000-0000-0000-000000000000', '03d73c40-ed76-4166-b785-80c9bf12cc26', '{"action":"token_refreshed","actor_id":"eff2a1fd-210c-4b44-9a6f-81af6534c3c8","actor_username":"quentin+1@jayd.ai","actor_via_sso":false,"log_type":"token"}', '2025-11-23 10:28:50.954368+00', ''),
	('00000000-0000-0000-0000-000000000000', '93ffb4b8-001d-40ac-88fa-c677e9499b73', '{"action":"token_refreshed","actor_id":"eff2a1fd-210c-4b44-9a6f-81af6534c3c8","actor_username":"quentin+1@jayd.ai","actor_via_sso":false,"log_type":"token"}', '2025-11-23 10:28:50.95844+00', ''),
	('00000000-0000-0000-0000-000000000000', 'b9d32b16-5bc4-45eb-9835-fb7496c4574a', '{"action":"token_refreshed","actor_id":"eff2a1fd-210c-4b44-9a6f-81af6534c3c8","actor_username":"quentin+1@jayd.ai","actor_via_sso":false,"log_type":"token"}', '2025-11-23 10:28:50.963268+00', ''),
	('00000000-0000-0000-0000-000000000000', '4ab3e4d8-442f-4ca5-a836-c788e580d5be', '{"action":"token_refreshed","actor_id":"eff2a1fd-210c-4b44-9a6f-81af6534c3c8","actor_username":"quentin+1@jayd.ai","actor_via_sso":false,"log_type":"token"}', '2025-11-23 10:28:50.970158+00', ''),
	('00000000-0000-0000-0000-000000000000', '312c8eb2-8db6-426f-b1a4-560a92f187de', '{"action":"token_refreshed","actor_id":"eff2a1fd-210c-4b44-9a6f-81af6534c3c8","actor_username":"quentin+1@jayd.ai","actor_via_sso":false,"log_type":"token"}', '2025-11-23 10:28:50.976281+00', ''),
	('00000000-0000-0000-0000-000000000000', '58b4392b-dd3d-4607-9ae0-b283cebfeb1a', '{"action":"token_refreshed","actor_id":"eff2a1fd-210c-4b44-9a6f-81af6534c3c8","actor_username":"quentin+1@jayd.ai","actor_via_sso":false,"log_type":"token"}', '2025-11-23 10:28:50.984635+00', ''),
	('00000000-0000-0000-0000-000000000000', 'a28d2d9b-2eb0-44f3-8ad3-e70906df496b', '{"action":"token_refreshed","actor_id":"eff2a1fd-210c-4b44-9a6f-81af6534c3c8","actor_username":"quentin+1@jayd.ai","actor_via_sso":false,"log_type":"token"}', '2025-11-23 10:28:50.989572+00', ''),
	('00000000-0000-0000-0000-000000000000', 'dbf787cc-81d2-41dc-bc80-2fd399962f8f', '{"action":"token_refreshed","actor_id":"eff2a1fd-210c-4b44-9a6f-81af6534c3c8","actor_username":"quentin+1@jayd.ai","actor_via_sso":false,"log_type":"token"}', '2025-11-23 10:28:50.993444+00', ''),
	('00000000-0000-0000-0000-000000000000', '6ef4e695-e0db-4281-b2f9-07929b25e216', '{"action":"token_refreshed","actor_id":"eff2a1fd-210c-4b44-9a6f-81af6534c3c8","actor_username":"quentin+1@jayd.ai","actor_via_sso":false,"log_type":"token"}', '2025-11-23 10:28:50.997302+00', ''),
	('00000000-0000-0000-0000-000000000000', '067e57c0-734e-4cf2-8e04-7e18280bf016', '{"action":"login","actor_id":"eff2a1fd-210c-4b44-9a6f-81af6534c3c8","actor_username":"quentin+1@jayd.ai","actor_via_sso":false,"log_type":"account","traits":{"provider":"email"}}', '2025-11-23 10:28:56.492212+00', ''),
	('00000000-0000-0000-0000-000000000000', '7b85fcea-8a08-40fb-9c3a-20760cef6af3', '{"action":"login","actor_id":"eff2a1fd-210c-4b44-9a6f-81af6534c3c8","actor_username":"quentin+1@jayd.ai","actor_via_sso":false,"log_type":"account","traits":{"provider":"email"}}', '2025-11-23 11:30:05.673222+00', ''),
	('00000000-0000-0000-0000-000000000000', '8094883f-416b-40ec-9de2-369bc424bc1b', '{"action":"token_refreshed","actor_id":"eff2a1fd-210c-4b44-9a6f-81af6534c3c8","actor_username":"quentin+1@jayd.ai","actor_via_sso":false,"log_type":"token"}', '2025-11-23 12:37:57.865551+00', ''),
	('00000000-0000-0000-0000-000000000000', '8d0c3d1a-38f8-4479-9b5f-2e710d36f961', '{"action":"token_revoked","actor_id":"eff2a1fd-210c-4b44-9a6f-81af6534c3c8","actor_username":"quentin+1@jayd.ai","actor_via_sso":false,"log_type":"token"}', '2025-11-23 12:37:57.866654+00', ''),
	('00000000-0000-0000-0000-000000000000', 'd1852f91-f5b0-430d-a095-8ad33e77aebf', '{"action":"token_refreshed","actor_id":"eff2a1fd-210c-4b44-9a6f-81af6534c3c8","actor_username":"quentin+1@jayd.ai","actor_via_sso":false,"log_type":"token"}', '2025-11-23 12:37:57.885185+00', ''),
	('00000000-0000-0000-0000-000000000000', '1024deba-19a5-4ea6-8fc7-5240c83421b3', '{"action":"token_refreshed","actor_id":"eff2a1fd-210c-4b44-9a6f-81af6534c3c8","actor_username":"quentin+1@jayd.ai","actor_via_sso":false,"log_type":"token"}', '2025-11-23 12:37:57.892472+00', ''),
	('00000000-0000-0000-0000-000000000000', 'e7a94f0e-2ada-4e35-bdcf-6153b45a5586', '{"action":"login","actor_id":"eff2a1fd-210c-4b44-9a6f-81af6534c3c8","actor_username":"quentin+1@jayd.ai","actor_via_sso":false,"log_type":"account","traits":{"provider":"email"}}', '2025-11-23 12:38:01.926081+00', ''),
	('00000000-0000-0000-0000-000000000000', '5286a8ef-ee55-46a6-ae64-e0bee53fe776', '{"action":"login","actor_id":"eff2a1fd-210c-4b44-9a6f-81af6534c3c8","actor_username":"quentin+1@jayd.ai","actor_via_sso":false,"log_type":"account","traits":{"provider":"email"}}', '2025-11-23 12:59:38.087684+00', ''),
	('00000000-0000-0000-0000-000000000000', '97c96802-654f-443c-87a4-31a5e0b54839', '{"action":"login","actor_id":"eff2a1fd-210c-4b44-9a6f-81af6534c3c8","actor_username":"quentin+1@jayd.ai","actor_via_sso":false,"log_type":"account","traits":{"provider":"email"}}', '2025-11-23 13:00:41.342407+00', ''),
	('00000000-0000-0000-0000-000000000000', '7cf791ab-81d7-4b93-aa08-b23ad9a68d89', '{"action":"token_refreshed","actor_id":"eff2a1fd-210c-4b44-9a6f-81af6534c3c8","actor_username":"quentin+1@jayd.ai","actor_via_sso":false,"log_type":"token"}', '2025-11-23 14:06:35.300016+00', ''),
	('00000000-0000-0000-0000-000000000000', 'ba63bcfc-148a-4db2-835f-28fece338928', '{"action":"token_revoked","actor_id":"eff2a1fd-210c-4b44-9a6f-81af6534c3c8","actor_username":"quentin+1@jayd.ai","actor_via_sso":false,"log_type":"token"}', '2025-11-23 14:06:35.30116+00', ''),
	('00000000-0000-0000-0000-000000000000', 'c7b18adc-87cb-48c6-b99a-22bc445fb1d7', '{"action":"token_refreshed","actor_id":"eff2a1fd-210c-4b44-9a6f-81af6534c3c8","actor_username":"quentin+1@jayd.ai","actor_via_sso":false,"log_type":"token"}', '2025-11-23 15:08:50.17452+00', ''),
	('00000000-0000-0000-0000-000000000000', '47d1dd29-63f7-4667-8ec1-891bed63834b', '{"action":"token_revoked","actor_id":"eff2a1fd-210c-4b44-9a6f-81af6534c3c8","actor_username":"quentin+1@jayd.ai","actor_via_sso":false,"log_type":"token"}', '2025-11-23 15:08:50.175663+00', ''),
	('00000000-0000-0000-0000-000000000000', '3bd1317f-b618-4bc4-a67d-7f37b26ee7b6', '{"action":"login","actor_id":"eff2a1fd-210c-4b44-9a6f-81af6534c3c8","actor_username":"quentin+1@jayd.ai","actor_via_sso":false,"log_type":"account","traits":{"provider":"email"}}', '2025-11-23 15:08:54.092972+00', ''),
	('00000000-0000-0000-0000-000000000000', '235b9e57-8d51-4563-8ca9-7482ac7267a5', '{"action":"login","actor_id":"eff2a1fd-210c-4b44-9a6f-81af6534c3c8","actor_username":"quentin+1@jayd.ai","actor_via_sso":false,"log_type":"account","traits":{"provider":"email"}}', '2025-11-24 17:34:05.85236+00', ''),
	('00000000-0000-0000-0000-000000000000', 'abf678d9-a592-413d-b62f-d24b50f6d627', '{"action":"login","actor_id":"eff2a1fd-210c-4b44-9a6f-81af6534c3c8","actor_username":"quentin+1@jayd.ai","actor_via_sso":false,"log_type":"account","traits":{"provider":"email"}}', '2025-11-24 17:49:51.420717+00', ''),
	('00000000-0000-0000-0000-000000000000', 'df96048e-87fc-4f0d-98cb-71e77c5021cd', '{"action":"token_refreshed","actor_id":"eff2a1fd-210c-4b44-9a6f-81af6534c3c8","actor_username":"quentin+1@jayd.ai","actor_via_sso":false,"log_type":"token"}', '2025-11-24 18:59:57.008471+00', ''),
	('00000000-0000-0000-0000-000000000000', '62bfc9ef-05d4-4f35-b8d7-a3169818c2ca', '{"action":"token_revoked","actor_id":"eff2a1fd-210c-4b44-9a6f-81af6534c3c8","actor_username":"quentin+1@jayd.ai","actor_via_sso":false,"log_type":"token"}', '2025-11-24 18:59:57.008965+00', ''),
	('00000000-0000-0000-0000-000000000000', '9bd879ca-50fd-48d5-830b-a9371df990ab', '{"action":"token_refreshed","actor_id":"eff2a1fd-210c-4b44-9a6f-81af6534c3c8","actor_username":"quentin+1@jayd.ai","actor_via_sso":false,"log_type":"token"}', '2025-11-24 18:59:57.211986+00', ''),
	('00000000-0000-0000-0000-000000000000', '913ee736-b69f-4f0a-bf7d-d41859ffe7a7', '{"action":"token_refreshed","actor_id":"eff2a1fd-210c-4b44-9a6f-81af6534c3c8","actor_username":"quentin+1@jayd.ai","actor_via_sso":false,"log_type":"token"}', '2025-11-24 18:59:57.272578+00', ''),
	('00000000-0000-0000-0000-000000000000', 'b7317ab8-d151-4fe5-9521-eec4eb434201', '{"action":"token_refreshed","actor_id":"eff2a1fd-210c-4b44-9a6f-81af6534c3c8","actor_username":"quentin+1@jayd.ai","actor_via_sso":false,"log_type":"token"}', '2025-11-24 18:59:57.305642+00', ''),
	('00000000-0000-0000-0000-000000000000', '04c5ecb9-f143-4b1d-a961-79e3d51f1a5a', '{"action":"token_refreshed","actor_id":"eff2a1fd-210c-4b44-9a6f-81af6534c3c8","actor_username":"quentin+1@jayd.ai","actor_via_sso":false,"log_type":"token"}', '2025-11-24 18:59:57.409998+00', ''),
	('00000000-0000-0000-0000-000000000000', 'b956a506-814e-4cc4-97c9-85dc0c4ca33b', '{"action":"token_refreshed","actor_id":"eff2a1fd-210c-4b44-9a6f-81af6534c3c8","actor_username":"quentin+1@jayd.ai","actor_via_sso":false,"log_type":"token"}', '2025-11-24 18:59:57.67898+00', ''),
	('00000000-0000-0000-0000-000000000000', '453ca131-6793-402c-89f3-3cbcb77fdb36', '{"action":"token_refreshed","actor_id":"eff2a1fd-210c-4b44-9a6f-81af6534c3c8","actor_username":"quentin+1@jayd.ai","actor_via_sso":false,"log_type":"token"}', '2025-11-24 18:59:57.715533+00', ''),
	('00000000-0000-0000-0000-000000000000', 'f5ca0680-b195-4ac8-a92e-c3d2ce9df326', '{"action":"token_refreshed","actor_id":"eff2a1fd-210c-4b44-9a6f-81af6534c3c8","actor_username":"quentin+1@jayd.ai","actor_via_sso":false,"log_type":"token"}', '2025-11-24 18:59:57.745417+00', ''),
	('00000000-0000-0000-0000-000000000000', '5cd67bcf-b6e0-4b24-9998-26f1a94f828e', '{"action":"token_refreshed","actor_id":"eff2a1fd-210c-4b44-9a6f-81af6534c3c8","actor_username":"quentin+1@jayd.ai","actor_via_sso":false,"log_type":"token"}', '2025-11-24 18:59:57.77815+00', ''),
	('00000000-0000-0000-0000-000000000000', 'ca22d157-53c3-4e2b-a069-d8306b582689', '{"action":"token_refreshed","actor_id":"eff2a1fd-210c-4b44-9a6f-81af6534c3c8","actor_username":"quentin+1@jayd.ai","actor_via_sso":false,"log_type":"token"}', '2025-11-24 18:59:57.81014+00', ''),
	('00000000-0000-0000-0000-000000000000', '1cea33e9-ed3a-45ab-97fb-2d5f09a6c4d4', '{"action":"token_refreshed","actor_id":"eff2a1fd-210c-4b44-9a6f-81af6534c3c8","actor_username":"quentin+1@jayd.ai","actor_via_sso":false,"log_type":"token"}', '2025-11-24 18:59:57.856297+00', ''),
	('00000000-0000-0000-0000-000000000000', '08643c98-b9a6-46c1-8297-1b8ed17295ae', '{"action":"token_refreshed","actor_id":"eff2a1fd-210c-4b44-9a6f-81af6534c3c8","actor_username":"quentin+1@jayd.ai","actor_via_sso":false,"log_type":"token"}', '2025-11-24 18:59:57.88796+00', ''),
	('00000000-0000-0000-0000-000000000000', '0df045b5-e53c-43a7-af86-61d39972aaac', '{"action":"token_refreshed","actor_id":"eff2a1fd-210c-4b44-9a6f-81af6534c3c8","actor_username":"quentin+1@jayd.ai","actor_via_sso":false,"log_type":"token"}', '2025-11-24 18:59:57.916449+00', ''),
	('00000000-0000-0000-0000-000000000000', '027d5684-ef90-4d2e-a53c-d476c1799a9f', '{"action":"token_refreshed","actor_id":"eff2a1fd-210c-4b44-9a6f-81af6534c3c8","actor_username":"quentin+1@jayd.ai","actor_via_sso":false,"log_type":"token"}', '2025-11-24 18:59:57.944459+00', ''),
	('00000000-0000-0000-0000-000000000000', '9fa4509d-e11b-4481-9866-85afa0830205', '{"action":"token_refreshed","actor_id":"eff2a1fd-210c-4b44-9a6f-81af6534c3c8","actor_username":"quentin+1@jayd.ai","actor_via_sso":false,"log_type":"token"}', '2025-11-24 18:59:57.969077+00', ''),
	('00000000-0000-0000-0000-000000000000', 'bf9c2942-529d-4bf8-9b3a-3521ee5bddf2', '{"action":"token_refreshed","actor_id":"eff2a1fd-210c-4b44-9a6f-81af6534c3c8","actor_username":"quentin+1@jayd.ai","actor_via_sso":false,"log_type":"token"}', '2025-11-24 18:59:57.994557+00', ''),
	('00000000-0000-0000-0000-000000000000', '00bcd8ee-0a47-4064-9753-654639ceb17c', '{"action":"token_refreshed","actor_id":"eff2a1fd-210c-4b44-9a6f-81af6534c3c8","actor_username":"quentin+1@jayd.ai","actor_via_sso":false,"log_type":"token"}', '2025-11-24 18:59:58.019179+00', ''),
	('00000000-0000-0000-0000-000000000000', '90a2bc96-ae0a-4f32-81aa-09fe8933b531', '{"action":"token_refreshed","actor_id":"eff2a1fd-210c-4b44-9a6f-81af6534c3c8","actor_username":"quentin+1@jayd.ai","actor_via_sso":false,"log_type":"token"}', '2025-11-24 18:59:58.043217+00', ''),
	('00000000-0000-0000-0000-000000000000', '5a407995-0e22-4a22-a4ba-8471408b45b1', '{"action":"token_refreshed","actor_id":"eff2a1fd-210c-4b44-9a6f-81af6534c3c8","actor_username":"quentin+1@jayd.ai","actor_via_sso":false,"log_type":"token"}', '2025-11-24 18:59:58.067274+00', ''),
	('00000000-0000-0000-0000-000000000000', '7cc69e2f-a01b-4a1a-ac5c-a461f172c9ae', '{"action":"token_refreshed","actor_id":"eff2a1fd-210c-4b44-9a6f-81af6534c3c8","actor_username":"quentin+1@jayd.ai","actor_via_sso":false,"log_type":"token"}', '2025-11-24 18:59:58.100194+00', ''),
	('00000000-0000-0000-0000-000000000000', '2b1080c3-57be-4138-99bb-e519323d3c46', '{"action":"token_refreshed","actor_id":"eff2a1fd-210c-4b44-9a6f-81af6534c3c8","actor_username":"quentin+1@jayd.ai","actor_via_sso":false,"log_type":"token"}', '2025-11-24 18:59:58.12898+00', ''),
	('00000000-0000-0000-0000-000000000000', '246269dc-0aa3-42a5-a814-d9dd6b87bc7c', '{"action":"token_refreshed","actor_id":"eff2a1fd-210c-4b44-9a6f-81af6534c3c8","actor_username":"quentin+1@jayd.ai","actor_via_sso":false,"log_type":"token"}', '2025-11-24 18:59:58.155064+00', ''),
	('00000000-0000-0000-0000-000000000000', '8a6ba6fd-0041-4d73-b7c5-e20aa4fb9fb1', '{"action":"token_refreshed","actor_id":"eff2a1fd-210c-4b44-9a6f-81af6534c3c8","actor_username":"quentin+1@jayd.ai","actor_via_sso":false,"log_type":"token"}', '2025-11-24 18:59:58.185955+00', ''),
	('00000000-0000-0000-0000-000000000000', 'd6c51c8f-8fdb-47d9-b001-14577a83fdc7', '{"action":"token_refreshed","actor_id":"eff2a1fd-210c-4b44-9a6f-81af6534c3c8","actor_username":"quentin+1@jayd.ai","actor_via_sso":false,"log_type":"token"}', '2025-11-24 18:59:58.215748+00', ''),
	('00000000-0000-0000-0000-000000000000', 'd5639a84-ed70-404b-968d-e6bfc4467e42', '{"action":"token_refreshed","actor_id":"eff2a1fd-210c-4b44-9a6f-81af6534c3c8","actor_username":"quentin+1@jayd.ai","actor_via_sso":false,"log_type":"token"}', '2025-11-24 18:59:58.243697+00', ''),
	('00000000-0000-0000-0000-000000000000', '16d7de84-99f2-4029-8fa8-39c0d479e301', '{"action":"token_refreshed","actor_id":"eff2a1fd-210c-4b44-9a6f-81af6534c3c8","actor_username":"quentin+1@jayd.ai","actor_via_sso":false,"log_type":"token"}', '2025-11-24 18:59:58.270783+00', ''),
	('00000000-0000-0000-0000-000000000000', '2c80ab53-798f-45b6-98a4-424f6a9f1cb3', '{"action":"token_refreshed","actor_id":"eff2a1fd-210c-4b44-9a6f-81af6534c3c8","actor_username":"quentin+1@jayd.ai","actor_via_sso":false,"log_type":"token"}', '2025-11-24 18:59:58.300893+00', ''),
	('00000000-0000-0000-0000-000000000000', '7e6c1e35-d327-415f-8649-75b315b73a9e', '{"action":"token_refreshed","actor_id":"eff2a1fd-210c-4b44-9a6f-81af6534c3c8","actor_username":"quentin+1@jayd.ai","actor_via_sso":false,"log_type":"token"}', '2025-11-24 18:59:58.331213+00', ''),
	('00000000-0000-0000-0000-000000000000', 'd1b1cba0-3972-4404-9aa2-ecb42d4ed515', '{"action":"token_refreshed","actor_id":"eff2a1fd-210c-4b44-9a6f-81af6534c3c8","actor_username":"quentin+1@jayd.ai","actor_via_sso":false,"log_type":"token"}', '2025-11-24 18:59:58.358521+00', ''),
	('00000000-0000-0000-0000-000000000000', '85793fcf-e09b-4d24-8647-97de6803bf40', '{"action":"token_refreshed","actor_id":"eff2a1fd-210c-4b44-9a6f-81af6534c3c8","actor_username":"quentin+1@jayd.ai","actor_via_sso":false,"log_type":"token"}', '2025-11-24 18:59:58.387248+00', ''),
	('00000000-0000-0000-0000-000000000000', 'f1351e73-d3ef-44ae-a49d-94a7cfb6d54e', '{"action":"token_refreshed","actor_id":"eff2a1fd-210c-4b44-9a6f-81af6534c3c8","actor_username":"quentin+1@jayd.ai","actor_via_sso":false,"log_type":"token"}', '2025-11-24 18:59:58.413029+00', ''),
	('00000000-0000-0000-0000-000000000000', 'b5e2c31e-40bd-4f1c-a177-61b2d1a0ef22', '{"action":"token_refreshed","actor_id":"eff2a1fd-210c-4b44-9a6f-81af6534c3c8","actor_username":"quentin+1@jayd.ai","actor_via_sso":false,"log_type":"token"}', '2025-11-24 18:59:58.439298+00', ''),
	('00000000-0000-0000-0000-000000000000', '3b645458-72d1-4788-956e-5b6a2aaec68f', '{"action":"token_refreshed","actor_id":"eff2a1fd-210c-4b44-9a6f-81af6534c3c8","actor_username":"quentin+1@jayd.ai","actor_via_sso":false,"log_type":"token"}', '2025-11-24 18:59:58.468321+00', ''),
	('00000000-0000-0000-0000-000000000000', 'fe651fda-bcbc-4028-a559-a1acc363eb41', '{"action":"token_refreshed","actor_id":"eff2a1fd-210c-4b44-9a6f-81af6534c3c8","actor_username":"quentin+1@jayd.ai","actor_via_sso":false,"log_type":"token"}', '2025-11-24 18:59:58.495212+00', ''),
	('00000000-0000-0000-0000-000000000000', '572bc9e5-80ef-47bd-95bc-67bc4c8daa35', '{"action":"token_refreshed","actor_id":"eff2a1fd-210c-4b44-9a6f-81af6534c3c8","actor_username":"quentin+1@jayd.ai","actor_via_sso":false,"log_type":"token"}', '2025-11-24 18:59:58.52061+00', ''),
	('00000000-0000-0000-0000-000000000000', '41a45765-7558-46be-8bcd-07460a80f575', '{"action":"token_refreshed","actor_id":"eff2a1fd-210c-4b44-9a6f-81af6534c3c8","actor_username":"quentin+1@jayd.ai","actor_via_sso":false,"log_type":"token"}', '2025-11-24 18:59:58.548563+00', ''),
	('00000000-0000-0000-0000-000000000000', '7f08afb0-f8d0-4599-bf81-42b6ac3e1ca8', '{"action":"token_refreshed","actor_id":"eff2a1fd-210c-4b44-9a6f-81af6534c3c8","actor_username":"quentin+1@jayd.ai","actor_via_sso":false,"log_type":"token"}', '2025-11-24 18:59:58.575071+00', ''),
	('00000000-0000-0000-0000-000000000000', '49675b52-ec8d-45d5-9484-f7c8fc240203', '{"action":"token_refreshed","actor_id":"eff2a1fd-210c-4b44-9a6f-81af6534c3c8","actor_username":"quentin+1@jayd.ai","actor_via_sso":false,"log_type":"token"}', '2025-11-24 18:59:58.601289+00', ''),
	('00000000-0000-0000-0000-000000000000', '40faa913-d4dd-4358-b50b-776357846565', '{"action":"token_refreshed","actor_id":"eff2a1fd-210c-4b44-9a6f-81af6534c3c8","actor_username":"quentin+1@jayd.ai","actor_via_sso":false,"log_type":"token"}', '2025-11-24 19:00:00.889642+00', ''),
	('00000000-0000-0000-0000-000000000000', '08c7171a-8bf5-48c4-ac81-02e1d63fe467', '{"action":"token_refreshed","actor_id":"eff2a1fd-210c-4b44-9a6f-81af6534c3c8","actor_username":"quentin+1@jayd.ai","actor_via_sso":false,"log_type":"token"}', '2025-11-24 19:00:00.974689+00', ''),
	('00000000-0000-0000-0000-000000000000', 'f2dc1def-f889-4f39-8f68-f3c015871ba2', '{"action":"token_refreshed","actor_id":"eff2a1fd-210c-4b44-9a6f-81af6534c3c8","actor_username":"quentin+1@jayd.ai","actor_via_sso":false,"log_type":"token"}', '2025-11-24 19:00:01.005996+00', ''),
	('00000000-0000-0000-0000-000000000000', 'facedb3c-6804-4598-8368-80f66235dfdf', '{"action":"token_refreshed","actor_id":"eff2a1fd-210c-4b44-9a6f-81af6534c3c8","actor_username":"quentin+1@jayd.ai","actor_via_sso":false,"log_type":"token"}', '2025-11-24 19:00:01.035321+00', ''),
	('00000000-0000-0000-0000-000000000000', '1fc2fd79-62db-41e5-bd1d-080b5bb124c2', '{"action":"token_refreshed","actor_id":"eff2a1fd-210c-4b44-9a6f-81af6534c3c8","actor_username":"quentin+1@jayd.ai","actor_via_sso":false,"log_type":"token"}', '2025-11-24 19:00:01.060103+00', ''),
	('00000000-0000-0000-0000-000000000000', '0e1093f1-2bda-4919-ac90-0ce5d8b0784e', '{"action":"token_refreshed","actor_id":"eff2a1fd-210c-4b44-9a6f-81af6534c3c8","actor_username":"quentin+1@jayd.ai","actor_via_sso":false,"log_type":"token"}', '2025-11-24 19:00:01.088545+00', ''),
	('00000000-0000-0000-0000-000000000000', '6955ce4b-8877-4b96-a834-5d7db4646ae4', '{"action":"token_refreshed","actor_id":"eff2a1fd-210c-4b44-9a6f-81af6534c3c8","actor_username":"quentin+1@jayd.ai","actor_via_sso":false,"log_type":"token"}', '2025-11-24 19:00:01.123486+00', ''),
	('00000000-0000-0000-0000-000000000000', '871f6aa3-1c47-482b-a741-3643d3ff66fd', '{"action":"token_refreshed","actor_id":"eff2a1fd-210c-4b44-9a6f-81af6534c3c8","actor_username":"quentin+1@jayd.ai","actor_via_sso":false,"log_type":"token"}', '2025-11-24 19:00:01.164279+00', ''),
	('00000000-0000-0000-0000-000000000000', 'f4a9f294-8c9c-4ec0-88fd-d53473f8c0df', '{"action":"token_refreshed","actor_id":"eff2a1fd-210c-4b44-9a6f-81af6534c3c8","actor_username":"quentin+1@jayd.ai","actor_via_sso":false,"log_type":"token"}', '2025-11-24 19:00:01.200256+00', ''),
	('00000000-0000-0000-0000-000000000000', '47d7c7ad-5d96-4f8c-b06b-f97061b7c049', '{"action":"token_refreshed","actor_id":"eff2a1fd-210c-4b44-9a6f-81af6534c3c8","actor_username":"quentin+1@jayd.ai","actor_via_sso":false,"log_type":"token"}', '2025-11-24 19:00:01.23678+00', ''),
	('00000000-0000-0000-0000-000000000000', 'b605cbb9-c9d7-4cba-8ffa-d2f9cbce30da', '{"action":"token_refreshed","actor_id":"eff2a1fd-210c-4b44-9a6f-81af6534c3c8","actor_username":"quentin+1@jayd.ai","actor_via_sso":false,"log_type":"token"}', '2025-11-24 19:00:01.271183+00', ''),
	('00000000-0000-0000-0000-000000000000', '6d0109da-cbcd-4d27-956a-faf0a92a2d7d', '{"action":"token_refreshed","actor_id":"eff2a1fd-210c-4b44-9a6f-81af6534c3c8","actor_username":"quentin+1@jayd.ai","actor_via_sso":false,"log_type":"token"}', '2025-11-24 19:00:01.306342+00', ''),
	('00000000-0000-0000-0000-000000000000', '9e5414d8-b912-43a3-8f2f-4b6d802924d2', '{"action":"token_refreshed","actor_id":"eff2a1fd-210c-4b44-9a6f-81af6534c3c8","actor_username":"quentin+1@jayd.ai","actor_via_sso":false,"log_type":"token"}', '2025-11-24 19:00:01.339841+00', ''),
	('00000000-0000-0000-0000-000000000000', 'b7f6412c-a979-43ef-8f6e-7dc5bd57d9d7', '{"action":"token_refreshed","actor_id":"eff2a1fd-210c-4b44-9a6f-81af6534c3c8","actor_username":"quentin+1@jayd.ai","actor_via_sso":false,"log_type":"token"}', '2025-11-24 19:00:01.37322+00', ''),
	('00000000-0000-0000-0000-000000000000', '6375e775-1d76-4a3e-82ef-00c891497712', '{"action":"token_refreshed","actor_id":"eff2a1fd-210c-4b44-9a6f-81af6534c3c8","actor_username":"quentin+1@jayd.ai","actor_via_sso":false,"log_type":"token"}', '2025-11-24 19:00:01.40412+00', ''),
	('00000000-0000-0000-0000-000000000000', '4a482455-da13-4e35-81df-c78f6e7f09ed', '{"action":"token_refreshed","actor_id":"eff2a1fd-210c-4b44-9a6f-81af6534c3c8","actor_username":"quentin+1@jayd.ai","actor_via_sso":false,"log_type":"token"}', '2025-11-24 19:00:01.476454+00', ''),
	('00000000-0000-0000-0000-000000000000', '60be7af3-49cf-44b0-87ac-38a1f60e1db0', '{"action":"token_refreshed","actor_id":"eff2a1fd-210c-4b44-9a6f-81af6534c3c8","actor_username":"quentin+1@jayd.ai","actor_via_sso":false,"log_type":"token"}', '2025-11-24 19:00:01.504036+00', ''),
	('00000000-0000-0000-0000-000000000000', 'f70bcaff-147f-4d38-808e-1738a07f4e52', '{"action":"token_refreshed","actor_id":"eff2a1fd-210c-4b44-9a6f-81af6534c3c8","actor_username":"quentin+1@jayd.ai","actor_via_sso":false,"log_type":"token"}', '2025-11-24 19:00:01.535976+00', ''),
	('00000000-0000-0000-0000-000000000000', '6f45b2b0-e6a4-40da-9cc3-2f17d651edca', '{"action":"token_refreshed","actor_id":"eff2a1fd-210c-4b44-9a6f-81af6534c3c8","actor_username":"quentin+1@jayd.ai","actor_via_sso":false,"log_type":"token"}', '2025-11-24 19:00:01.566438+00', ''),
	('00000000-0000-0000-0000-000000000000', 'd098958e-8450-45b2-b2f3-ad906275eff1', '{"action":"token_refreshed","actor_id":"eff2a1fd-210c-4b44-9a6f-81af6534c3c8","actor_username":"quentin+1@jayd.ai","actor_via_sso":false,"log_type":"token"}', '2025-11-24 19:00:01.596957+00', ''),
	('00000000-0000-0000-0000-000000000000', '490b3f8f-d60c-4dc4-a121-5ae2ff5f3df4', '{"action":"token_refreshed","actor_id":"eff2a1fd-210c-4b44-9a6f-81af6534c3c8","actor_username":"quentin+1@jayd.ai","actor_via_sso":false,"log_type":"token"}', '2025-11-24 19:00:01.629082+00', ''),
	('00000000-0000-0000-0000-000000000000', '2d5174bf-0cce-49fb-8a09-e9f79bd2a703', '{"action":"token_refreshed","actor_id":"eff2a1fd-210c-4b44-9a6f-81af6534c3c8","actor_username":"quentin+1@jayd.ai","actor_via_sso":false,"log_type":"token"}', '2025-11-24 19:00:01.66201+00', ''),
	('00000000-0000-0000-0000-000000000000', 'f8a381a5-1a6c-4bc3-b322-2c71018d29fc', '{"action":"token_refreshed","actor_id":"eff2a1fd-210c-4b44-9a6f-81af6534c3c8","actor_username":"quentin+1@jayd.ai","actor_via_sso":false,"log_type":"token"}', '2025-11-24 19:00:01.691902+00', ''),
	('00000000-0000-0000-0000-000000000000', '6d6bc051-2d45-487d-989e-7d6006dc1ef4', '{"action":"token_refreshed","actor_id":"eff2a1fd-210c-4b44-9a6f-81af6534c3c8","actor_username":"quentin+1@jayd.ai","actor_via_sso":false,"log_type":"token"}', '2025-11-24 19:00:01.724322+00', ''),
	('00000000-0000-0000-0000-000000000000', '9c8f842a-a89e-409c-92dc-b6ae62943fb6', '{"action":"token_refreshed","actor_id":"eff2a1fd-210c-4b44-9a6f-81af6534c3c8","actor_username":"quentin+1@jayd.ai","actor_via_sso":false,"log_type":"token"}', '2025-11-24 19:00:01.751345+00', ''),
	('00000000-0000-0000-0000-000000000000', 'effe7704-6e20-41c9-88f4-6ad0128dcea6', '{"action":"token_refreshed","actor_id":"eff2a1fd-210c-4b44-9a6f-81af6534c3c8","actor_username":"quentin+1@jayd.ai","actor_via_sso":false,"log_type":"token"}', '2025-11-24 19:00:01.77842+00', ''),
	('00000000-0000-0000-0000-000000000000', 'ae7691bc-a159-4f49-aa24-bf8d4312761b', '{"action":"token_refreshed","actor_id":"eff2a1fd-210c-4b44-9a6f-81af6534c3c8","actor_username":"quentin+1@jayd.ai","actor_via_sso":false,"log_type":"token"}', '2025-11-24 19:00:01.808183+00', ''),
	('00000000-0000-0000-0000-000000000000', 'e1e05333-397d-478f-96b3-4ced5ec4e25b', '{"action":"token_refreshed","actor_id":"eff2a1fd-210c-4b44-9a6f-81af6534c3c8","actor_username":"quentin+1@jayd.ai","actor_via_sso":false,"log_type":"token"}', '2025-11-24 19:00:01.83702+00', ''),
	('00000000-0000-0000-0000-000000000000', '64347ad6-2472-48e3-a43d-324bc9ffd733', '{"action":"token_refreshed","actor_id":"eff2a1fd-210c-4b44-9a6f-81af6534c3c8","actor_username":"quentin+1@jayd.ai","actor_via_sso":false,"log_type":"token"}', '2025-11-24 19:00:01.866349+00', ''),
	('00000000-0000-0000-0000-000000000000', 'd15a2532-7832-4968-9efa-873bf909f2eb', '{"action":"token_refreshed","actor_id":"eff2a1fd-210c-4b44-9a6f-81af6534c3c8","actor_username":"quentin+1@jayd.ai","actor_via_sso":false,"log_type":"token"}', '2025-11-24 19:00:01.89636+00', ''),
	('00000000-0000-0000-0000-000000000000', '717b3876-1694-41ee-b84c-06d07f0d324a', '{"action":"token_refreshed","actor_id":"eff2a1fd-210c-4b44-9a6f-81af6534c3c8","actor_username":"quentin+1@jayd.ai","actor_via_sso":false,"log_type":"token"}', '2025-11-24 19:00:01.923809+00', ''),
	('00000000-0000-0000-0000-000000000000', '6649c7bc-3677-4328-8559-621ed929fdeb', '{"action":"token_refreshed","actor_id":"eff2a1fd-210c-4b44-9a6f-81af6534c3c8","actor_username":"quentin+1@jayd.ai","actor_via_sso":false,"log_type":"token"}', '2025-11-24 19:00:01.949984+00', ''),
	('00000000-0000-0000-0000-000000000000', '06e2053d-899c-4d5d-8217-bc16aada05ca', '{"action":"token_refreshed","actor_id":"eff2a1fd-210c-4b44-9a6f-81af6534c3c8","actor_username":"quentin+1@jayd.ai","actor_via_sso":false,"log_type":"token"}', '2025-11-24 19:00:01.97971+00', ''),
	('00000000-0000-0000-0000-000000000000', 'f096d979-4343-42c9-9075-2233c4d86e3a', '{"action":"token_refreshed","actor_id":"eff2a1fd-210c-4b44-9a6f-81af6534c3c8","actor_username":"quentin+1@jayd.ai","actor_via_sso":false,"log_type":"token"}', '2025-11-24 19:00:02.010392+00', ''),
	('00000000-0000-0000-0000-000000000000', '82cb14a2-103d-4556-9cdf-1008922e5e55', '{"action":"token_refreshed","actor_id":"eff2a1fd-210c-4b44-9a6f-81af6534c3c8","actor_username":"quentin+1@jayd.ai","actor_via_sso":false,"log_type":"token"}', '2025-11-24 19:00:02.038354+00', ''),
	('00000000-0000-0000-0000-000000000000', '7d36f48e-76a1-416c-97d0-d97c39c322f2', '{"action":"token_refreshed","actor_id":"eff2a1fd-210c-4b44-9a6f-81af6534c3c8","actor_username":"quentin+1@jayd.ai","actor_via_sso":false,"log_type":"token"}', '2025-11-24 19:00:02.069927+00', ''),
	('00000000-0000-0000-0000-000000000000', 'f98403c8-dbc5-4945-90b6-e591e5a96c48', '{"action":"token_refreshed","actor_id":"eff2a1fd-210c-4b44-9a6f-81af6534c3c8","actor_username":"quentin+1@jayd.ai","actor_via_sso":false,"log_type":"token"}', '2025-11-24 19:00:02.097826+00', ''),
	('00000000-0000-0000-0000-000000000000', '310faedd-e0a0-4876-a6dd-d0d07d0944f9', '{"action":"token_refreshed","actor_id":"eff2a1fd-210c-4b44-9a6f-81af6534c3c8","actor_username":"quentin+1@jayd.ai","actor_via_sso":false,"log_type":"token"}', '2025-11-24 19:00:02.127492+00', ''),
	('00000000-0000-0000-0000-000000000000', '72d65b32-e7a3-4665-bb2b-80088a44cf09', '{"action":"token_refreshed","actor_id":"eff2a1fd-210c-4b44-9a6f-81af6534c3c8","actor_username":"quentin+1@jayd.ai","actor_via_sso":false,"log_type":"token"}', '2025-11-24 19:00:02.159572+00', ''),
	('00000000-0000-0000-0000-000000000000', 'dbf743d3-dea1-4729-9f57-d45b6b69f44c', '{"action":"token_refreshed","actor_id":"eff2a1fd-210c-4b44-9a6f-81af6534c3c8","actor_username":"quentin+1@jayd.ai","actor_via_sso":false,"log_type":"token"}', '2025-11-24 19:00:02.701032+00', ''),
	('00000000-0000-0000-0000-000000000000', '75fd57b5-be53-4b9f-909c-a3bcebec8436', '{"action":"token_refreshed","actor_id":"eff2a1fd-210c-4b44-9a6f-81af6534c3c8","actor_username":"quentin+1@jayd.ai","actor_via_sso":false,"log_type":"token"}', '2025-11-24 19:00:02.737372+00', ''),
	('00000000-0000-0000-0000-000000000000', '37a6ad41-7c02-49ab-9ba4-d90d0fd52aea', '{"action":"token_refreshed","actor_id":"eff2a1fd-210c-4b44-9a6f-81af6534c3c8","actor_username":"quentin+1@jayd.ai","actor_via_sso":false,"log_type":"token"}', '2025-11-24 19:00:02.76896+00', ''),
	('00000000-0000-0000-0000-000000000000', '2ef014e4-6919-4f31-9228-cbf0ee684bfb', '{"action":"token_refreshed","actor_id":"eff2a1fd-210c-4b44-9a6f-81af6534c3c8","actor_username":"quentin+1@jayd.ai","actor_via_sso":false,"log_type":"token"}', '2025-11-24 19:00:02.798085+00', ''),
	('00000000-0000-0000-0000-000000000000', '92e62021-9b1a-4088-84a2-01f8cef94b34', '{"action":"token_refreshed","actor_id":"eff2a1fd-210c-4b44-9a6f-81af6534c3c8","actor_username":"quentin+1@jayd.ai","actor_via_sso":false,"log_type":"token"}', '2025-11-24 19:00:02.828873+00', ''),
	('00000000-0000-0000-0000-000000000000', '90db7ca1-5ca6-42e7-8de7-1fb7ad83d3b1', '{"action":"token_refreshed","actor_id":"eff2a1fd-210c-4b44-9a6f-81af6534c3c8","actor_username":"quentin+1@jayd.ai","actor_via_sso":false,"log_type":"token"}', '2025-11-24 19:00:02.859645+00', ''),
	('00000000-0000-0000-0000-000000000000', 'fd3e1e2a-9eee-4516-b465-d1afa60df18c', '{"action":"token_refreshed","actor_id":"eff2a1fd-210c-4b44-9a6f-81af6534c3c8","actor_username":"quentin+1@jayd.ai","actor_via_sso":false,"log_type":"token"}', '2025-11-24 19:00:02.889907+00', ''),
	('00000000-0000-0000-0000-000000000000', 'f1a28337-12af-423c-a7e7-e79a2a4213b6', '{"action":"token_refreshed","actor_id":"eff2a1fd-210c-4b44-9a6f-81af6534c3c8","actor_username":"quentin+1@jayd.ai","actor_via_sso":false,"log_type":"token"}', '2025-11-24 19:00:02.922289+00', ''),
	('00000000-0000-0000-0000-000000000000', '7aecf65b-57af-4c5e-9e80-3a778fabe71e', '{"action":"token_refreshed","actor_id":"eff2a1fd-210c-4b44-9a6f-81af6534c3c8","actor_username":"quentin+1@jayd.ai","actor_via_sso":false,"log_type":"token"}', '2025-11-24 19:00:02.950455+00', ''),
	('00000000-0000-0000-0000-000000000000', '3b6cdd06-c43b-4e31-8b3f-88ee6dbf0d53', '{"action":"token_refreshed","actor_id":"eff2a1fd-210c-4b44-9a6f-81af6534c3c8","actor_username":"quentin+1@jayd.ai","actor_via_sso":false,"log_type":"token"}', '2025-11-24 19:00:02.976743+00', ''),
	('00000000-0000-0000-0000-000000000000', '3d3635dc-7ca1-440c-966e-1f1f9977c1a5', '{"action":"token_refreshed","actor_id":"eff2a1fd-210c-4b44-9a6f-81af6534c3c8","actor_username":"quentin+1@jayd.ai","actor_via_sso":false,"log_type":"token"}', '2025-11-24 19:00:03.003869+00', ''),
	('00000000-0000-0000-0000-000000000000', 'a8755ac7-655f-4331-b7a8-fab6d33bcbdc', '{"action":"token_refreshed","actor_id":"eff2a1fd-210c-4b44-9a6f-81af6534c3c8","actor_username":"quentin+1@jayd.ai","actor_via_sso":false,"log_type":"token"}', '2025-11-24 19:00:03.032548+00', ''),
	('00000000-0000-0000-0000-000000000000', 'afb98852-da35-4b87-ad66-af603e8da9ad', '{"action":"token_refreshed","actor_id":"eff2a1fd-210c-4b44-9a6f-81af6534c3c8","actor_username":"quentin+1@jayd.ai","actor_via_sso":false,"log_type":"token"}', '2025-11-24 19:00:03.057522+00', ''),
	('00000000-0000-0000-0000-000000000000', 'd7be0dc6-1b17-49f8-90b6-e929f78412f8', '{"action":"token_refreshed","actor_id":"eff2a1fd-210c-4b44-9a6f-81af6534c3c8","actor_username":"quentin+1@jayd.ai","actor_via_sso":false,"log_type":"token"}', '2025-11-24 19:00:03.083964+00', ''),
	('00000000-0000-0000-0000-000000000000', '78764bf6-c6cd-4545-bb92-11b1c515da32', '{"action":"token_refreshed","actor_id":"eff2a1fd-210c-4b44-9a6f-81af6534c3c8","actor_username":"quentin+1@jayd.ai","actor_via_sso":false,"log_type":"token"}', '2025-11-24 19:00:03.111702+00', ''),
	('00000000-0000-0000-0000-000000000000', '903b47d3-72b8-4724-b31d-297f67a18a60', '{"action":"token_refreshed","actor_id":"eff2a1fd-210c-4b44-9a6f-81af6534c3c8","actor_username":"quentin+1@jayd.ai","actor_via_sso":false,"log_type":"token"}', '2025-11-24 19:00:03.140729+00', ''),
	('00000000-0000-0000-0000-000000000000', '11b3c73f-e48c-4a9b-8ada-a0192ff2bcd7', '{"action":"token_refreshed","actor_id":"eff2a1fd-210c-4b44-9a6f-81af6534c3c8","actor_username":"quentin+1@jayd.ai","actor_via_sso":false,"log_type":"token"}', '2025-11-24 19:00:03.169093+00', ''),
	('00000000-0000-0000-0000-000000000000', 'a70c476e-02be-4081-ba9f-fec41d3cfae7', '{"action":"token_refreshed","actor_id":"eff2a1fd-210c-4b44-9a6f-81af6534c3c8","actor_username":"quentin+1@jayd.ai","actor_via_sso":false,"log_type":"token"}', '2025-11-24 19:00:03.200267+00', ''),
	('00000000-0000-0000-0000-000000000000', '855f8d2e-6239-47dd-bc2c-90e91eff1839', '{"action":"token_refreshed","actor_id":"eff2a1fd-210c-4b44-9a6f-81af6534c3c8","actor_username":"quentin+1@jayd.ai","actor_via_sso":false,"log_type":"token"}', '2025-11-24 19:00:03.230452+00', ''),
	('00000000-0000-0000-0000-000000000000', '6b7266f0-824e-4813-a1b2-b7068772fe3c', '{"action":"token_refreshed","actor_id":"eff2a1fd-210c-4b44-9a6f-81af6534c3c8","actor_username":"quentin+1@jayd.ai","actor_via_sso":false,"log_type":"token"}', '2025-11-24 19:00:03.258009+00', ''),
	('00000000-0000-0000-0000-000000000000', '26c9019d-9905-4564-9a3c-8f6bd61d9909', '{"action":"token_refreshed","actor_id":"eff2a1fd-210c-4b44-9a6f-81af6534c3c8","actor_username":"quentin+1@jayd.ai","actor_via_sso":false,"log_type":"token"}', '2025-11-24 19:00:03.289091+00', ''),
	('00000000-0000-0000-0000-000000000000', '2b451503-195d-4a1d-8d09-e7ebf6da62de', '{"action":"token_refreshed","actor_id":"eff2a1fd-210c-4b44-9a6f-81af6534c3c8","actor_username":"quentin+1@jayd.ai","actor_via_sso":false,"log_type":"token"}', '2025-11-24 19:00:03.317241+00', ''),
	('00000000-0000-0000-0000-000000000000', '7578300d-9ad7-4231-bf91-a7c626930ce1', '{"action":"token_refreshed","actor_id":"eff2a1fd-210c-4b44-9a6f-81af6534c3c8","actor_username":"quentin+1@jayd.ai","actor_via_sso":false,"log_type":"token"}', '2025-11-24 19:00:03.346302+00', ''),
	('00000000-0000-0000-0000-000000000000', '4e1e3e54-e2e9-42e4-9b66-c0badaf9a782', '{"action":"token_refreshed","actor_id":"eff2a1fd-210c-4b44-9a6f-81af6534c3c8","actor_username":"quentin+1@jayd.ai","actor_via_sso":false,"log_type":"token"}', '2025-11-24 19:00:03.375801+00', ''),
	('00000000-0000-0000-0000-000000000000', '2b833f94-5dfd-480c-9db4-7c431bcef2a3', '{"action":"token_refreshed","actor_id":"eff2a1fd-210c-4b44-9a6f-81af6534c3c8","actor_username":"quentin+1@jayd.ai","actor_via_sso":false,"log_type":"token"}', '2025-11-24 19:00:03.406541+00', ''),
	('00000000-0000-0000-0000-000000000000', '71058720-55d9-42df-bddc-60a19b8c7079', '{"action":"token_refreshed","actor_id":"eff2a1fd-210c-4b44-9a6f-81af6534c3c8","actor_username":"quentin+1@jayd.ai","actor_via_sso":false,"log_type":"token"}', '2025-11-24 19:00:04.860903+00', ''),
	('00000000-0000-0000-0000-000000000000', '31d3410f-e272-4013-a08d-5ebb7078f995', '{"action":"token_refreshed","actor_id":"eff2a1fd-210c-4b44-9a6f-81af6534c3c8","actor_username":"quentin+1@jayd.ai","actor_via_sso":false,"log_type":"token"}', '2025-11-24 19:00:04.890682+00', ''),
	('00000000-0000-0000-0000-000000000000', 'a50450d0-09fb-4d0a-8fd0-c4cf40427f2c', '{"action":"token_refreshed","actor_id":"eff2a1fd-210c-4b44-9a6f-81af6534c3c8","actor_username":"quentin+1@jayd.ai","actor_via_sso":false,"log_type":"token"}', '2025-11-24 19:00:04.920315+00', ''),
	('00000000-0000-0000-0000-000000000000', '9368c8fb-f2ac-49c1-a60e-d9dbf20244d2', '{"action":"token_refreshed","actor_id":"eff2a1fd-210c-4b44-9a6f-81af6534c3c8","actor_username":"quentin+1@jayd.ai","actor_via_sso":false,"log_type":"token"}', '2025-11-24 19:00:06.983502+00', ''),
	('00000000-0000-0000-0000-000000000000', '1d92412d-76f0-47e3-a756-4f5d55091da8', '{"action":"token_refreshed","actor_id":"eff2a1fd-210c-4b44-9a6f-81af6534c3c8","actor_username":"quentin+1@jayd.ai","actor_via_sso":false,"log_type":"token"}', '2025-11-24 19:00:07.01801+00', ''),
	('00000000-0000-0000-0000-000000000000', 'a4b768ea-9878-4c47-858c-6b5417614725', '{"action":"token_refreshed","actor_id":"eff2a1fd-210c-4b44-9a6f-81af6534c3c8","actor_username":"quentin+1@jayd.ai","actor_via_sso":false,"log_type":"token"}', '2025-11-24 19:00:07.047744+00', ''),
	('00000000-0000-0000-0000-000000000000', 'dc168ece-e984-47cd-8b53-bd7207485ca8', '{"action":"token_refreshed","actor_id":"eff2a1fd-210c-4b44-9a6f-81af6534c3c8","actor_username":"quentin+1@jayd.ai","actor_via_sso":false,"log_type":"token"}', '2025-11-24 19:00:07.077061+00', ''),
	('00000000-0000-0000-0000-000000000000', 'f7aaba07-9631-47be-a917-dc216d124acb', '{"action":"token_refreshed","actor_id":"eff2a1fd-210c-4b44-9a6f-81af6534c3c8","actor_username":"quentin+1@jayd.ai","actor_via_sso":false,"log_type":"token"}', '2025-11-24 19:00:07.109113+00', ''),
	('00000000-0000-0000-0000-000000000000', 'd3af6686-d22c-4cf0-b352-ae36f6f1e94f', '{"action":"token_refreshed","actor_id":"eff2a1fd-210c-4b44-9a6f-81af6534c3c8","actor_username":"quentin+1@jayd.ai","actor_via_sso":false,"log_type":"token"}', '2025-11-24 19:00:07.13755+00', ''),
	('00000000-0000-0000-0000-000000000000', '00ecbfbf-28c9-4790-a4dc-f13d9048eaa0', '{"action":"token_refreshed","actor_id":"eff2a1fd-210c-4b44-9a6f-81af6534c3c8","actor_username":"quentin+1@jayd.ai","actor_via_sso":false,"log_type":"token"}', '2025-11-24 19:00:07.168421+00', ''),
	('00000000-0000-0000-0000-000000000000', '34b208ef-1f2b-4054-90c8-b766b97df9ed', '{"action":"token_refreshed","actor_id":"eff2a1fd-210c-4b44-9a6f-81af6534c3c8","actor_username":"quentin+1@jayd.ai","actor_via_sso":false,"log_type":"token"}', '2025-11-24 19:00:07.198107+00', ''),
	('00000000-0000-0000-0000-000000000000', 'de5f1fdc-303c-4d53-9a66-bae7a34797b9', '{"action":"token_refreshed","actor_id":"eff2a1fd-210c-4b44-9a6f-81af6534c3c8","actor_username":"quentin+1@jayd.ai","actor_via_sso":false,"log_type":"token"}', '2025-11-24 19:00:07.226613+00', ''),
	('00000000-0000-0000-0000-000000000000', 'ff10fd21-9dab-4dbd-804e-7ccf0d7c5eba', '{"action":"token_refreshed","actor_id":"eff2a1fd-210c-4b44-9a6f-81af6534c3c8","actor_username":"quentin+1@jayd.ai","actor_via_sso":false,"log_type":"token"}', '2025-11-24 19:00:07.25756+00', ''),
	('00000000-0000-0000-0000-000000000000', '62e10343-66a2-49e2-940f-24491c30bc98', '{"action":"token_refreshed","actor_id":"eff2a1fd-210c-4b44-9a6f-81af6534c3c8","actor_username":"quentin+1@jayd.ai","actor_via_sso":false,"log_type":"token"}', '2025-11-24 19:00:07.291341+00', ''),
	('00000000-0000-0000-0000-000000000000', '8f9a5351-3df4-4d39-a851-57202fae1af9', '{"action":"token_refreshed","actor_id":"eff2a1fd-210c-4b44-9a6f-81af6534c3c8","actor_username":"quentin+1@jayd.ai","actor_via_sso":false,"log_type":"token"}', '2025-11-24 19:00:07.326017+00', ''),
	('00000000-0000-0000-0000-000000000000', 'e66beab8-f0aa-48a3-a3dd-0b46db979f4e', '{"action":"token_refreshed","actor_id":"eff2a1fd-210c-4b44-9a6f-81af6534c3c8","actor_username":"quentin+1@jayd.ai","actor_via_sso":false,"log_type":"token"}', '2025-11-24 19:00:07.357849+00', ''),
	('00000000-0000-0000-0000-000000000000', '804ad097-1de0-4f34-8ed2-9120f4b928cd', '{"action":"token_refreshed","actor_id":"eff2a1fd-210c-4b44-9a6f-81af6534c3c8","actor_username":"quentin+1@jayd.ai","actor_via_sso":false,"log_type":"token"}', '2025-11-24 19:00:07.390477+00', ''),
	('00000000-0000-0000-0000-000000000000', 'dfe45df2-bf0a-4e81-9122-9132b8c84a77', '{"action":"token_refreshed","actor_id":"eff2a1fd-210c-4b44-9a6f-81af6534c3c8","actor_username":"quentin+1@jayd.ai","actor_via_sso":false,"log_type":"token"}', '2025-11-24 19:00:08.669917+00', ''),
	('00000000-0000-0000-0000-000000000000', 'e7dc6c29-598f-449d-935f-f9e6197ea5d4', '{"action":"token_refreshed","actor_id":"eff2a1fd-210c-4b44-9a6f-81af6534c3c8","actor_username":"quentin+1@jayd.ai","actor_via_sso":false,"log_type":"token"}', '2025-11-24 19:00:09.00647+00', ''),
	('00000000-0000-0000-0000-000000000000', '593e0877-f13a-4026-926b-18fde8bdb827', '{"action":"token_refreshed","actor_id":"eff2a1fd-210c-4b44-9a6f-81af6534c3c8","actor_username":"quentin+1@jayd.ai","actor_via_sso":false,"log_type":"token"}', '2025-11-24 19:00:09.046123+00', ''),
	('00000000-0000-0000-0000-000000000000', 'f144a601-2e85-4259-9adb-ef54fa33a790', '{"action":"token_refreshed","actor_id":"eff2a1fd-210c-4b44-9a6f-81af6534c3c8","actor_username":"quentin+1@jayd.ai","actor_via_sso":false,"log_type":"token"}', '2025-11-24 19:00:09.076365+00', ''),
	('00000000-0000-0000-0000-000000000000', '6431bf62-121a-49d4-b9da-37e0345633ba', '{"action":"token_refreshed","actor_id":"eff2a1fd-210c-4b44-9a6f-81af6534c3c8","actor_username":"quentin+1@jayd.ai","actor_via_sso":false,"log_type":"token"}', '2025-11-24 19:00:09.104175+00', ''),
	('00000000-0000-0000-0000-000000000000', 'da6e13ea-0904-4602-b73f-67af97e3c443', '{"action":"token_refreshed","actor_id":"eff2a1fd-210c-4b44-9a6f-81af6534c3c8","actor_username":"quentin+1@jayd.ai","actor_via_sso":false,"log_type":"token"}', '2025-11-24 19:00:09.131219+00', ''),
	('00000000-0000-0000-0000-000000000000', 'f2b61672-f63f-467a-9132-517a8146871c', '{"action":"token_refreshed","actor_id":"eff2a1fd-210c-4b44-9a6f-81af6534c3c8","actor_username":"quentin+1@jayd.ai","actor_via_sso":false,"log_type":"token"}', '2025-11-24 19:00:09.158449+00', ''),
	('00000000-0000-0000-0000-000000000000', '1d5c9b2f-939e-4b78-93d5-d13436ff0b3f', '{"action":"token_refreshed","actor_id":"eff2a1fd-210c-4b44-9a6f-81af6534c3c8","actor_username":"quentin+1@jayd.ai","actor_via_sso":false,"log_type":"token"}', '2025-11-24 19:00:09.186425+00', ''),
	('00000000-0000-0000-0000-000000000000', '74ed14cc-d4c8-44f0-a3ae-30346b768858', '{"action":"token_refreshed","actor_id":"eff2a1fd-210c-4b44-9a6f-81af6534c3c8","actor_username":"quentin+1@jayd.ai","actor_via_sso":false,"log_type":"token"}', '2025-11-24 19:00:09.212286+00', ''),
	('00000000-0000-0000-0000-000000000000', '83493697-6f8f-4bc1-9bae-a364804647ee', '{"action":"token_refreshed","actor_id":"eff2a1fd-210c-4b44-9a6f-81af6534c3c8","actor_username":"quentin+1@jayd.ai","actor_via_sso":false,"log_type":"token"}', '2025-11-24 19:00:09.239711+00', ''),
	('00000000-0000-0000-0000-000000000000', '47de65b6-c2ae-42cc-9266-2494ccaee5ae', '{"action":"token_refreshed","actor_id":"eff2a1fd-210c-4b44-9a6f-81af6534c3c8","actor_username":"quentin+1@jayd.ai","actor_via_sso":false,"log_type":"token"}', '2025-11-24 19:00:09.264984+00', ''),
	('00000000-0000-0000-0000-000000000000', '5face60d-ac11-460d-9e55-6fcd86de351e', '{"action":"token_refreshed","actor_id":"eff2a1fd-210c-4b44-9a6f-81af6534c3c8","actor_username":"quentin+1@jayd.ai","actor_via_sso":false,"log_type":"token"}', '2025-11-24 19:00:09.289649+00', ''),
	('00000000-0000-0000-0000-000000000000', '7a694a9a-fe96-41c0-bc43-83640f24c671', '{"action":"token_refreshed","actor_id":"eff2a1fd-210c-4b44-9a6f-81af6534c3c8","actor_username":"quentin+1@jayd.ai","actor_via_sso":false,"log_type":"token"}', '2025-11-24 19:00:09.316776+00', ''),
	('00000000-0000-0000-0000-000000000000', '594c5fb1-2b04-47a4-bdef-355e127b498d', '{"action":"token_refreshed","actor_id":"eff2a1fd-210c-4b44-9a6f-81af6534c3c8","actor_username":"quentin+1@jayd.ai","actor_via_sso":false,"log_type":"token"}', '2025-11-24 19:00:09.34564+00', ''),
	('00000000-0000-0000-0000-000000000000', '0609b00c-6660-43c7-8d27-0dbb6f9229c2', '{"action":"token_refreshed","actor_id":"eff2a1fd-210c-4b44-9a6f-81af6534c3c8","actor_username":"quentin+1@jayd.ai","actor_via_sso":false,"log_type":"token"}', '2025-11-24 19:00:09.371222+00', ''),
	('00000000-0000-0000-0000-000000000000', '3c455356-aaf6-4487-9f75-270b1035eb4b', '{"action":"token_refreshed","actor_id":"eff2a1fd-210c-4b44-9a6f-81af6534c3c8","actor_username":"quentin+1@jayd.ai","actor_via_sso":false,"log_type":"token"}', '2025-11-24 19:00:09.402367+00', ''),
	('00000000-0000-0000-0000-000000000000', '82633340-d820-4250-9034-372ebe945d2b', '{"action":"token_refreshed","actor_id":"eff2a1fd-210c-4b44-9a6f-81af6534c3c8","actor_username":"quentin+1@jayd.ai","actor_via_sso":false,"log_type":"token"}', '2025-11-24 19:00:09.432575+00', ''),
	('00000000-0000-0000-0000-000000000000', 'e14743ad-1427-478e-87b8-10a9da716317', '{"action":"login","actor_id":"eff2a1fd-210c-4b44-9a6f-81af6534c3c8","actor_username":"quentin+1@jayd.ai","actor_via_sso":false,"log_type":"account","traits":{"provider":"email"}}', '2025-11-24 19:00:28.509229+00', ''),
	('00000000-0000-0000-0000-000000000000', '26963aa3-1b05-4965-a4ff-99b72739fc10', '{"action":"token_refreshed","actor_id":"eff2a1fd-210c-4b44-9a6f-81af6534c3c8","actor_username":"quentin+1@jayd.ai","actor_via_sso":false,"log_type":"token"}', '2025-11-24 20:25:02.043337+00', ''),
	('00000000-0000-0000-0000-000000000000', 'e3f4df8e-e385-4a8c-a670-d7fc62b30c8a', '{"action":"token_revoked","actor_id":"eff2a1fd-210c-4b44-9a6f-81af6534c3c8","actor_username":"quentin+1@jayd.ai","actor_via_sso":false,"log_type":"token"}', '2025-11-24 20:25:02.043771+00', ''),
	('00000000-0000-0000-0000-000000000000', 'eb18706d-042c-4901-b45b-936b494fe850', '{"action":"token_refreshed","actor_id":"eff2a1fd-210c-4b44-9a6f-81af6534c3c8","actor_username":"quentin+1@jayd.ai","actor_via_sso":false,"log_type":"token"}', '2025-11-24 20:25:02.074228+00', ''),
	('00000000-0000-0000-0000-000000000000', 'ec366d5e-093d-427a-9f29-1f4c72d378df', '{"action":"token_revoked","actor_id":"eff2a1fd-210c-4b44-9a6f-81af6534c3c8","actor_username":"quentin+1@jayd.ai","actor_via_sso":false,"log_type":"token"}', '2025-11-24 20:25:02.074712+00', ''),
	('00000000-0000-0000-0000-000000000000', '3b247db4-8fb4-46b1-af30-870758d47026', '{"action":"login","actor_id":"eff2a1fd-210c-4b44-9a6f-81af6534c3c8","actor_username":"quentin+1@jayd.ai","actor_via_sso":false,"log_type":"account","traits":{"provider":"email"}}', '2025-11-24 20:40:50.074612+00', '');


--
-- Data for Name: flow_state; Type: TABLE DATA; Schema: auth; Owner: supabase_auth_admin
--



--
-- Data for Name: users; Type: TABLE DATA; Schema: auth; Owner: supabase_auth_admin
--

INSERT INTO "auth"."users" ("instance_id", "id", "aud", "role", "email", "encrypted_password", "email_confirmed_at", "invited_at", "confirmation_token", "confirmation_sent_at", "recovery_token", "recovery_sent_at", "email_change_token_new", "email_change", "email_change_sent_at", "last_sign_in_at", "raw_app_meta_data", "raw_user_meta_data", "is_super_admin", "created_at", "updated_at", "phone", "phone_confirmed_at", "phone_change", "phone_change_token", "phone_change_sent_at", "email_change_token_current", "email_change_confirm_status", "banned_until", "reauthentication_token", "reauthentication_sent_at", "is_sso_user", "deleted_at", "is_anonymous") VALUES
	('00000000-0000-0000-0000-000000000000', '0eaa7f45-1f7e-403b-84fc-f02d0f0e18a4', 'authenticated', 'authenticated', 'arthur@jayd.ai', NULL, NULL, NULL, NULL, NULL, NULL, NULL, NULL, NULL, NULL, '2024-12-05 16:08:02.088+00', '{"provider": "google", "providers": ["google"]}', '{"hd": "jayd.ai", "sub": "113451562904096463359", "name": "Arthur Bricout", "email": "arthur@jayd.ai", "picture": "https://lh3.googleusercontent.com/a/.../s96-c/photo.jpg", "given_name": "Arthur", "family_name": "Bricout", "email_verified": true}', false, '2024-12-05 16:07:59.785+00', '2025-01-07 14:17:08.394+00', NULL, NULL, NULL, NULL, NULL, NULL, 0, NULL, NULL, NULL, false, NULL, false),
	('00000000-0000-0000-0000-000000000000', '95fec575-147d-49ba-bd8d-d8c1295159e6', 'authenticated', 'authenticated', 'jean-baptiste@jayd.ai', NULL, NULL, NULL, NULL, NULL, NULL, NULL, NULL, NULL, NULL, '2024-12-05 16:13:36.023+00', '{"provider": "google", "providers": ["google"]}', '{"hd": "jayd.ai", "sub": "116884903631491222905", "name": "Jean-Baptiste", "email": "jean-baptiste@jayd.ai", "picture": "https://lh3.googleusercontent.com/a/.../s96-c/photo.jpg", "given_name": "Jean-Baptiste", "family_name": "", "email_verified": true}', false, '2024-12-05 16:13:34.624+00', '2024-12-05 16:13:36.025+00', NULL, NULL, NULL, NULL, NULL, NULL, 0, NULL, NULL, NULL, false, NULL, false),
	('00000000-0000-0000-0000-000000000000', 'e1e08a40-7482-46e0-87dc-890212ff9148', 'authenticated', 'authenticated', 'jean-baptiste+2@jayd.ai', NULL, NULL, NULL, NULL, NULL, NULL, NULL, NULL, NULL, NULL, '2024-12-05 16:36:53.874+00', '{"provider": "google", "providers": ["google"]}', '{"hd": "jayd.ai", "sub": "111282921288593876694", "name": "Jean-Baptiste", "email": "jean-baptiste+2@jayd.ai", "picture": "https://lh3.googleusercontent.com/a/.../s96-c/photo.jpg", "given_name": "Jean-Baptiste", "family_name": "", "email_verified": true}', false, '2024-12-05 16:36:52.386+00', '2025-06-05 10:53:39.257+00', NULL, NULL, NULL, NULL, NULL, NULL, 0, NULL, NULL, NULL, false, NULL, false),
	('00000000-0000-0000-0000-000000000000', '947ec8bb-d278-4cd8-9d77-6d9c091ad0f6', 'authenticated', 'authenticated', 'quentin@jayd.ai', NULL, '2024-12-05 16:05:11.317+00', NULL, NULL, NULL, NULL, NULL, NULL, NULL, NULL, '2025-04-30 11:36:24.318+00', '{"provider": "email", "providers": ["email", "google"]}', '{"email": "quentin@jayd.ai"}', false, '2024-12-05 16:05:11.315+00', '2025-07-30 15:06:04.577+00', NULL, NULL, NULL, NULL, NULL, NULL, 0, NULL, NULL, NULL, false, NULL, false),
	('00000000-0000-0000-0000-000000000000', '478b7491-ff6c-490b-982c-a4dc866dcefc', 'authenticated', 'authenticated', 'vincent@jayd.ai', '$2a$10$8yu9ablgdUc1NLHfIYPPPOIjul2vMpcXbTF3pGE3etdS3SeMC827y', '2025-11-05 15:08:36.634051+00', NULL, '', NULL, '', NULL, '', '', NULL, '2025-11-10 11:32:57.668989+00', '{"provider": "email", "providers": ["email"]}', '{"sub": "478b7491-ff6c-490b-982c-a4dc866dcefc", "name": "vincent barbier", "email": "vincent@jayd.ai", "origin": "webapp", "email_verified": true, "phone_verified": false}', NULL, '2025-11-05 15:08:36.572904+00', '2025-11-10 12:13:37.363054+00', NULL, NULL, '', '', NULL, '', 0, NULL, '', NULL, false, NULL, false),
	('00000000-0000-0000-0000-000000000000', '51eee0a1-8f20-4403-b5f1-0566375db20b', 'authenticated', 'authenticated', 'test@jayd.ai', '$2a$10$Dd3Ba6R0TsaAxUXPKhOp/OEiNfF.hwK1cXBtWd3oZGy1Cm0bOwjo6', '2025-10-27 09:20:24.307179+00', NULL, '', NULL, '', NULL, '', '', NULL, '2025-11-05 09:15:31.339328+00', '{"provider": "email", "providers": ["email"]}', '{"sub": "51eee0a1-8f20-4403-b5f1-0566375db20b", "name": "Testing Account Jaydai", "email": "test@jayd.ai", "origin": "extension", "email_verified": true, "phone_verified": false}', NULL, '2025-10-27 09:20:24.297032+00', '2025-11-05 13:59:31.370202+00', NULL, NULL, '', '', NULL, '', 0, NULL, '', NULL, false, NULL, false),
	('00000000-0000-0000-0000-000000000000', 'eff2a1fd-210c-4b44-9a6f-81af6534c3c8', 'authenticated', 'authenticated', 'quentin+1@jayd.ai', '$2a$10$KeE2ESPmPBbPavfB6jkjT.b3AMS82NSjnami8ozwcSY/V9t54lOQu', '2025-11-09 22:29:52.285598+00', NULL, '', NULL, '', NULL, '', '', NULL, '2025-11-24 20:40:50.075203+00', '{"provider": "email", "providers": ["email"]}', '{"sub": "eff2a1fd-210c-4b44-9a6f-81af6534c3c8", "name": "Quentin Bragard", "email": "quentin+1@jayd.ai", "origin": "webapp", "email_verified": true, "phone_verified": false}', NULL, '2025-11-09 22:29:52.221988+00', '2025-11-24 20:40:50.07727+00', NULL, NULL, '', '', NULL, '', 0, NULL, '', NULL, false, NULL, false);


--
-- Data for Name: identities; Type: TABLE DATA; Schema: auth; Owner: supabase_auth_admin
--

INSERT INTO "auth"."identities" ("provider_id", "user_id", "identity_data", "provider", "last_sign_in_at", "created_at", "updated_at", "id") VALUES
	('51eee0a1-8f20-4403-b5f1-0566375db20b', '51eee0a1-8f20-4403-b5f1-0566375db20b', '{"sub": "51eee0a1-8f20-4403-b5f1-0566375db20b", "name": "Testing Account Jaydai", "email": "test@jayd.ai", "origin": "extension", "email_verified": false, "phone_verified": false}', 'email', '2025-10-27 09:20:24.302691+00', '2025-10-27 09:20:24.302743+00', '2025-10-27 09:20:24.302743+00', '1df81057-da84-4548-ba1b-2f75e9fa9e64'),
	('478b7491-ff6c-490b-982c-a4dc866dcefc', '478b7491-ff6c-490b-982c-a4dc866dcefc', '{"sub": "478b7491-ff6c-490b-982c-a4dc866dcefc", "name": "vincent barbier", "email": "vincent@jayd.ai", "origin": "webapp", "email_verified": false, "phone_verified": false}', 'email', '2025-11-05 15:08:36.614064+00', '2025-11-05 15:08:36.614118+00', '2025-11-05 15:08:36.614118+00', '834bb9cd-99ea-43b9-85c8-aed1c5920439'),
	('eff2a1fd-210c-4b44-9a6f-81af6534c3c8', 'eff2a1fd-210c-4b44-9a6f-81af6534c3c8', '{"sub": "eff2a1fd-210c-4b44-9a6f-81af6534c3c8", "name": "Quentin Bragard", "email": "quentin+1@jayd.ai", "origin": "webapp", "email_verified": false, "phone_verified": false}', 'email', '2025-11-09 22:29:52.26125+00', '2025-11-09 22:29:52.261709+00', '2025-11-09 22:29:52.261709+00', '8d6248c3-438c-4a8f-ad41-a4ff7d0fbd0c');


--
-- Data for Name: instances; Type: TABLE DATA; Schema: auth; Owner: supabase_auth_admin
--



--
-- Data for Name: oauth_clients; Type: TABLE DATA; Schema: auth; Owner: supabase_auth_admin
--



--
-- Data for Name: sessions; Type: TABLE DATA; Schema: auth; Owner: supabase_auth_admin
--

INSERT INTO "auth"."sessions" ("id", "user_id", "created_at", "updated_at", "factor_id", "aal", "not_after", "refreshed_at", "user_agent", "ip", "tag", "oauth_client_id", "refresh_token_hmac_key", "refresh_token_counter") VALUES
	('f659f228-b8c1-4371-acf3-2734454ba78a', 'eff2a1fd-210c-4b44-9a6f-81af6534c3c8', '2025-11-19 10:39:48.6981+00', '2025-11-19 10:39:48.6981+00', NULL, 'aal1', NULL, NULL, 'python-httpx/0.28.1', '142.250.204.74', NULL, NULL, NULL, NULL),
	('6b608049-a5f3-4f51-8090-0b1994206264', 'eff2a1fd-210c-4b44-9a6f-81af6534c3c8', '2025-11-19 10:39:55.146008+00', '2025-11-19 10:39:55.146008+00', NULL, 'aal1', NULL, NULL, 'python-httpx/0.28.1', '142.250.204.74', NULL, NULL, NULL, NULL),
	('7e5a373a-1c32-4782-861f-1810e4ee1a51', 'eff2a1fd-210c-4b44-9a6f-81af6534c3c8', '2025-11-19 10:44:37.630729+00', '2025-11-19 10:44:37.630729+00', NULL, 'aal1', NULL, NULL, 'python-httpx/0.28.1', '142.250.204.74', NULL, NULL, NULL, NULL),
	('7815feeb-d958-47ce-8720-f03d9aedfd83', 'eff2a1fd-210c-4b44-9a6f-81af6534c3c8', '2025-11-19 10:49:20.788124+00', '2025-11-19 10:49:20.788124+00', NULL, 'aal1', NULL, NULL, 'python-httpx/0.28.1', '142.250.204.74', NULL, NULL, NULL, NULL),
	('e211a908-3e65-43e2-bda3-4b031f1734af', 'eff2a1fd-210c-4b44-9a6f-81af6534c3c8', '2025-11-19 10:50:42.297395+00', '2025-11-19 10:50:42.297395+00', NULL, 'aal1', NULL, NULL, 'python-httpx/0.28.1', '142.250.204.74', NULL, NULL, NULL, NULL),
	('4ccfca6e-4508-4952-9f36-913e0e579bd6', 'eff2a1fd-210c-4b44-9a6f-81af6534c3c8', '2025-11-19 10:51:26.066535+00', '2025-11-19 10:51:26.066535+00', NULL, 'aal1', NULL, NULL, 'python-httpx/0.28.1', '142.250.204.74', NULL, NULL, NULL, NULL),
	('d28b667c-a394-4584-93f7-2b94e3a7fc8d', 'eff2a1fd-210c-4b44-9a6f-81af6534c3c8', '2025-11-19 10:54:03.277189+00', '2025-11-19 10:54:03.277189+00', NULL, 'aal1', NULL, NULL, 'python-httpx/0.28.1', '142.250.204.74', NULL, NULL, NULL, NULL),
	('2b0ac138-1c25-456d-b01f-b53e8769d1ec', 'eff2a1fd-210c-4b44-9a6f-81af6534c3c8', '2025-11-19 10:55:27.288994+00', '2025-11-19 10:55:27.288994+00', NULL, 'aal1', NULL, NULL, 'python-httpx/0.28.1', '142.250.204.74', NULL, NULL, NULL, NULL),
	('b29ec3d2-d98c-44fd-bbd2-521bdb205255', 'eff2a1fd-210c-4b44-9a6f-81af6534c3c8', '2025-11-19 11:00:00.339291+00', '2025-11-19 11:00:00.339291+00', NULL, 'aal1', NULL, NULL, 'python-httpx/0.28.1', '142.250.204.74', NULL, NULL, NULL, NULL),
	('912ea0fc-fe92-4d7a-976b-bf60af1cd21a', 'eff2a1fd-210c-4b44-9a6f-81af6534c3c8', '2025-11-19 11:03:03.853826+00', '2025-11-19 11:03:03.853826+00', NULL, 'aal1', NULL, NULL, 'python-httpx/0.28.1', '142.250.204.74', NULL, NULL, NULL, NULL),
	('65f11250-0ded-437e-92a7-2a161da4c52a', 'eff2a1fd-210c-4b44-9a6f-81af6534c3c8', '2025-11-19 11:05:23.81346+00', '2025-11-19 11:05:23.81346+00', NULL, 'aal1', NULL, NULL, 'python-httpx/0.28.1', '142.250.204.74', NULL, NULL, NULL, NULL),
	('62f33bac-1dee-4f78-b09c-fbcabedf3710', 'eff2a1fd-210c-4b44-9a6f-81af6534c3c8', '2025-11-19 11:06:30.077213+00', '2025-11-19 11:06:30.077213+00', NULL, 'aal1', NULL, NULL, 'python-httpx/0.28.1', '142.250.204.74', NULL, NULL, NULL, NULL),
	('38327a2e-8754-43cf-bacf-3aeae7cf7a8c', 'eff2a1fd-210c-4b44-9a6f-81af6534c3c8', '2025-11-19 11:11:07.879976+00', '2025-11-19 11:11:07.879976+00', NULL, 'aal1', NULL, NULL, 'python-httpx/0.28.1', '142.250.204.74', NULL, NULL, NULL, NULL),
	('d90abf3c-0889-4950-9c9f-4dd01d120afe', 'eff2a1fd-210c-4b44-9a6f-81af6534c3c8', '2025-11-19 11:19:43.88129+00', '2025-11-19 11:19:43.88129+00', NULL, 'aal1', NULL, NULL, 'python-httpx/0.28.1', '142.250.204.74', NULL, NULL, NULL, NULL),
	('1085074c-5951-4191-88a4-094a36481eb7', 'eff2a1fd-210c-4b44-9a6f-81af6534c3c8', '2025-11-19 11:24:50.879283+00', '2025-11-19 11:24:50.879283+00', NULL, 'aal1', NULL, NULL, 'python-httpx/0.28.1', '142.250.204.74', NULL, NULL, NULL, NULL),
	('58745f3c-83fc-48b5-b87e-8bac98c98984', 'eff2a1fd-210c-4b44-9a6f-81af6534c3c8', '2025-11-19 11:47:51.352778+00', '2025-11-19 11:47:51.352778+00', NULL, 'aal1', NULL, NULL, 'python-httpx/0.28.1', '142.250.204.74', NULL, NULL, NULL, NULL),
	('e3a9df36-5c16-427f-953c-57a8b3a8b2e0', 'eff2a1fd-210c-4b44-9a6f-81af6534c3c8', '2025-11-19 11:51:34.970081+00', '2025-11-19 11:51:34.970081+00', NULL, 'aal1', NULL, NULL, 'python-httpx/0.28.1', '142.250.204.74', NULL, NULL, NULL, NULL),
	('5c27b13a-b19e-4d83-b83a-2fb331e2e66f', 'eff2a1fd-210c-4b44-9a6f-81af6534c3c8', '2025-11-19 11:54:43.231471+00', '2025-11-19 11:54:43.231471+00', NULL, 'aal1', NULL, NULL, 'python-httpx/0.28.1', '142.250.204.74', NULL, NULL, NULL, NULL),
	('5953fab2-789b-48e8-83c4-9b2b642706c6', 'eff2a1fd-210c-4b44-9a6f-81af6534c3c8', '2025-11-19 11:57:05.214057+00', '2025-11-19 11:57:05.214057+00', NULL, 'aal1', NULL, NULL, 'python-httpx/0.28.1', '142.250.204.74', NULL, NULL, NULL, NULL),
	('9c056e28-9fc7-4eb7-9e34-1be63c86f062', 'eff2a1fd-210c-4b44-9a6f-81af6534c3c8', '2025-11-19 11:58:24.4805+00', '2025-11-19 11:58:24.4805+00', NULL, 'aal1', NULL, NULL, 'python-httpx/0.28.1', '142.250.204.74', NULL, NULL, NULL, NULL),
	('ad2b958d-61f7-414a-8ef7-1abcd15b1e3b', 'eff2a1fd-210c-4b44-9a6f-81af6534c3c8', '2025-11-19 11:58:33.043416+00', '2025-11-19 11:58:33.043416+00', NULL, 'aal1', NULL, NULL, 'python-httpx/0.28.1', '142.250.204.74', NULL, NULL, NULL, NULL),
	('7105694d-23bb-49f8-a21b-154addacd19b', 'eff2a1fd-210c-4b44-9a6f-81af6534c3c8', '2025-11-19 12:16:48.454566+00', '2025-11-19 12:16:48.454566+00', NULL, 'aal1', NULL, NULL, 'python-httpx/0.28.1', '172.253.118.95', NULL, NULL, NULL, NULL),
	('40ead552-98cb-4ff9-80a8-911dfab02afa', 'eff2a1fd-210c-4b44-9a6f-81af6534c3c8', '2025-11-19 12:27:27.894458+00', '2025-11-19 12:27:27.894458+00', NULL, 'aal1', NULL, NULL, 'python-httpx/0.28.1', '172.253.118.95', NULL, NULL, NULL, NULL),
	('82dca3ad-3618-4530-85c7-d2fb9b449b4b', 'eff2a1fd-210c-4b44-9a6f-81af6534c3c8', '2025-11-19 17:22:17.99134+00', '2025-11-19 17:22:17.99134+00', NULL, 'aal1', NULL, NULL, 'python-httpx/0.28.1', '172.253.118.95', NULL, NULL, NULL, NULL),
	('050df491-6d5d-49e3-ac1e-b8cb05aed927', 'eff2a1fd-210c-4b44-9a6f-81af6534c3c8', '2025-11-19 17:23:33.691368+00', '2025-11-19 17:23:33.691368+00', NULL, 'aal1', NULL, NULL, 'python-httpx/0.28.1', '172.253.118.95', NULL, NULL, NULL, NULL),
	('a778a486-1e85-4355-8998-bc5fd57c9298', 'eff2a1fd-210c-4b44-9a6f-81af6534c3c8', '2025-11-19 17:24:57.612537+00', '2025-11-19 17:24:57.612537+00', NULL, 'aal1', NULL, NULL, 'python-httpx/0.28.1', '172.253.118.95', NULL, NULL, NULL, NULL),
	('cbbf6504-e79f-4b5b-83dd-530fcb3878ea', 'eff2a1fd-210c-4b44-9a6f-81af6534c3c8', '2025-11-19 17:26:26.854453+00', '2025-11-19 17:26:26.854453+00', NULL, 'aal1', NULL, NULL, 'python-httpx/0.28.1', '172.253.118.95', NULL, NULL, NULL, NULL),
	('7265210f-19bc-4597-94c4-e3ad3822668c', 'eff2a1fd-210c-4b44-9a6f-81af6534c3c8', '2025-11-19 17:30:16.834783+00', '2025-11-19 17:30:16.834783+00', NULL, 'aal1', NULL, NULL, 'python-httpx/0.28.1', '172.253.118.95', NULL, NULL, NULL, NULL),
	('de0f22f0-99c4-4e7f-bbf2-13797128fcb9', 'eff2a1fd-210c-4b44-9a6f-81af6534c3c8', '2025-11-19 17:32:13.620902+00', '2025-11-19 17:32:13.620902+00', NULL, 'aal1', NULL, NULL, 'python-httpx/0.28.1', '172.253.118.95', NULL, NULL, NULL, NULL),
	('b1b45f5d-3db5-42a0-aa94-d9353e043be0', 'eff2a1fd-210c-4b44-9a6f-81af6534c3c8', '2025-11-19 17:33:10.320467+00', '2025-11-19 17:33:10.320467+00', NULL, 'aal1', NULL, NULL, 'python-httpx/0.28.1', '172.253.118.95', NULL, NULL, NULL, NULL),
	('51cecb13-e2be-48c8-9f11-b336c9142fa2', 'eff2a1fd-210c-4b44-9a6f-81af6534c3c8', '2025-11-19 17:34:41.330206+00', '2025-11-19 17:34:41.330206+00', NULL, 'aal1', NULL, NULL, 'python-httpx/0.28.1', '172.253.118.95', NULL, NULL, NULL, NULL),
	('cf15550a-6c83-4f34-8cef-d339075c2509', 'eff2a1fd-210c-4b44-9a6f-81af6534c3c8', '2025-11-19 17:34:50.249268+00', '2025-11-19 17:34:50.249268+00', NULL, 'aal1', NULL, NULL, 'python-httpx/0.28.1', '172.253.118.95', NULL, NULL, NULL, NULL),
	('3901e192-cacf-447d-b269-08927f2f9391', 'eff2a1fd-210c-4b44-9a6f-81af6534c3c8', '2025-11-20 09:23:18.662912+00', '2025-11-20 09:23:18.662912+00', NULL, 'aal1', NULL, NULL, 'python-httpx/0.28.1', '142.250.204.74', NULL, NULL, NULL, NULL),
	('85fe9661-cdfd-487c-b48a-475bdc87f952', 'eff2a1fd-210c-4b44-9a6f-81af6534c3c8', '2025-11-20 09:50:51.020297+00', '2025-11-20 09:50:51.020297+00', NULL, 'aal1', NULL, NULL, 'python-httpx/0.28.1', '142.250.204.74', NULL, NULL, NULL, NULL),
	('393bb9ed-f794-4f1d-9c80-013ce9411a38', 'eff2a1fd-210c-4b44-9a6f-81af6534c3c8', '2025-11-22 04:23:38.133312+00', '2025-11-22 05:25:58.942975+00', NULL, 'aal1', NULL, '2025-11-22 05:25:58.942945', 'python-httpx/0.28.1', '142.250.204.74', NULL, NULL, NULL, NULL),
	('079aa870-f442-4eb5-bd35-f0425968e3d3', 'eff2a1fd-210c-4b44-9a6f-81af6534c3c8', '2025-11-20 09:54:35.916657+00', '2025-11-20 10:54:24.913546+00', NULL, 'aal1', NULL, '2025-11-20 10:54:24.913504', 'python-httpx/0.28.1', '142.250.204.74', NULL, NULL, NULL, NULL),
	('f46ad0b8-ab31-43c5-81ce-f2e49bf8f04e', 'eff2a1fd-210c-4b44-9a6f-81af6534c3c8', '2025-11-20 16:03:25.678892+00', '2025-11-20 16:03:25.678892+00', NULL, 'aal1', NULL, NULL, 'python-httpx/0.28.1', '142.250.204.74', NULL, NULL, NULL, NULL),
	('d0d1e33f-600e-441f-8139-59be83f17a6d', 'eff2a1fd-210c-4b44-9a6f-81af6534c3c8', '2025-11-21 02:33:35.937218+00', '2025-11-21 02:33:35.937218+00', NULL, 'aal1', NULL, NULL, 'python-httpx/0.28.1', '142.250.204.74', NULL, NULL, NULL, NULL),
	('779bdbcb-fc7a-402e-a807-86ec989fcfe9', 'eff2a1fd-210c-4b44-9a6f-81af6534c3c8', '2025-11-21 02:37:44.403403+00', '2025-11-21 02:37:44.403403+00', NULL, 'aal1', NULL, NULL, 'python-httpx/0.28.1', '142.250.204.74', NULL, NULL, NULL, NULL),
	('a65d18fd-f201-4ea5-b1cc-4f1035d94778', 'eff2a1fd-210c-4b44-9a6f-81af6534c3c8', '2025-11-21 03:34:48.952618+00', '2025-11-21 03:34:48.952618+00', NULL, 'aal1', NULL, NULL, 'python-httpx/0.28.1', '142.250.204.74', NULL, NULL, NULL, NULL),
	('7bfbb9fd-bdf5-4c8d-94ae-f2a423e7b716', 'eff2a1fd-210c-4b44-9a6f-81af6534c3c8', '2025-11-21 03:38:29.419046+00', '2025-11-21 03:38:29.419046+00', NULL, 'aal1', NULL, NULL, 'python-httpx/0.28.1', '142.250.204.74', NULL, NULL, NULL, NULL),
	('7710fdcc-9be7-4d1e-af5d-8cefbe1a9e96', 'eff2a1fd-210c-4b44-9a6f-81af6534c3c8', '2025-11-21 03:39:25.39545+00', '2025-11-21 03:39:25.39545+00', NULL, 'aal1', NULL, NULL, 'python-httpx/0.28.1', '142.250.204.74', NULL, NULL, NULL, NULL),
	('edcfc636-24d8-45ea-a900-a059c567d9d4', 'eff2a1fd-210c-4b44-9a6f-81af6534c3c8', '2025-11-21 04:22:52.147234+00', '2025-11-21 04:22:52.147234+00', NULL, 'aal1', NULL, NULL, 'python-httpx/0.28.1', '142.250.204.74', NULL, NULL, NULL, NULL),
	('ba7d59ca-9b4c-4f08-98ab-62494ff88054', 'eff2a1fd-210c-4b44-9a6f-81af6534c3c8', '2025-11-22 05:26:03.871769+00', '2025-11-22 05:26:03.871769+00', NULL, 'aal1', NULL, NULL, 'python-httpx/0.28.1', '142.250.204.74', NULL, NULL, NULL, NULL),
	('ca5a120d-16a3-416e-a740-0a025588e199', 'eff2a1fd-210c-4b44-9a6f-81af6534c3c8', '2025-11-21 04:51:07.709592+00', '2025-11-21 05:50:56.610421+00', NULL, 'aal1', NULL, '2025-11-21 05:50:56.610384', 'python-httpx/0.28.1', '142.250.204.74', NULL, NULL, NULL, NULL),
	('b124f011-cc65-4482-9209-43ddbf11e8c4', 'eff2a1fd-210c-4b44-9a6f-81af6534c3c8', '2025-11-21 07:36:48.711335+00', '2025-11-21 07:36:48.711335+00', NULL, 'aal1', NULL, NULL, 'python-httpx/0.28.1', '142.250.204.74', NULL, NULL, NULL, NULL),
	('b821798e-1611-4116-b6e9-4a83fe6bbd87', 'eff2a1fd-210c-4b44-9a6f-81af6534c3c8', '2025-11-22 06:30:08.554439+00', '2025-11-22 06:30:08.554439+00', NULL, 'aal1', NULL, NULL, 'python-httpx/0.28.1', '142.250.204.74', NULL, NULL, NULL, NULL),
	('3f7be0c2-5dc3-44b2-bf4b-4f94c1ab45df', 'eff2a1fd-210c-4b44-9a6f-81af6534c3c8', '2025-11-21 08:38:58.077107+00', '2025-11-21 09:40:04.079723+00', NULL, 'aal1', NULL, '2025-11-21 09:40:04.079695', 'python-httpx/0.28.1', '142.250.204.74', NULL, NULL, NULL, NULL),
	('0631cc8f-fd4c-4363-9310-7ec7700e098e', 'eff2a1fd-210c-4b44-9a6f-81af6534c3c8', '2025-11-21 09:40:08.123318+00', '2025-11-21 09:40:08.123318+00', NULL, 'aal1', NULL, NULL, 'python-httpx/0.28.1', '142.250.204.74', NULL, NULL, NULL, NULL),
	('378d6363-edb2-464b-8064-3d6e82f91c77', 'eff2a1fd-210c-4b44-9a6f-81af6534c3c8', '2025-11-21 10:36:03.004933+00', '2025-11-21 10:36:03.004933+00', NULL, 'aal1', NULL, NULL, 'python-httpx/0.28.1', '142.250.204.74', NULL, NULL, NULL, NULL),
	('91b161e5-634c-4dbf-9399-8fe510cc63a3', 'eff2a1fd-210c-4b44-9a6f-81af6534c3c8', '2025-11-22 15:32:21.661413+00', '2025-11-22 15:32:21.661413+00', NULL, 'aal1', NULL, NULL, 'python-httpx/0.28.1', '142.250.204.74', NULL, NULL, NULL, NULL),
	('7eaa77b0-ca60-4c52-afa4-34c13224e041', 'eff2a1fd-210c-4b44-9a6f-81af6534c3c8', '2025-11-23 02:40:24.108619+00', '2025-11-23 02:40:24.108619+00', NULL, 'aal1', NULL, NULL, 'python-httpx/0.28.1', '142.250.204.74', NULL, NULL, NULL, NULL),
	('ff95fa64-f800-4881-b426-552e08232e9a', 'eff2a1fd-210c-4b44-9a6f-81af6534c3c8', '2025-11-21 09:40:49.559448+00', '2025-11-21 13:14:17.796622+00', NULL, 'aal1', NULL, '2025-11-21 13:14:17.796585', 'python-httpx/0.28.1', '142.250.204.74', NULL, NULL, NULL, NULL),
	('243f4778-4957-41f8-8c70-4783df6e035b', 'eff2a1fd-210c-4b44-9a6f-81af6534c3c8', '2025-11-21 13:24:49.85734+00', '2025-11-21 13:24:49.85734+00', NULL, 'aal1', NULL, NULL, 'python-httpx/0.28.1', '142.250.204.74', NULL, NULL, NULL, NULL),
	('8a2342f1-cabc-4453-8010-a672e98a2877', 'eff2a1fd-210c-4b44-9a6f-81af6534c3c8', '2025-11-21 16:56:16.076366+00', '2025-11-21 16:56:16.076366+00', NULL, 'aal1', NULL, NULL, 'python-httpx/0.28.1', '142.250.204.74', NULL, NULL, NULL, NULL),
	('f22b919e-2f24-4280-a30e-dab5dabb9c9f', 'eff2a1fd-210c-4b44-9a6f-81af6534c3c8', '2025-11-23 04:15:14.667603+00', '2025-11-23 05:33:56.50309+00', NULL, 'aal1', NULL, '2025-11-23 05:33:56.50306', 'python-httpx/0.28.1', '142.250.204.74', NULL, NULL, NULL, NULL),
	('f466ced3-fe00-4ea4-b350-db9f5e24ee10', 'eff2a1fd-210c-4b44-9a6f-81af6534c3c8', '2025-11-23 05:35:03.419494+00', '2025-11-23 05:35:03.419494+00', NULL, 'aal1', NULL, NULL, 'python-httpx/0.28.1', '142.250.204.74', NULL, NULL, NULL, NULL),
	('1392d08c-c48a-44ef-9f07-567ef1887b0f', 'eff2a1fd-210c-4b44-9a6f-81af6534c3c8', '2025-11-23 06:48:20.704788+00', '2025-11-23 07:50:03.90462+00', NULL, 'aal1', NULL, '2025-11-23 07:50:03.904557', 'python-httpx/0.28.1', '142.250.204.74', NULL, NULL, NULL, NULL),
	('58d2be2c-be8c-44c0-aa27-dd7377983264', 'eff2a1fd-210c-4b44-9a6f-81af6534c3c8', '2025-11-23 07:50:09.450313+00', '2025-11-23 07:50:09.450313+00', NULL, 'aal1', NULL, NULL, 'python-httpx/0.28.1', '142.250.204.74', NULL, NULL, NULL, NULL),
	('d6370eec-1fb1-448d-8655-f2bf8f399ff3', 'eff2a1fd-210c-4b44-9a6f-81af6534c3c8', '2025-11-23 11:30:05.673699+00', '2025-11-23 12:37:57.892888+00', NULL, 'aal1', NULL, '2025-11-23 12:37:57.892867', 'python-httpx/0.28.1', '172.217.12.138', NULL, NULL, NULL, NULL),
	('863081b3-f23d-49bb-b816-d3e9a03ae5e5', 'eff2a1fd-210c-4b44-9a6f-81af6534c3c8', '2025-11-23 09:27:45.165441+00', '2025-11-23 10:28:50.997815+00', NULL, 'aal1', NULL, '2025-11-23 10:28:50.997793', 'python-httpx/0.28.1', '172.217.20.170', NULL, NULL, NULL, NULL),
	('f20e11f8-9d3a-467f-902c-fc8716933b72', 'eff2a1fd-210c-4b44-9a6f-81af6534c3c8', '2025-11-23 10:28:56.492674+00', '2025-11-23 10:28:56.492674+00', NULL, 'aal1', NULL, NULL, 'python-httpx/0.28.1', '172.217.20.170', NULL, NULL, NULL, NULL),
	('eb4ce8f6-ce63-443e-94c5-2675d6abc936', 'eff2a1fd-210c-4b44-9a6f-81af6534c3c8', '2025-11-23 12:59:38.088093+00', '2025-11-23 12:59:38.088093+00', NULL, 'aal1', NULL, NULL, 'python-httpx/0.28.1', '142.250.204.74', NULL, NULL, NULL, NULL),
	('71637a28-7439-448d-8af5-76a31355134c', 'eff2a1fd-210c-4b44-9a6f-81af6534c3c8', '2025-11-23 12:38:01.926512+00', '2025-11-23 12:38:01.926512+00', NULL, 'aal1', NULL, NULL, 'python-httpx/0.28.1', '172.217.12.138', NULL, NULL, NULL, NULL),
	('cb06af4f-bb49-4495-96bd-3acb39a1cdeb', 'eff2a1fd-210c-4b44-9a6f-81af6534c3c8', '2025-11-23 13:00:41.342801+00', '2025-11-23 15:08:50.179079+00', NULL, 'aal1', NULL, '2025-11-23 15:08:50.179009', 'python-httpx/0.28.1', '172.217.12.138', NULL, NULL, NULL, NULL),
	('39b60ae0-daca-4cc4-ae17-6d350e2ee6a7', 'eff2a1fd-210c-4b44-9a6f-81af6534c3c8', '2025-11-23 15:08:54.093373+00', '2025-11-23 15:08:54.093373+00', NULL, 'aal1', NULL, NULL, 'python-httpx/0.28.1', '172.217.12.138', NULL, NULL, NULL, NULL),
	('fff30544-6512-4ac2-8619-967e431dcdc0', 'eff2a1fd-210c-4b44-9a6f-81af6534c3c8', '2025-11-24 17:34:05.853005+00', '2025-11-24 17:34:05.853005+00', NULL, 'aal1', NULL, NULL, 'python-httpx/0.28.1', '172.217.20.170', NULL, NULL, NULL, NULL),
	('bcb07284-e989-434a-b5b2-fa769e806305', 'eff2a1fd-210c-4b44-9a6f-81af6534c3c8', '2025-11-24 17:49:51.421447+00', '2025-11-24 19:00:09.433181+00', NULL, 'aal1', NULL, '2025-11-24 19:00:09.433153', 'python-httpx/0.28.1', '172.217.20.170', NULL, NULL, NULL, NULL),
	('e97d4c5e-646b-4bec-8664-2623ae712bc6', 'eff2a1fd-210c-4b44-9a6f-81af6534c3c8', '2025-11-24 19:00:28.509989+00', '2025-11-24 20:25:02.07605+00', NULL, 'aal1', NULL, '2025-11-24 20:25:02.076025', 'python-httpx/0.28.1', '172.217.20.170', NULL, NULL, NULL, NULL),
	('0728373c-2b0a-4522-83f0-585bc90c2e24', 'eff2a1fd-210c-4b44-9a6f-81af6534c3c8', '2025-11-24 20:40:50.075241+00', '2025-11-24 20:40:50.075241+00', NULL, 'aal1', NULL, NULL, 'python-httpx/0.28.1', '172.217.20.170', NULL, NULL, NULL, NULL);


--
-- Data for Name: mfa_amr_claims; Type: TABLE DATA; Schema: auth; Owner: supabase_auth_admin
--

INSERT INTO "auth"."mfa_amr_claims" ("session_id", "created_at", "updated_at", "authentication_method", "id") VALUES
	('f659f228-b8c1-4371-acf3-2734454ba78a', '2025-11-19 10:39:48.699747+00', '2025-11-19 10:39:48.699747+00', 'password', 'a874ea26-3a1d-4fbc-993e-03436e69bff0'),
	('6b608049-a5f3-4f51-8090-0b1994206264', '2025-11-19 10:39:55.147841+00', '2025-11-19 10:39:55.147841+00', 'password', 'ede4c0cc-ab56-485d-b1d0-21f7e05e1e14'),
	('7e5a373a-1c32-4782-861f-1810e4ee1a51', '2025-11-19 10:44:37.631683+00', '2025-11-19 10:44:37.631683+00', 'password', '771b68f4-6e9b-43b6-a46a-56c35f2d22e9'),
	('7815feeb-d958-47ce-8720-f03d9aedfd83', '2025-11-19 10:49:20.789232+00', '2025-11-19 10:49:20.789232+00', 'password', 'a30b0a92-2312-4591-94d8-6cd46f4173cc'),
	('e211a908-3e65-43e2-bda3-4b031f1734af', '2025-11-19 10:50:42.298365+00', '2025-11-19 10:50:42.298365+00', 'password', 'ad8be1c5-0fdf-481f-936d-0abfc8c689a2'),
	('4ccfca6e-4508-4952-9f36-913e0e579bd6', '2025-11-19 10:51:26.067448+00', '2025-11-19 10:51:26.067448+00', 'password', '33830eeb-9851-4377-bed1-7f570649c334'),
	('d28b667c-a394-4584-93f7-2b94e3a7fc8d', '2025-11-19 10:54:03.277996+00', '2025-11-19 10:54:03.277996+00', 'password', '0079175d-1ec4-4f3b-9354-bee8d5af843c'),
	('2b0ac138-1c25-456d-b01f-b53e8769d1ec', '2025-11-19 10:55:27.289827+00', '2025-11-19 10:55:27.289827+00', 'password', 'b52ac705-becc-4f85-8aff-1b88ee3e927f'),
	('b29ec3d2-d98c-44fd-bbd2-521bdb205255', '2025-11-19 11:00:00.340229+00', '2025-11-19 11:00:00.340229+00', 'password', 'd69dd252-ab82-4306-883f-5a78dde0e80e'),
	('912ea0fc-fe92-4d7a-976b-bf60af1cd21a', '2025-11-19 11:03:03.854726+00', '2025-11-19 11:03:03.854726+00', 'password', '0c1708a7-8773-4542-95e8-b7e0b9ff2683'),
	('65f11250-0ded-437e-92a7-2a161da4c52a', '2025-11-19 11:05:23.814296+00', '2025-11-19 11:05:23.814296+00', 'password', '41b62ed8-d315-4652-a3e4-2aa97e10fd5b'),
	('62f33bac-1dee-4f78-b09c-fbcabedf3710', '2025-11-19 11:06:30.078056+00', '2025-11-19 11:06:30.078056+00', 'password', '5dc5d2e3-4ba5-4210-b9b7-77b4742fa585'),
	('38327a2e-8754-43cf-bacf-3aeae7cf7a8c', '2025-11-19 11:11:07.880793+00', '2025-11-19 11:11:07.880793+00', 'password', 'efa8df26-a8c0-4c81-bb97-2f97a7584616'),
	('d90abf3c-0889-4950-9c9f-4dd01d120afe', '2025-11-19 11:19:43.88211+00', '2025-11-19 11:19:43.88211+00', 'password', '6474b30c-f42b-4041-b42b-b7242ecc454f'),
	('1085074c-5951-4191-88a4-094a36481eb7', '2025-11-19 11:24:50.880265+00', '2025-11-19 11:24:50.880265+00', 'password', 'ca243ce1-1304-465b-adc0-f4e5b7a997b6'),
	('58745f3c-83fc-48b5-b87e-8bac98c98984', '2025-11-19 11:47:51.353644+00', '2025-11-19 11:47:51.353644+00', 'password', '45612ccd-423e-4cce-aecb-90ea5927869d'),
	('e3a9df36-5c16-427f-953c-57a8b3a8b2e0', '2025-11-19 11:51:34.971128+00', '2025-11-19 11:51:34.971128+00', 'password', 'ef512dc9-6a5d-4f55-bf1b-7f92fb5efe61'),
	('5c27b13a-b19e-4d83-b83a-2fb331e2e66f', '2025-11-19 11:54:43.232295+00', '2025-11-19 11:54:43.232295+00', 'password', 'f47aa863-89f0-403d-b061-7189ecff50ad'),
	('5953fab2-789b-48e8-83c4-9b2b642706c6', '2025-11-19 11:57:05.214869+00', '2025-11-19 11:57:05.214869+00', 'password', '59739913-c1d7-435b-b389-9a43d7d8d48b'),
	('9c056e28-9fc7-4eb7-9e34-1be63c86f062', '2025-11-19 11:58:24.481272+00', '2025-11-19 11:58:24.481272+00', 'password', 'a91cc0b9-44f5-4617-b686-0c1ba55f83da'),
	('ad2b958d-61f7-414a-8ef7-1abcd15b1e3b', '2025-11-19 11:58:33.04431+00', '2025-11-19 11:58:33.04431+00', 'password', 'dcc7da09-16d7-45ca-8d0f-1365ac1dfd78'),
	('7105694d-23bb-49f8-a21b-154addacd19b', '2025-11-19 12:16:48.455576+00', '2025-11-19 12:16:48.455576+00', 'password', '9d4527c8-e722-4e0b-a61c-7af6e16456f8'),
	('40ead552-98cb-4ff9-80a8-911dfab02afa', '2025-11-19 12:27:27.895349+00', '2025-11-19 12:27:27.895349+00', 'password', '4ccdb8fd-1fb3-4174-a38c-8ec97534b135'),
	('82dca3ad-3618-4530-85c7-d2fb9b449b4b', '2025-11-19 17:22:17.992534+00', '2025-11-19 17:22:17.992534+00', 'password', 'd8ae54a9-7fd5-4846-97d6-b3c11fc290ea'),
	('050df491-6d5d-49e3-ac1e-b8cb05aed927', '2025-11-19 17:23:33.692271+00', '2025-11-19 17:23:33.692271+00', 'password', '323bcb42-af2a-476f-bd66-6a7524fca625'),
	('a778a486-1e85-4355-8998-bc5fd57c9298', '2025-11-19 17:24:57.613368+00', '2025-11-19 17:24:57.613368+00', 'password', 'f72c2aa6-132a-4849-b714-76b9eb64d4ae'),
	('cbbf6504-e79f-4b5b-83dd-530fcb3878ea', '2025-11-19 17:26:26.855322+00', '2025-11-19 17:26:26.855322+00', 'password', '72fce65b-5553-42f0-8358-758c489ef049'),
	('7265210f-19bc-4597-94c4-e3ad3822668c', '2025-11-19 17:30:16.835636+00', '2025-11-19 17:30:16.835636+00', 'password', '1e12fce8-9d68-4b78-8ebb-39c72854c4ee'),
	('de0f22f0-99c4-4e7f-bbf2-13797128fcb9', '2025-11-19 17:32:13.621749+00', '2025-11-19 17:32:13.621749+00', 'password', 'dda12ad2-6b08-4be8-8ab0-ef4e8ebcae35'),
	('b1b45f5d-3db5-42a0-aa94-d9353e043be0', '2025-11-19 17:33:10.321299+00', '2025-11-19 17:33:10.321299+00', 'password', '48737ca9-762c-4ad1-89cb-30274b36319d'),
	('51cecb13-e2be-48c8-9f11-b336c9142fa2', '2025-11-19 17:34:41.330967+00', '2025-11-19 17:34:41.330967+00', 'password', '8422e063-6a0f-4a64-a7dc-d0e718d387c1'),
	('cf15550a-6c83-4f34-8cef-d339075c2509', '2025-11-19 17:34:50.250036+00', '2025-11-19 17:34:50.250036+00', 'password', '1615b38f-e049-4db3-92f6-838f7e9399f6'),
	('3901e192-cacf-447d-b269-08927f2f9391', '2025-11-20 09:23:18.664374+00', '2025-11-20 09:23:18.664374+00', 'password', '045196e1-481a-4c1a-bd59-d83d263799bf'),
	('85fe9661-cdfd-487c-b48a-475bdc87f952', '2025-11-20 09:50:51.02119+00', '2025-11-20 09:50:51.02119+00', 'password', 'e673b12f-4831-4fa8-9012-16388d3279b9'),
	('079aa870-f442-4eb5-bd35-f0425968e3d3', '2025-11-20 09:54:35.917554+00', '2025-11-20 09:54:35.917554+00', 'password', '1d18a6be-92c9-448c-9cc7-de102244f431'),
	('f46ad0b8-ab31-43c5-81ce-f2e49bf8f04e', '2025-11-20 16:03:25.680232+00', '2025-11-20 16:03:25.680232+00', 'password', '1f63bdc0-5e8f-4009-905e-f4a1aaddd14c'),
	('d0d1e33f-600e-441f-8139-59be83f17a6d', '2025-11-21 02:33:35.938299+00', '2025-11-21 02:33:35.938299+00', 'password', '48125581-2eaa-4bd5-92f3-08fd363bbadb'),
	('779bdbcb-fc7a-402e-a807-86ec989fcfe9', '2025-11-21 02:37:44.404304+00', '2025-11-21 02:37:44.404304+00', 'password', 'b0dd82aa-dfe6-43e0-bf0e-ef12f82f7bd7'),
	('a65d18fd-f201-4ea5-b1cc-4f1035d94778', '2025-11-21 03:34:48.953782+00', '2025-11-21 03:34:48.953782+00', 'password', 'a85f7182-3a2c-4761-8306-b129ae8578f1'),
	('7bfbb9fd-bdf5-4c8d-94ae-f2a423e7b716', '2025-11-21 03:38:29.420437+00', '2025-11-21 03:38:29.420437+00', 'password', '988bb7a5-b8c5-4c9a-91a6-adf01aa806f5'),
	('7710fdcc-9be7-4d1e-af5d-8cefbe1a9e96', '2025-11-21 03:39:25.396339+00', '2025-11-21 03:39:25.396339+00', 'password', '591350dc-7a4d-45f8-88a1-3e5b45db9c7b'),
	('edcfc636-24d8-45ea-a900-a059c567d9d4', '2025-11-21 04:22:52.148495+00', '2025-11-21 04:22:52.148495+00', 'password', 'c4afee02-35c1-4c4f-bd4d-1e7fe5514045'),
	('ca5a120d-16a3-416e-a740-0a025588e199', '2025-11-21 04:51:07.710798+00', '2025-11-21 04:51:07.710798+00', 'password', '42976bea-7f7e-4aed-9bf5-74d74104872c'),
	('b124f011-cc65-4482-9209-43ddbf11e8c4', '2025-11-21 07:36:48.712941+00', '2025-11-21 07:36:48.712941+00', 'password', 'f8bd89a9-7c7f-4146-9be2-80eae37d37cc'),
	('3f7be0c2-5dc3-44b2-bf4b-4f94c1ab45df', '2025-11-21 08:38:58.078692+00', '2025-11-21 08:38:58.078692+00', 'password', '79718247-bd1d-465b-9009-9787b00f6474'),
	('0631cc8f-fd4c-4363-9310-7ec7700e098e', '2025-11-21 09:40:08.124245+00', '2025-11-21 09:40:08.124245+00', 'password', 'f60401f3-56d9-495b-b807-56de4537dea1'),
	('ff95fa64-f800-4881-b426-552e08232e9a', '2025-11-21 09:40:49.560361+00', '2025-11-21 09:40:49.560361+00', 'password', 'b6bd226b-db68-427d-9384-4f02dc1dad16'),
	('378d6363-edb2-464b-8064-3d6e82f91c77', '2025-11-21 10:36:03.006509+00', '2025-11-21 10:36:03.006509+00', 'password', '72227561-f302-40ae-9539-6ec89a41f65f'),
	('243f4778-4957-41f8-8c70-4783df6e035b', '2025-11-21 13:24:49.858804+00', '2025-11-21 13:24:49.858804+00', 'password', '0718b5ca-05b1-4d2e-923c-c3c7981f3865'),
	('8a2342f1-cabc-4453-8010-a672e98a2877', '2025-11-21 16:56:16.077992+00', '2025-11-21 16:56:16.077992+00', 'password', '4b181f8a-1ba5-4887-a6f5-72476fef22cd'),
	('393bb9ed-f794-4f1d-9c80-013ce9411a38', '2025-11-22 04:23:38.134941+00', '2025-11-22 04:23:38.134941+00', 'password', '44904847-ec1d-46f3-b737-45b37e9b4016'),
	('ba7d59ca-9b4c-4f08-98ab-62494ff88054', '2025-11-22 05:26:03.873684+00', '2025-11-22 05:26:03.873684+00', 'password', '4cf127c7-6b54-4bb8-935c-866ac5a87315'),
	('b821798e-1611-4116-b6e9-4a83fe6bbd87', '2025-11-22 06:30:08.556768+00', '2025-11-22 06:30:08.556768+00', 'password', '05320520-32d6-4404-8f3c-97132d37355f'),
	('91b161e5-634c-4dbf-9399-8fe510cc63a3', '2025-11-22 15:32:21.662845+00', '2025-11-22 15:32:21.662845+00', 'password', '0f487b19-970d-4e73-93d6-8decda7fc20c'),
	('7eaa77b0-ca60-4c52-afa4-34c13224e041', '2025-11-23 02:40:24.109439+00', '2025-11-23 02:40:24.109439+00', 'password', '5715feee-8876-498a-8c1a-a1bd02f2eb4b'),
	('f22b919e-2f24-4280-a30e-dab5dabb9c9f', '2025-11-23 04:15:14.668562+00', '2025-11-23 04:15:14.668562+00', 'password', '323e258d-1555-4ef2-8ff5-17468409bb95'),
	('f466ced3-fe00-4ea4-b350-db9f5e24ee10', '2025-11-23 05:35:03.420803+00', '2025-11-23 05:35:03.420803+00', 'password', 'e93a4934-94d3-4a02-aaf8-e8bf34f1d827'),
	('1392d08c-c48a-44ef-9f07-567ef1887b0f', '2025-11-23 06:48:20.705779+00', '2025-11-23 06:48:20.705779+00', 'password', '9bccba01-7af5-4a9a-94f1-9c064fa8ac77'),
	('58d2be2c-be8c-44c0-aa27-dd7377983264', '2025-11-23 07:50:09.451254+00', '2025-11-23 07:50:09.451254+00', 'password', '7226191e-0a6d-488d-abf7-ccb9dc36f568'),
	('863081b3-f23d-49bb-b816-d3e9a03ae5e5', '2025-11-23 09:27:45.166557+00', '2025-11-23 09:27:45.166557+00', 'password', '84a2f2e8-ebd4-4f09-abea-60f64bdf2100'),
	('f20e11f8-9d3a-467f-902c-fc8716933b72', '2025-11-23 10:28:56.493558+00', '2025-11-23 10:28:56.493558+00', 'password', 'fcf2f891-e20d-49e3-aae0-3f4f9bd0e7b8'),
	('d6370eec-1fb1-448d-8655-f2bf8f399ff3', '2025-11-23 11:30:05.674555+00', '2025-11-23 11:30:05.674555+00', 'password', '191138ad-cbe2-4296-8961-d9eabd07d8b0'),
	('71637a28-7439-448d-8af5-76a31355134c', '2025-11-23 12:38:01.927439+00', '2025-11-23 12:38:01.927439+00', 'password', '7b25dd0f-0106-4288-9112-a59f49c8a0ef'),
	('eb4ce8f6-ce63-443e-94c5-2675d6abc936', '2025-11-23 12:59:38.089059+00', '2025-11-23 12:59:38.089059+00', 'password', '3591fabd-eff1-48e8-9c8b-541b08015482'),
	('cb06af4f-bb49-4495-96bd-3acb39a1cdeb', '2025-11-23 13:00:41.343646+00', '2025-11-23 13:00:41.343646+00', 'password', '7f5f06cb-448f-4a69-a0f8-8958ce8b8e84'),
	('39b60ae0-daca-4cc4-ae17-6d350e2ee6a7', '2025-11-23 15:08:54.094313+00', '2025-11-23 15:08:54.094313+00', 'password', 'e1f9f3c8-4064-4bd9-bc1b-00f0cfff9237'),
	('fff30544-6512-4ac2-8619-967e431dcdc0', '2025-11-24 17:34:05.854582+00', '2025-11-24 17:34:05.854582+00', 'password', '89057c49-820d-4c70-8c23-d177645ac37f'),
	('bcb07284-e989-434a-b5b2-fa769e806305', '2025-11-24 17:49:51.423257+00', '2025-11-24 17:49:51.423257+00', 'password', 'a69fb914-44f0-4456-a67b-36ceb0ce0eb1'),
	('e97d4c5e-646b-4bec-8664-2623ae712bc6', '2025-11-24 19:00:28.511594+00', '2025-11-24 19:00:28.511594+00', 'password', 'd361b033-dff3-4d8d-80a2-fd985149317b'),
	('0728373c-2b0a-4522-83f0-585bc90c2e24', '2025-11-24 20:40:50.077656+00', '2025-11-24 20:40:50.077656+00', 'password', '3695cf47-9e4f-4d53-93c1-f7758f05f02a');


--
-- Data for Name: mfa_factors; Type: TABLE DATA; Schema: auth; Owner: supabase_auth_admin
--



--
-- Data for Name: mfa_challenges; Type: TABLE DATA; Schema: auth; Owner: supabase_auth_admin
--



--
-- Data for Name: oauth_authorizations; Type: TABLE DATA; Schema: auth; Owner: supabase_auth_admin
--



--
-- Data for Name: oauth_consents; Type: TABLE DATA; Schema: auth; Owner: supabase_auth_admin
--



--
-- Data for Name: one_time_tokens; Type: TABLE DATA; Schema: auth; Owner: supabase_auth_admin
--



--
-- Data for Name: refresh_tokens; Type: TABLE DATA; Schema: auth; Owner: supabase_auth_admin
--

INSERT INTO "auth"."refresh_tokens" ("instance_id", "id", "token", "user_id", "revoked", "created_at", "updated_at", "parent", "session_id") VALUES
	('00000000-0000-0000-0000-000000000000', 1429, 'ecioy32d7bkx', 'eff2a1fd-210c-4b44-9a6f-81af6534c3c8', false, '2025-11-19 10:39:48.698822+00', '2025-11-19 10:39:48.698822+00', NULL, 'f659f228-b8c1-4371-acf3-2734454ba78a'),
	('00000000-0000-0000-0000-000000000000', 1430, 'c3y43j3vmtbc', 'eff2a1fd-210c-4b44-9a6f-81af6534c3c8', false, '2025-11-19 10:39:55.146467+00', '2025-11-19 10:39:55.146467+00', NULL, '6b608049-a5f3-4f51-8090-0b1994206264'),
	('00000000-0000-0000-0000-000000000000', 1431, 'fzsryhfswmex', 'eff2a1fd-210c-4b44-9a6f-81af6534c3c8', false, '2025-11-19 10:44:37.631193+00', '2025-11-19 10:44:37.631193+00', NULL, '7e5a373a-1c32-4782-861f-1810e4ee1a51'),
	('00000000-0000-0000-0000-000000000000', 1432, 'mncufb3ven3b', 'eff2a1fd-210c-4b44-9a6f-81af6534c3c8', false, '2025-11-19 10:49:20.788502+00', '2025-11-19 10:49:20.788502+00', NULL, '7815feeb-d958-47ce-8720-f03d9aedfd83'),
	('00000000-0000-0000-0000-000000000000', 1433, '3bcgcyectpjt', 'eff2a1fd-210c-4b44-9a6f-81af6534c3c8', false, '2025-11-19 10:50:42.297763+00', '2025-11-19 10:50:42.297763+00', NULL, 'e211a908-3e65-43e2-bda3-4b031f1734af'),
	('00000000-0000-0000-0000-000000000000', 1434, 'qx5rxd2urb4l', 'eff2a1fd-210c-4b44-9a6f-81af6534c3c8', false, '2025-11-19 10:51:26.066911+00', '2025-11-19 10:51:26.066911+00', NULL, '4ccfca6e-4508-4952-9f36-913e0e579bd6'),
	('00000000-0000-0000-0000-000000000000', 1435, 'xyncvw4v2bin', 'eff2a1fd-210c-4b44-9a6f-81af6534c3c8', false, '2025-11-19 10:54:03.277572+00', '2025-11-19 10:54:03.277572+00', NULL, 'd28b667c-a394-4584-93f7-2b94e3a7fc8d'),
	('00000000-0000-0000-0000-000000000000', 1436, 'gcqhfestpzcu', 'eff2a1fd-210c-4b44-9a6f-81af6534c3c8', false, '2025-11-19 10:55:27.28937+00', '2025-11-19 10:55:27.28937+00', NULL, '2b0ac138-1c25-456d-b01f-b53e8769d1ec'),
	('00000000-0000-0000-0000-000000000000', 1437, 'ynwafabv7pet', 'eff2a1fd-210c-4b44-9a6f-81af6534c3c8', false, '2025-11-19 11:00:00.339702+00', '2025-11-19 11:00:00.339702+00', NULL, 'b29ec3d2-d98c-44fd-bbd2-521bdb205255'),
	('00000000-0000-0000-0000-000000000000', 1438, 'y6co2pzzmo2k', 'eff2a1fd-210c-4b44-9a6f-81af6534c3c8', false, '2025-11-19 11:03:03.854262+00', '2025-11-19 11:03:03.854262+00', NULL, '912ea0fc-fe92-4d7a-976b-bf60af1cd21a'),
	('00000000-0000-0000-0000-000000000000', 1439, 'fzipvvltxo5c', 'eff2a1fd-210c-4b44-9a6f-81af6534c3c8', false, '2025-11-19 11:05:23.813847+00', '2025-11-19 11:05:23.813847+00', NULL, '65f11250-0ded-437e-92a7-2a161da4c52a'),
	('00000000-0000-0000-0000-000000000000', 1440, 'x6qtco67dssw', 'eff2a1fd-210c-4b44-9a6f-81af6534c3c8', false, '2025-11-19 11:06:30.077585+00', '2025-11-19 11:06:30.077585+00', NULL, '62f33bac-1dee-4f78-b09c-fbcabedf3710'),
	('00000000-0000-0000-0000-000000000000', 1441, '4lona6saskgy', 'eff2a1fd-210c-4b44-9a6f-81af6534c3c8', false, '2025-11-19 11:11:07.880381+00', '2025-11-19 11:11:07.880381+00', NULL, '38327a2e-8754-43cf-bacf-3aeae7cf7a8c'),
	('00000000-0000-0000-0000-000000000000', 1442, 'zpsfzyb3c3dx', 'eff2a1fd-210c-4b44-9a6f-81af6534c3c8', false, '2025-11-19 11:19:43.881661+00', '2025-11-19 11:19:43.881661+00', NULL, 'd90abf3c-0889-4950-9c9f-4dd01d120afe'),
	('00000000-0000-0000-0000-000000000000', 1443, 'iv3jtn6j67jb', 'eff2a1fd-210c-4b44-9a6f-81af6534c3c8', false, '2025-11-19 11:24:50.879717+00', '2025-11-19 11:24:50.879717+00', NULL, '1085074c-5951-4191-88a4-094a36481eb7'),
	('00000000-0000-0000-0000-000000000000', 1444, 'wdpsfjwh7nw6', 'eff2a1fd-210c-4b44-9a6f-81af6534c3c8', false, '2025-11-19 11:47:51.35314+00', '2025-11-19 11:47:51.35314+00', NULL, '58745f3c-83fc-48b5-b87e-8bac98c98984'),
	('00000000-0000-0000-0000-000000000000', 1445, 'jkqluzi6znoz', 'eff2a1fd-210c-4b44-9a6f-81af6534c3c8', false, '2025-11-19 11:51:34.970591+00', '2025-11-19 11:51:34.970591+00', NULL, 'e3a9df36-5c16-427f-953c-57a8b3a8b2e0'),
	('00000000-0000-0000-0000-000000000000', 1446, '5v7qvaj2kvu6', 'eff2a1fd-210c-4b44-9a6f-81af6534c3c8', false, '2025-11-19 11:54:43.231872+00', '2025-11-19 11:54:43.231872+00', NULL, '5c27b13a-b19e-4d83-b83a-2fb331e2e66f'),
	('00000000-0000-0000-0000-000000000000', 1447, 'otv3bxfxg6u5', 'eff2a1fd-210c-4b44-9a6f-81af6534c3c8', false, '2025-11-19 11:57:05.214389+00', '2025-11-19 11:57:05.214389+00', NULL, '5953fab2-789b-48e8-83c4-9b2b642706c6'),
	('00000000-0000-0000-0000-000000000000', 1448, 'az56thzjwtcz', 'eff2a1fd-210c-4b44-9a6f-81af6534c3c8', false, '2025-11-19 11:58:24.480795+00', '2025-11-19 11:58:24.480795+00', NULL, '9c056e28-9fc7-4eb7-9e34-1be63c86f062'),
	('00000000-0000-0000-0000-000000000000', 1449, 'zklgkondoohn', 'eff2a1fd-210c-4b44-9a6f-81af6534c3c8', false, '2025-11-19 11:58:33.043744+00', '2025-11-19 11:58:33.043744+00', NULL, 'ad2b958d-61f7-414a-8ef7-1abcd15b1e3b'),
	('00000000-0000-0000-0000-000000000000', 1450, 'mpphdruxfdxa', 'eff2a1fd-210c-4b44-9a6f-81af6534c3c8', false, '2025-11-19 12:16:48.454949+00', '2025-11-19 12:16:48.454949+00', NULL, '7105694d-23bb-49f8-a21b-154addacd19b'),
	('00000000-0000-0000-0000-000000000000', 1451, 'b36ryeqrsgkp', 'eff2a1fd-210c-4b44-9a6f-81af6534c3c8', false, '2025-11-19 12:27:27.894823+00', '2025-11-19 12:27:27.894823+00', NULL, '40ead552-98cb-4ff9-80a8-911dfab02afa'),
	('00000000-0000-0000-0000-000000000000', 1452, 'qr56tmd3puns', 'eff2a1fd-210c-4b44-9a6f-81af6534c3c8', false, '2025-11-19 17:22:17.991881+00', '2025-11-19 17:22:17.991881+00', NULL, '82dca3ad-3618-4530-85c7-d2fb9b449b4b'),
	('00000000-0000-0000-0000-000000000000', 1453, 'hfwdbkpjvj6f', 'eff2a1fd-210c-4b44-9a6f-81af6534c3c8', false, '2025-11-19 17:23:33.691715+00', '2025-11-19 17:23:33.691715+00', NULL, '050df491-6d5d-49e3-ac1e-b8cb05aed927'),
	('00000000-0000-0000-0000-000000000000', 1454, 'j6pdbkyusfw7', 'eff2a1fd-210c-4b44-9a6f-81af6534c3c8', false, '2025-11-19 17:24:57.61288+00', '2025-11-19 17:24:57.61288+00', NULL, 'a778a486-1e85-4355-8998-bc5fd57c9298'),
	('00000000-0000-0000-0000-000000000000', 1455, 'gpaap2fhqojo', 'eff2a1fd-210c-4b44-9a6f-81af6534c3c8', false, '2025-11-19 17:26:26.854791+00', '2025-11-19 17:26:26.854791+00', NULL, 'cbbf6504-e79f-4b5b-83dd-530fcb3878ea'),
	('00000000-0000-0000-0000-000000000000', 1456, 'trlgv3kxh24e', 'eff2a1fd-210c-4b44-9a6f-81af6534c3c8', false, '2025-11-19 17:30:16.835126+00', '2025-11-19 17:30:16.835126+00', NULL, '7265210f-19bc-4597-94c4-e3ad3822668c'),
	('00000000-0000-0000-0000-000000000000', 1457, 'poqyp3dej5ow', 'eff2a1fd-210c-4b44-9a6f-81af6534c3c8', false, '2025-11-19 17:32:13.621279+00', '2025-11-19 17:32:13.621279+00', NULL, 'de0f22f0-99c4-4e7f-bbf2-13797128fcb9'),
	('00000000-0000-0000-0000-000000000000', 1458, 'gctqvd4z5uu4', 'eff2a1fd-210c-4b44-9a6f-81af6534c3c8', false, '2025-11-19 17:33:10.320791+00', '2025-11-19 17:33:10.320791+00', NULL, 'b1b45f5d-3db5-42a0-aa94-d9353e043be0'),
	('00000000-0000-0000-0000-000000000000', 1459, 'cltyjmaty5vc', 'eff2a1fd-210c-4b44-9a6f-81af6534c3c8', false, '2025-11-19 17:34:41.33049+00', '2025-11-19 17:34:41.33049+00', NULL, '51cecb13-e2be-48c8-9f11-b336c9142fa2'),
	('00000000-0000-0000-0000-000000000000', 1460, 'obtgf3rvhkzp', 'eff2a1fd-210c-4b44-9a6f-81af6534c3c8', false, '2025-11-19 17:34:50.249578+00', '2025-11-19 17:34:50.249578+00', NULL, 'cf15550a-6c83-4f34-8cef-d339075c2509'),
	('00000000-0000-0000-0000-000000000000', 1461, 'exeiycxsyjfp', 'eff2a1fd-210c-4b44-9a6f-81af6534c3c8', false, '2025-11-20 09:23:18.663549+00', '2025-11-20 09:23:18.663549+00', NULL, '3901e192-cacf-447d-b269-08927f2f9391'),
	('00000000-0000-0000-0000-000000000000', 1462, '7sc5l3aatyis', 'eff2a1fd-210c-4b44-9a6f-81af6534c3c8', false, '2025-11-20 09:50:51.020686+00', '2025-11-20 09:50:51.020686+00', NULL, '85fe9661-cdfd-487c-b48a-475bdc87f952'),
	('00000000-0000-0000-0000-000000000000', 1463, 'jitsad6bnh6w', 'eff2a1fd-210c-4b44-9a6f-81af6534c3c8', true, '2025-11-20 09:54:35.917032+00', '2025-11-20 10:54:24.899833+00', NULL, '079aa870-f442-4eb5-bd35-f0425968e3d3'),
	('00000000-0000-0000-0000-000000000000', 1464, 'r6qmfo5s24dr', 'eff2a1fd-210c-4b44-9a6f-81af6534c3c8', true, '2025-11-20 10:54:24.900639+00', '2025-11-20 10:54:24.912182+00', 'jitsad6bnh6w', '079aa870-f442-4eb5-bd35-f0425968e3d3'),
	('00000000-0000-0000-0000-000000000000', 1465, 'lvvoyc3l3poo', 'eff2a1fd-210c-4b44-9a6f-81af6534c3c8', false, '2025-11-20 10:54:24.912437+00', '2025-11-20 10:54:24.912437+00', 'r6qmfo5s24dr', '079aa870-f442-4eb5-bd35-f0425968e3d3'),
	('00000000-0000-0000-0000-000000000000', 1466, 'u6fztjo67mif', 'eff2a1fd-210c-4b44-9a6f-81af6534c3c8', false, '2025-11-20 16:03:25.679435+00', '2025-11-20 16:03:25.679435+00', NULL, 'f46ad0b8-ab31-43c5-81ce-f2e49bf8f04e'),
	('00000000-0000-0000-0000-000000000000', 1467, 'sm7djpsswfnz', 'eff2a1fd-210c-4b44-9a6f-81af6534c3c8', false, '2025-11-21 02:33:35.937761+00', '2025-11-21 02:33:35.937761+00', NULL, 'd0d1e33f-600e-441f-8139-59be83f17a6d'),
	('00000000-0000-0000-0000-000000000000', 1468, 'e7ksxhkf3fdm', 'eff2a1fd-210c-4b44-9a6f-81af6534c3c8', false, '2025-11-21 02:37:44.403858+00', '2025-11-21 02:37:44.403858+00', NULL, '779bdbcb-fc7a-402e-a807-86ec989fcfe9'),
	('00000000-0000-0000-0000-000000000000', 1469, 'r6rpwnvkxdir', 'eff2a1fd-210c-4b44-9a6f-81af6534c3c8', false, '2025-11-21 03:34:48.953131+00', '2025-11-21 03:34:48.953131+00', NULL, 'a65d18fd-f201-4ea5-b1cc-4f1035d94778'),
	('00000000-0000-0000-0000-000000000000', 1470, 'fyjl6zmvpzeb', 'eff2a1fd-210c-4b44-9a6f-81af6534c3c8', false, '2025-11-21 03:38:29.419876+00', '2025-11-21 03:38:29.419876+00', NULL, '7bfbb9fd-bdf5-4c8d-94ae-f2a423e7b716'),
	('00000000-0000-0000-0000-000000000000', 1471, 'nudhyczghpv4', 'eff2a1fd-210c-4b44-9a6f-81af6534c3c8', false, '2025-11-21 03:39:25.39586+00', '2025-11-21 03:39:25.39586+00', NULL, '7710fdcc-9be7-4d1e-af5d-8cefbe1a9e96'),
	('00000000-0000-0000-0000-000000000000', 1472, 'gzj5jbluw7tb', 'eff2a1fd-210c-4b44-9a6f-81af6534c3c8', false, '2025-11-21 04:22:52.147808+00', '2025-11-21 04:22:52.147808+00', NULL, 'edcfc636-24d8-45ea-a900-a059c567d9d4'),
	('00000000-0000-0000-0000-000000000000', 1473, 'jj5xxzg4vwv4', 'eff2a1fd-210c-4b44-9a6f-81af6534c3c8', true, '2025-11-21 04:51:07.710104+00', '2025-11-21 05:50:56.597111+00', NULL, 'ca5a120d-16a3-416e-a740-0a025588e199'),
	('00000000-0000-0000-0000-000000000000', 1474, 'bju477y7yhzc', 'eff2a1fd-210c-4b44-9a6f-81af6534c3c8', true, '2025-11-21 05:50:56.597538+00', '2025-11-21 05:50:56.609133+00', 'jj5xxzg4vwv4', 'ca5a120d-16a3-416e-a740-0a025588e199'),
	('00000000-0000-0000-0000-000000000000', 1475, 'nv32saa7ibd5', 'eff2a1fd-210c-4b44-9a6f-81af6534c3c8', false, '2025-11-21 05:50:56.609336+00', '2025-11-21 05:50:56.609336+00', 'bju477y7yhzc', 'ca5a120d-16a3-416e-a740-0a025588e199'),
	('00000000-0000-0000-0000-000000000000', 1476, 'eqpon3jh3fyx', 'eff2a1fd-210c-4b44-9a6f-81af6534c3c8', false, '2025-11-21 07:36:48.711952+00', '2025-11-21 07:36:48.711952+00', NULL, 'b124f011-cc65-4482-9209-43ddbf11e8c4'),
	('00000000-0000-0000-0000-000000000000', 1477, 'oxnwf35yfvap', 'eff2a1fd-210c-4b44-9a6f-81af6534c3c8', true, '2025-11-21 08:38:58.077883+00', '2025-11-21 09:40:04.067637+00', NULL, '3f7be0c2-5dc3-44b2-bf4b-4f94c1ab45df'),
	('00000000-0000-0000-0000-000000000000', 1478, 'r4fee7gnif5k', 'eff2a1fd-210c-4b44-9a6f-81af6534c3c8', false, '2025-11-21 09:40:04.068528+00', '2025-11-21 09:40:04.068528+00', 'oxnwf35yfvap', '3f7be0c2-5dc3-44b2-bf4b-4f94c1ab45df'),
	('00000000-0000-0000-0000-000000000000', 1479, 's22mpv7k6hmj', 'eff2a1fd-210c-4b44-9a6f-81af6534c3c8', false, '2025-11-21 09:40:08.123902+00', '2025-11-21 09:40:08.123902+00', NULL, '0631cc8f-fd4c-4363-9310-7ec7700e098e'),
	('00000000-0000-0000-0000-000000000000', 1481, 'qzj43qcqtpzw', 'eff2a1fd-210c-4b44-9a6f-81af6534c3c8', false, '2025-11-21 10:36:03.005601+00', '2025-11-21 10:36:03.005601+00', NULL, '378d6363-edb2-464b-8064-3d6e82f91c77'),
	('00000000-0000-0000-0000-000000000000', 1480, '3yuatzds3sux', 'eff2a1fd-210c-4b44-9a6f-81af6534c3c8', true, '2025-11-21 09:40:49.559862+00', '2025-11-21 10:42:21.27456+00', NULL, 'ff95fa64-f800-4881-b426-552e08232e9a'),
	('00000000-0000-0000-0000-000000000000', 1482, 'obmr54cejkrl', 'eff2a1fd-210c-4b44-9a6f-81af6534c3c8', true, '2025-11-21 10:42:21.275166+00', '2025-11-21 13:14:17.785912+00', '3yuatzds3sux', 'ff95fa64-f800-4881-b426-552e08232e9a'),
	('00000000-0000-0000-0000-000000000000', 1483, 'ljqggz7ee6fn', 'eff2a1fd-210c-4b44-9a6f-81af6534c3c8', true, '2025-11-21 13:14:17.786462+00', '2025-11-21 13:14:17.795148+00', 'obmr54cejkrl', 'ff95fa64-f800-4881-b426-552e08232e9a'),
	('00000000-0000-0000-0000-000000000000', 1485, 'duvsbix3h2v3', 'eff2a1fd-210c-4b44-9a6f-81af6534c3c8', false, '2025-11-21 13:24:49.858064+00', '2025-11-21 13:24:49.858064+00', NULL, '243f4778-4957-41f8-8c70-4783df6e035b'),
	('00000000-0000-0000-0000-000000000000', 1486, '7hdzywkqngow', 'eff2a1fd-210c-4b44-9a6f-81af6534c3c8', false, '2025-11-21 16:56:16.077231+00', '2025-11-21 16:56:16.077231+00', NULL, '8a2342f1-cabc-4453-8010-a672e98a2877'),
	('00000000-0000-0000-0000-000000000000', 1484, '6uays2llp3u3', 'eff2a1fd-210c-4b44-9a6f-81af6534c3c8', true, '2025-11-21 13:14:17.795407+00', '2025-11-22 04:24:48.123316+00', 'ljqggz7ee6fn', 'ff95fa64-f800-4881-b426-552e08232e9a'),
	('00000000-0000-0000-0000-000000000000', 1487, '3tzheaqlsdot', 'eff2a1fd-210c-4b44-9a6f-81af6534c3c8', true, '2025-11-22 04:23:38.134037+00', '2025-11-22 05:25:58.903677+00', NULL, '393bb9ed-f794-4f1d-9c80-013ce9411a38'),
	('00000000-0000-0000-0000-000000000000', 1488, 'ewr4fpmwb7nl', 'eff2a1fd-210c-4b44-9a6f-81af6534c3c8', false, '2025-11-22 05:25:58.907129+00', '2025-11-22 05:25:58.907129+00', '3tzheaqlsdot', '393bb9ed-f794-4f1d-9c80-013ce9411a38'),
	('00000000-0000-0000-0000-000000000000', 1489, 'odjdhp3qzx2x', 'eff2a1fd-210c-4b44-9a6f-81af6534c3c8', false, '2025-11-22 05:26:03.873161+00', '2025-11-22 05:26:03.873161+00', NULL, 'ba7d59ca-9b4c-4f08-98ab-62494ff88054'),
	('00000000-0000-0000-0000-000000000000', 1490, 'd6zslrmuomxu', 'eff2a1fd-210c-4b44-9a6f-81af6534c3c8', false, '2025-11-22 06:30:08.555561+00', '2025-11-22 06:30:08.555561+00', NULL, 'b821798e-1611-4116-b6e9-4a83fe6bbd87'),
	('00000000-0000-0000-0000-000000000000', 1491, 'qrzeko4sas67', 'eff2a1fd-210c-4b44-9a6f-81af6534c3c8', false, '2025-11-22 15:32:21.662094+00', '2025-11-22 15:32:21.662094+00', NULL, '91b161e5-634c-4dbf-9399-8fe510cc63a3'),
	('00000000-0000-0000-0000-000000000000', 1492, 'hqavrqlbp25t', 'eff2a1fd-210c-4b44-9a6f-81af6534c3c8', false, '2025-11-23 02:40:24.10897+00', '2025-11-23 02:40:24.10897+00', NULL, '7eaa77b0-ca60-4c52-afa4-34c13224e041'),
	('00000000-0000-0000-0000-000000000000', 1493, 't6xbse75azoy', 'eff2a1fd-210c-4b44-9a6f-81af6534c3c8', true, '2025-11-23 04:15:14.668025+00', '2025-11-23 05:33:56.501003+00', NULL, 'f22b919e-2f24-4280-a30e-dab5dabb9c9f'),
	('00000000-0000-0000-0000-000000000000', 1494, 'rw42o74o56s5', 'eff2a1fd-210c-4b44-9a6f-81af6534c3c8', false, '2025-11-23 05:33:56.501567+00', '2025-11-23 05:33:56.501567+00', 't6xbse75azoy', 'f22b919e-2f24-4280-a30e-dab5dabb9c9f'),
	('00000000-0000-0000-0000-000000000000', 1495, 'mlo7v22unty7', 'eff2a1fd-210c-4b44-9a6f-81af6534c3c8', false, '2025-11-23 05:35:03.420224+00', '2025-11-23 05:35:03.420224+00', NULL, 'f466ced3-fe00-4ea4-b350-db9f5e24ee10'),
	('00000000-0000-0000-0000-000000000000', 1496, 'bkmm7ana3wsd', 'eff2a1fd-210c-4b44-9a6f-81af6534c3c8', true, '2025-11-23 06:48:20.705215+00', '2025-11-23 07:49:59.560438+00', NULL, '1392d08c-c48a-44ef-9f07-567ef1887b0f'),
	('00000000-0000-0000-0000-000000000000', 1497, '7qxagptoh7wj', 'eff2a1fd-210c-4b44-9a6f-81af6534c3c8', false, '2025-11-23 07:49:59.560742+00', '2025-11-23 07:49:59.560742+00', 'bkmm7ana3wsd', '1392d08c-c48a-44ef-9f07-567ef1887b0f'),
	('00000000-0000-0000-0000-000000000000', 1498, 'zl752cpwmh56', 'eff2a1fd-210c-4b44-9a6f-81af6534c3c8', false, '2025-11-23 07:50:09.450738+00', '2025-11-23 07:50:09.450738+00', NULL, '58d2be2c-be8c-44c0-aa27-dd7377983264'),
	('00000000-0000-0000-0000-000000000000', 1499, 'jnteb6vwn7za', 'eff2a1fd-210c-4b44-9a6f-81af6534c3c8', true, '2025-11-23 09:27:45.165941+00', '2025-11-23 10:28:50.595562+00', NULL, '863081b3-f23d-49bb-b816-d3e9a03ae5e5'),
	('00000000-0000-0000-0000-000000000000', 1500, '7ijpdz62l7do', 'eff2a1fd-210c-4b44-9a6f-81af6534c3c8', false, '2025-11-23 10:28:50.596274+00', '2025-11-23 10:28:50.596274+00', 'jnteb6vwn7za', '863081b3-f23d-49bb-b816-d3e9a03ae5e5'),
	('00000000-0000-0000-0000-000000000000', 1501, 'qylvtzr7gy2f', 'eff2a1fd-210c-4b44-9a6f-81af6534c3c8', false, '2025-11-23 10:28:56.493072+00', '2025-11-23 10:28:56.493072+00', NULL, 'f20e11f8-9d3a-467f-902c-fc8716933b72'),
	('00000000-0000-0000-0000-000000000000', 1502, 'w3kfd42sym7t', 'eff2a1fd-210c-4b44-9a6f-81af6534c3c8', true, '2025-11-23 11:30:05.674057+00', '2025-11-23 12:37:57.86738+00', NULL, 'd6370eec-1fb1-448d-8655-f2bf8f399ff3'),
	('00000000-0000-0000-0000-000000000000', 1503, 'cxkl4la32yxq', 'eff2a1fd-210c-4b44-9a6f-81af6534c3c8', false, '2025-11-23 12:37:57.867994+00', '2025-11-23 12:37:57.867994+00', 'w3kfd42sym7t', 'd6370eec-1fb1-448d-8655-f2bf8f399ff3'),
	('00000000-0000-0000-0000-000000000000', 1504, 'hjgtuwc2td6b', 'eff2a1fd-210c-4b44-9a6f-81af6534c3c8', false, '2025-11-23 12:38:01.926945+00', '2025-11-23 12:38:01.926945+00', NULL, '71637a28-7439-448d-8af5-76a31355134c'),
	('00000000-0000-0000-0000-000000000000', 1505, 'qopffoeptxqe', 'eff2a1fd-210c-4b44-9a6f-81af6534c3c8', false, '2025-11-23 12:59:38.088512+00', '2025-11-23 12:59:38.088512+00', NULL, 'eb4ce8f6-ce63-443e-94c5-2675d6abc936'),
	('00000000-0000-0000-0000-000000000000', 1506, 'awbg2wwtsxf2', 'eff2a1fd-210c-4b44-9a6f-81af6534c3c8', true, '2025-11-23 13:00:41.343176+00', '2025-11-23 14:06:35.301934+00', NULL, 'cb06af4f-bb49-4495-96bd-3acb39a1cdeb'),
	('00000000-0000-0000-0000-000000000000', 1507, 'nfkyvam3reu2', 'eff2a1fd-210c-4b44-9a6f-81af6534c3c8', true, '2025-11-23 14:06:35.302393+00', '2025-11-23 15:08:50.176498+00', 'awbg2wwtsxf2', 'cb06af4f-bb49-4495-96bd-3acb39a1cdeb'),
	('00000000-0000-0000-0000-000000000000', 1508, 'xgeox5q7zlpd', 'eff2a1fd-210c-4b44-9a6f-81af6534c3c8', false, '2025-11-23 15:08:50.177065+00', '2025-11-23 15:08:50.177065+00', 'nfkyvam3reu2', 'cb06af4f-bb49-4495-96bd-3acb39a1cdeb'),
	('00000000-0000-0000-0000-000000000000', 1509, 'quhlkfqx7qgb', 'eff2a1fd-210c-4b44-9a6f-81af6534c3c8', false, '2025-11-23 15:08:54.093756+00', '2025-11-23 15:08:54.093756+00', NULL, '39b60ae0-daca-4cc4-ae17-6d350e2ee6a7'),
	('00000000-0000-0000-0000-000000000000', 1510, 'rae44gqudjfr', 'eff2a1fd-210c-4b44-9a6f-81af6534c3c8', false, '2025-11-24 17:34:05.853855+00', '2025-11-24 17:34:05.853855+00', NULL, 'fff30544-6512-4ac2-8619-967e431dcdc0'),
	('00000000-0000-0000-0000-000000000000', 1511, 'qan7j6ttnk66', 'eff2a1fd-210c-4b44-9a6f-81af6534c3c8', true, '2025-11-24 17:49:51.422357+00', '2025-11-24 18:59:57.00936+00', NULL, 'bcb07284-e989-434a-b5b2-fa769e806305'),
	('00000000-0000-0000-0000-000000000000', 1512, 'lkpja2ixbnwm', 'eff2a1fd-210c-4b44-9a6f-81af6534c3c8', false, '2025-11-24 18:59:57.009812+00', '2025-11-24 18:59:57.009812+00', 'qan7j6ttnk66', 'bcb07284-e989-434a-b5b2-fa769e806305'),
	('00000000-0000-0000-0000-000000000000', 1513, 'eu75vcnevsqt', 'eff2a1fd-210c-4b44-9a6f-81af6534c3c8', true, '2025-11-24 19:00:28.510824+00', '2025-11-24 20:25:02.044145+00', NULL, 'e97d4c5e-646b-4bec-8664-2623ae712bc6'),
	('00000000-0000-0000-0000-000000000000', 1514, 'p6jso5a55nhe', 'eff2a1fd-210c-4b44-9a6f-81af6534c3c8', true, '2025-11-24 20:25:02.044518+00', '2025-11-24 20:25:02.074945+00', 'eu75vcnevsqt', 'e97d4c5e-646b-4bec-8664-2623ae712bc6'),
	('00000000-0000-0000-0000-000000000000', 1515, 'ajpdwpokggvd', 'eff2a1fd-210c-4b44-9a6f-81af6534c3c8', true, '2025-11-24 20:25:02.075211+00', '2025-11-24 20:40:45.863364+00', 'p6jso5a55nhe', 'e97d4c5e-646b-4bec-8664-2623ae712bc6'),
	('00000000-0000-0000-0000-000000000000', 1516, 'yhxi5b3dwyot', 'eff2a1fd-210c-4b44-9a6f-81af6534c3c8', false, '2025-11-24 20:40:50.076531+00', '2025-11-24 20:40:50.076531+00', NULL, '0728373c-2b0a-4522-83f0-585bc90c2e24');


--
-- Data for Name: sso_providers; Type: TABLE DATA; Schema: auth; Owner: supabase_auth_admin
--



--
-- Data for Name: saml_providers; Type: TABLE DATA; Schema: auth; Owner: supabase_auth_admin
--



--
-- Data for Name: saml_relay_states; Type: TABLE DATA; Schema: auth; Owner: supabase_auth_admin
--



--
-- Data for Name: sso_domains; Type: TABLE DATA; Schema: auth; Owner: supabase_auth_admin
--



--
-- Data for Name: blog_posts; Type: TABLE DATA; Schema: public; Owner: postgres
--





--
-- Data for Name: notifications; Type: TABLE DATA; Schema: public; Owner: postgres
--

INSERT INTO "public"."notifications" ("id", "created_at", "user_id", "read_at", "type", "title", "body", "metadata") VALUES
	(89, '2025-10-27 09:20:25.197166+00', '51eee0a1-8f20-4403-b5f1-0566375db20b', NULL, 'welcome_new_user', 'welcome_notification_title', 'welcome_notification_body', '{"action_url": "https://www.linkedin.com/company/104914264/admin/dashboard/", "action_type": "openUrl", "action_title_key": "followOnLinkedIn"}'),
	(91, '2025-11-09 22:29:53.376462+00', 'eff2a1fd-210c-4b44-9a6f-81af6534c3c8', NULL, 'welcome_new_user', 'welcome_notification_title', 'welcome_notification_body', '{"action_url": "https://www.linkedin.com/company/104914264/admin/dashboard/", "action_type": "openUrl", "action_title_key": "followOnLinkedIn"}');


--
-- Data for Name: organizations; Type: TABLE DATA; Schema: public; Owner: postgres
--

INSERT INTO "public"."organizations" ("id", "created_at", "name", "banner_url", "image_url", "website_url", "description", "type") VALUES
	('19864b30-936d-4a8d-996a-27d17f11f00f', '2025-06-30 10:03:46.852824+00', 'Jaydai', 'https://vetoswvwgsebhxetqppa.supabase.co/storage/v1/object/public/images/organizations/jaydai_banner.png', 'https://vetoswvwgsebhxetqppa.supabase.co/storage/v1/object/public/images/organizations/jaydai_org_logo.png', 'https://jayd.ai', NULL, 'standard'),
	('45806a10-926d-4364-96a7-fd8ea5a09097', '2025-07-03 14:02:41.000394+00', 'Ai sister', 'https://vetoswvwgsebhxetqppa.supabase.co/storage/v1/object/public/images/organizations/Ai_sister_banner.jpg', 'https://vetoswvwgsebhxetqppa.supabase.co/storage/v1/object/public/images/organizations/ai_sisters_logo.jpg', 'https://www.aisisters.ai/', NULL, 'standard'),
	('b20a4e48-c968-440b-b31f-3e7bf6410265', '2025-07-06 18:59:13.655147+00', 'LNA SANTE ', 'https://vetoswvwgsebhxetqppa.supabase.co/storage/v1/object/public/images/organizations/lan-sante_banner.png', 'https://vetoswvwgsebhxetqppa.supabase.co/storage/v1/object/public/images/organizations/lna_sante_logo.png', 'https://www.lna-sante.com/', NULL, 'standard'),
	('b6321925-1998-4356-b352-1f23a7e79331', '2025-07-07 07:14:20.457586+00', 'Noovimo', 'https://vetoswvwgsebhxetqppa.supabase.co/storage/v1/object/public/images//noovimo_brand.png', 'https://vetoswvwgsebhxetqppa.supabase.co/storage/v1/object/public/images//noovimo_logo.png', 'https://www.noovimo.fr/', NULL, 'standard'),
	('f17ed11d-d5d4-4d0f-a4a5-afb49154e8bb', '2025-07-16 06:36:39.952391+00', 'Optimhome', 'https://vetoswvwgsebhxetqppa.supabase.co/storage/v1/object/public/images/organizations/banner_optimhomme.png', 'https://vetoswvwgsebhxetqppa.supabase.co/storage/v1/object/public/images/organizations/logo%20Optimhome.png', 'https://www.optimhome.com/fr', NULL, 'standard'),
	('f8d0fe34-32ff-4d90-87ed-28e83c50f953', '2025-07-17 14:50:37.287242+00', 'SFAF', 'https://vetoswvwgsebhxetqppa.supabase.co/storage/v1/object/public/images/organizations/sfaf_banner.png', 'https://vetoswvwgsebhxetqppa.supabase.co/storage/v1/object/public/images/organizations/SFAF_Logo.png', 'https://www.sfaf.com/', NULL, 'standard'),
	('a0a0e03a-fdbe-4924-83fd-8d4a547c5892', '2025-09-07 08:29:12.996584+00', 'Paris Business Angels', 'https://vetoswvwgsebhxetqppa.supabase.co/storage/v1/object/public/images/pba_banner.png', 'https://vetoswvwgsebhxetqppa.supabase.co/storage/v1/object/public/images/pba_logo.png', NULL, NULL, 'standard');


--
-- Data for Name: prompt_blocks; Type: TABLE DATA; Schema: public; Owner: postgres
--

INSERT INTO "public"."prompt_blocks" ("id", "created_at", "company_id", "organization_id", "user_id", "type", "content", "title", "description", "published", "status", "team_ids", "workspace_type", "usage_count", "updated_at") VALUES
	('787c8164-4343-4340-8f31-e15323cd15e3', '2025-10-03 17:17:08.21494+00', NULL, NULL, '6d90f22e-dfa0-4b34-a88f-c4a533dc85ab', 'custom', '{"fr": "ddede"}', '{"fr": "ded"}', '{}', true, NULL, NULL, 'user', 0, NULL),
	('36904c65-0485-4867-899f-57a35e6d06fc', '2025-10-09 15:00:45.427876+00', NULL, '19864b30-936d-4a8d-996a-27d17f11f00f', '95fec575-147d-49ba-bd8d-d8c1295159e6', 'role', '{"custom": "Tu es un directeur juridique avec plus de 30 ans dexprience et une expertise unique en droit des affaires, gouvernance et conformit.\nTu es capable danticiper les risques, scuriser les contrats et dfendre les intrts de lentreprise."}', '{"custom": "Directeur Juridique"}', '{"custom": null}', true, NULL, NULL, 'organization', 0, NULL),
	('d16165c6-3b16-4bfe-b7af-3ffe09298485', '2025-10-03 17:16:37.017768+00', NULL, NULL, '6d90f22e-dfa0-4b34-a88f-c4a533dc85ab', 'example', '{"fr": "ceci est un test"}', '{"fr": "Test jbh"}', '{}', true, NULL, NULL, 'user', 0, NULL),
	('d9fbeca0-9ce7-4635-9bc8-b5dac94d056a', '2025-10-03 17:17:20.580673+00', NULL, NULL, '6d90f22e-dfa0-4b34-a88f-c4a533dc85ab', 'role', '{"fr": "dede"}', '{"fr": "ded"}', '{}', true, NULL, NULL, 'user', 0, NULL),
	('c3c5537b-fcae-4eff-b572-e606757cd7e3', '2025-10-05 13:49:11.121919+00', NULL, NULL, '947ec8bb-d278-4cd8-9d77-6d9c091ad0f6', 'role', '{"fr": "Quentoche p p p p p. p"}', '{"fr": "Teeest QB"}', '{"fr": "opopopop"}', true, NULL, NULL, 'user', 0, NULL),
	('66d31d06-a2d7-46ec-91a6-042f92564543', '2025-10-09 07:20:57.804889+00', NULL, NULL, '95fec575-147d-49ba-bd8d-d8c1295159e6', 'role', '{"custom": "Tu es un directeur stratgie avec plus de 30 ans dexprience et une expertise unique en planification stratgique, transformation digitale et pilotage de la performance.\nTu es capable de dfinir une vision long terme, daligner les ressources et de transformer les ambitions en plans dexcution concrets."}', '{"custom": "Directeur Stratgie"}', '{"custom": ""}', true, NULL, NULL, 'user', 0, NULL),
	('48900c7f-3ccf-46ca-a198-19b158438bc3', '2025-10-09 07:23:13.61055+00', NULL, NULL, '95fec575-147d-49ba-bd8d-d8c1295159e6', 'role', '{"custom": "Tu es un directeur commercial avec plus de 30 ans dexprience et une expertise unique en stratgie de vente, management des quipes commerciales et dveloppement de portefeuilles clients.\nTu es capable de concevoir et excuter des stratgies de croissance rentables et durables."}', '{"custom": "Directeur commercial"}', '{"custom": ""}', true, NULL, NULL, 'user', 0, NULL),
	('1bcffbe1-b5d9-4774-ac35-0505ee4d2865', '2025-10-09 07:23:43.182478+00', NULL, NULL, '95fec575-147d-49ba-bd8d-d8c1295159e6', 'role', '{"custom": "Tu es un expert en communication et image de marque avec plus de 30 ans dexprience et une expertise unique en storytelling, relations publiques et communication de crise.\nTu es capable de construire une identit forte, cohrente et inspirante  travers tous les canaux."}', '{"custom": "Directeur Communication"}', '{"custom": ""}', true, NULL, NULL, 'user', 0, NULL),
	('915a454b-335a-48ea-a91a-e248603102ee', '2025-10-09 14:54:44.665205+00', NULL, '19864b30-936d-4a8d-996a-27d17f11f00f', '95fec575-147d-49ba-bd8d-d8c1295159e6', 'role', '{"custom": "Tu es un directeur stratgie avec plus de 30 ans dexprience et une expertise unique en planification stratgique, transformation digitale et pilotage de la performance.\nTu es capable de dfinir une vision long terme, daligner les ressources et de transformer les ambitions en plans dexcution concrets."}', '{"custom": "Directeur stratgie"}', '{"custom": null}', true, NULL, NULL, 'organization', 0, NULL),
	('3d80434f-d62a-47ce-817a-0d8375fa9344', '2025-10-09 14:55:12.173284+00', NULL, '19864b30-936d-4a8d-996a-27d17f11f00f', '95fec575-147d-49ba-bd8d-d8c1295159e6', 'role', '{"custom": "Tu es un directeur commercial avec plus de 30 ans dexprience et une expertise unique en stratgie de vente, management des quipes commerciales et dveloppement de portefeuilles clients.\nTu es capable de concevoir et excuter des stratgies de croissance rentables et durables."}', '{"custom": "Directeur Commercial"}', '{"custom": null}', true, NULL, NULL, 'organization', 0, NULL),
	('7cc6787d-0ca2-4c67-b55e-0181d8c55875', '2025-10-09 14:55:35.548323+00', NULL, '19864b30-936d-4a8d-996a-27d17f11f00f', '95fec575-147d-49ba-bd8d-d8c1295159e6', 'role', '{"custom": "Tu es un expert en communication et image de marque avec plus de 30 ans dexprience et une expertise unique en storytelling, relations publiques et communication de crise.\nTu es capable de construire une identit forte, cohrente et inspirante  travers tous les canaux."}', '{"custom": "Directeur communication "}', '{"custom": null}', true, NULL, NULL, 'organization', 0, NULL),
	('b7b1b97d-2db8-40cf-823a-5b48438debf6', '2025-10-09 14:58:47.352518+00', NULL, '19864b30-936d-4a8d-996a-27d17f11f00f', '95fec575-147d-49ba-bd8d-d8c1295159e6', 'role', '{"custom": "Tu es un Chief Technology Officer avec plus de 30 ans dexprience et une expertise unique en architecture logicielle, IA et transformation numrique.\nTu es capable de concevoir des solutions technologiques robustes, volutives et alignes sur la stratgie business."}', '{"custom": "CTO "}', '{"custom": null}', true, NULL, NULL, 'organization', 0, NULL),
	('156616d8-1a84-42ef-95e4-04c09fcc0e20', '2025-10-09 14:59:52.26268+00', NULL, '19864b30-936d-4a8d-996a-27d17f11f00f', '95fec575-147d-49ba-bd8d-d8c1295159e6', 'role', '{"custom": "Tu es un expert en ressources humaines avec plus de 30 ans dexprience et une expertise unique en gestion des talents, leadership, culture dentreprise et transformation organisationnelle.\nTu es capable daligner les dynamiques humaines avec la stratgie globale, en favorisant lengagement, la performance et le bien-tre au travail."}', '{"custom": "Directeur RH "}', '{"custom": null}', true, NULL, NULL, 'organization', 0, NULL),
	('50fec40f-9685-4b55-9a36-148429fd9c80', '2025-10-09 15:00:22.21948+00', NULL, '19864b30-936d-4a8d-996a-27d17f11f00f', '95fec575-147d-49ba-bd8d-d8c1295159e6', 'role', '{"custom": "Tu es un expert data avec plus de 30 ans dexprience et une expertise unique en analyse de donnes, modlisation prdictive et stratgie data-driven.\nTu es capable dextraire des insights  fort impact, doptimiser la prise de dcision et de transformer les donnes en leviers de croissance mesurables"}', '{"custom": "Directeur DATA"}', '{"custom": null}', true, NULL, NULL, 'organization', 0, NULL),
	('25c76f74-5d71-4465-adff-fc6e43d09be2', '2025-10-09 15:01:09.143383+00', NULL, '19864b30-936d-4a8d-996a-27d17f11f00f', '95fec575-147d-49ba-bd8d-d8c1295159e6', 'role', '{"custom": "Tu es un directeur RSE avec plus de 30 ans dexprience et une expertise unique en responsabilit socitale, stratgie climat et innovation durable.\nTu es capable daligner la performance conomique avec les objectifs environnementaux et sociaux."}', '{"custom": "Directeur RSE"}', '{"custom": null}', true, NULL, NULL, 'organization', 0, NULL),
	('7489dc2f-337d-48ae-822a-7097e8f579e2', '2025-10-09 15:06:54.990499+00', NULL, '19864b30-936d-4a8d-996a-27d17f11f00f', '95fec575-147d-49ba-bd8d-d8c1295159e6', 'tone_style', '{"custom": "Utilise un ton professionnel, formel et objectif, sans prise de position motionnelle. Le langage doit rester neutre et adapt  un contexte dentreprise."}', '{"custom": "Professionnel & neutre "}', '{"custom": null}', true, NULL, NULL, 'organization', 0, NULL),
	('a14e4aef-e03f-4a2e-ae75-970719f029f7', '2025-10-05 13:49:57.939151+00', NULL, NULL, '947ec8bb-d278-4cd8-9d77-6d9c091ad0f6', 'role', '{"fr": "loooool"}', '{"fr": "Toi"}', '{"fr": "oioio"}', true, NULL, NULL, 'user', 0, NULL),
	('cadfba85-ec55-4386-8f6d-86ea889c004d', '2025-10-09 14:56:00.327218+00', NULL, '19864b30-936d-4a8d-996a-27d17f11f00f', '95fec575-147d-49ba-bd8d-d8c1295159e6', 'custom', '{"fr": "Jaydai est une solution xxxxxxx"}', '{"fr": "Jaydai"}', '{"custom": null}', true, NULL, NULL, 'organization', 0, NULL),
	('95c10148-bf35-4a9b-93fc-01bd328db368', '2025-10-09 15:07:36.562476+00', NULL, '19864b30-936d-4a8d-996a-27d17f11f00f', '95fec575-147d-49ba-bd8d-d8c1295159e6', 'tone_style', '{"custom": "Adopte un ton pdagogique et clair, comme si tu devais expliquer le sujet  quelquun qui dcouvre le sujet pour la premire fois. Utilise un langage simple, structur et illustratif."}', '{"custom": "Pdagogique & clair"}', '{"custom": null}', true, NULL, NULL, 'organization', 0, NULL),
	('b1b27423-2e1f-498d-91a0-09d1af8e5209', '2025-10-09 15:08:11.259513+00', NULL, '19864b30-936d-4a8d-996a-27d17f11f00f', '95fec575-147d-49ba-bd8d-d8c1295159e6', 'tone_style', '{"custom": "Utilise un ton dynamique et positif pour capter lattention et motiver  passer  laction. Sois inspirant et mets laccent sur les bnfices."}', '{"custom": "Engageant & motivant"}', '{"custom": null}', true, NULL, NULL, 'organization', 0, NULL),
	('71eee123-3164-4abf-857f-90013541499e', '2025-10-09 15:09:08.597875+00', NULL, '19864b30-936d-4a8d-996a-27d17f11f00f', '95fec575-147d-49ba-bd8d-d8c1295159e6', 'tone_style', '{"custom": "Va droit au but avec un ton concis, clair et structur. Supprime les dtours et concentre-toi uniquement sur les points cls utiles  la prise de dcision. "}', '{"custom": "Synthtique & direct"}', '{"custom": null}', true, NULL, NULL, 'organization', 0, NULL),
	('ee034505-8722-4488-860e-e30cc23efc44', '2025-10-09 15:09:40.476312+00', NULL, '19864b30-936d-4a8d-996a-27d17f11f00f', '95fec575-147d-49ba-bd8d-d8c1295159e6', 'tone_style', '{"custom": "Utilise un ton bienveillant, humain et  lcoute. Rassure linterlocuteur, montre que tu comprends ses proccupations et propose des rponses poses et apaisantes."}', '{"custom": "Empathique & rassurant"}', '{"custom": null}', true, NULL, NULL, 'organization', 0, NULL),
	('90f2dc5f-a0fc-4b50-9c49-5084286e02cd', '2025-10-09 15:10:23.815756+00', NULL, '19864b30-936d-4a8d-996a-27d17f11f00f', '95fec575-147d-49ba-bd8d-d8c1295159e6', 'tone_style', '{"custom": "Adopte un ton formel, structur et rigoureux. Le langage doit tre prcis, factuel et conforme aux codes du monde juridique ou rglementaire."}', '{"custom": "Srieux & juridique"}', '{"custom": null}', true, NULL, NULL, 'organization', 0, NULL),
	('bfe40bbb-fa5a-4303-9dea-38fe62550f19', '2025-10-09 15:10:48.757814+00', NULL, '19864b30-936d-4a8d-996a-27d17f11f00f', '95fec575-147d-49ba-bd8d-d8c1295159e6', 'tone_style', '{"custom": "Utilise un ton orient bnfices client. Sois persuasif sans tre insistant. Mets en avant les avantages de manire claire et attractive."}', '{"custom": "Commercial & convaincant"}', '{"custom": null}', true, NULL, NULL, 'organization', 0, NULL),
	('7803025d-d35e-4f91-b76b-c4ebd86d054e', '2025-10-09 14:59:20.327883+00', NULL, '19864b30-936d-4a8d-996a-27d17f11f00f', '95fec575-147d-49ba-bd8d-d8c1295159e6', 'custom', '{"fr": "Tu es un expert en cyberscurit avec plus de 30 ans dexprience et une expertise unique en gestion des risques, conformit et scurit des systmes dinformation.\nTu es capable de protger les actifs numriques de lentreprise et dassurer la continuit de ses oprations."}', '{"fr": "Expert Cyberscurit"}', '{"custom": null}', true, NULL, NULL, 'organization', 0, NULL),
	('87f53df2-49d3-4393-90e4-fedbe5234300', '2025-10-10 09:54:43.742555+00', NULL, NULL, '0eaa7f45-1f7e-403b-84fc-f02d0f0e18a4', 'role', '{"custom": "test"}', '{"custom": "test"}', '{"custom": "test"}', true, NULL, NULL, 'user', 0, NULL),
	('0bf59be5-70a9-4331-ab9f-86badd2b77db', '2025-10-10 09:55:03.57154+00', NULL, NULL, '0eaa7f45-1f7e-403b-84fc-f02d0f0e18a4', 'role', '{"custom": "test"}', '{"custom": "test"}', '{"custom": "test"}', true, NULL, NULL, 'user', 0, NULL),
	('8f30821f-99f0-43d1-9733-bffae3689342', '2025-10-10 09:55:25.561145+00', NULL, NULL, '0eaa7f45-1f7e-403b-84fc-f02d0f0e18a4', 'context', '{"custom": "test"}', '{"custom": "test"}', '{"custom": "test"}', true, NULL, NULL, 'user', 0, NULL),
	('c645b312-b4cc-436d-9818-8a9a2acedde2', '2025-10-10 09:55:52.023862+00', NULL, NULL, '0eaa7f45-1f7e-403b-84fc-f02d0f0e18a4', 'constraint', '{"custom": "test"}', '{"custom": "test"}', '{"custom": "test"}', true, NULL, NULL, 'user', 0, NULL),
	('c5b64e68-b59b-435b-971d-cd8505a8dd5d', '2025-10-10 09:57:38.672783+00', NULL, NULL, '0eaa7f45-1f7e-403b-84fc-f02d0f0e18a4', 'audience', '{"custom": "test"}', '{"custom": "test"}', '{"custom": "test"}', true, NULL, NULL, 'user', 0, NULL),
	('fa263455-6c8f-42fc-9c76-c63d81519be4', '2025-10-10 13:37:32.082298+00', NULL, '19864b30-936d-4a8d-996a-27d17f11f00f', 'e1e08a40-7482-46e0-87dc-890212ff9148', 'output_format', '{"custom": "Fournis un rsum excutif en une page, destin  un comit de direction ou un dcideur. Va droit au but avec les faits, chiffres cls, recommandations et impacts business."}', '{"custom": "Mmo excutif"}', '{"custom": null}', true, NULL, NULL, 'organization', 0, NULL),
	('7d9cf245-da59-44e3-8a97-2f83793b08c1', '2025-10-10 13:38:13.439959+00', NULL, '19864b30-936d-4a8d-996a-27d17f11f00f', 'e1e08a40-7482-46e0-87dc-890212ff9148', 'output_format', '{"custom": "Prsente la rponse sous forme de roadmap projet (par trimestre, mois ou tape). Pour chaque phase, dtaille les objectifs, livrables et ressources ncessaires."}', '{"custom": "Roadmap "}', '{"custom": null}', true, NULL, NULL, 'organization', 0, NULL),
	('4b429bd9-08bd-4889-b12a-90b19e8b0ccc', '2025-10-10 13:38:47.889163+00', NULL, '19864b30-936d-4a8d-996a-27d17f11f00f', 'e1e08a40-7482-46e0-87dc-890212ff9148', 'output_format', '{"custom": "Donne une analyse comparative entre plusieurs acteurs ou solutions, structure en tableau avec critres cls (prix, fonctionnalits, diffrenciateurs, etc.). Ajoute une interprtation synthtique en conclusion."}', '{"custom": "Benchmark"}', '{"custom": null}', true, NULL, NULL, 'organization', 0, NULL),
	('6aab3164-f1dc-4d40-a814-90100dc0345c', '2025-10-10 13:39:24.854625+00', NULL, '19864b30-936d-4a8d-996a-27d17f11f00f', 'e1e08a40-7482-46e0-87dc-890212ff9148', 'output_format', '{"custom": "Structure ta rponse sous forme de plan logique (I., II., III., etc.) avec des sous-parties claires. Chaque partie doit traiter un aspect distinct du sujet."}', '{"custom": "Plan dtaill"}', '{"custom": null}', true, NULL, NULL, 'organization', 0, NULL),
	('1fd35e96-fa89-4f84-921b-e0d54f291920', '2025-10-10 13:39:46.333188+00', NULL, '19864b30-936d-4a8d-996a-27d17f11f00f', 'e1e08a40-7482-46e0-87dc-890212ff9148', 'output_format', '{"custom": "Structure ta rponse en bullet points clairs, concis et organiss par thme. Chaque point doit apporter une information utile sans phrase inutile."}', '{"custom": "Bullet points synthtiques"}', '{"custom": null}', true, NULL, NULL, 'organization', 0, NULL),
	('3379bf84-2c5b-4c89-ba4f-a80c1ebaf108', '2025-10-10 13:41:11.462644+00', NULL, '19864b30-936d-4a8d-996a-27d17f11f00f', 'e1e08a40-7482-46e0-87dc-890212ff9148', 'output_format', '{"custom": "Organise ta rponse sous forme de tableau clair et lisible, avec des colonnes bien dfinies (critres, options, valuations, donnes cls) pour permettre une lecture rapide et une comparaison efficace."}', '{"custom": "Tableau structur"}', '{"custom": null}', true, NULL, NULL, 'organization', 0, NULL),
	('0ff50400-07bb-4cd6-92aa-b167833cb0d9', '2025-10-10 13:42:40.665428+00', NULL, '19864b30-936d-4a8d-996a-27d17f11f00f', 'e1e08a40-7482-46e0-87dc-890212ff9148', 'audience', '{"custom": "La rponse est destine  un comit de direction. Utilise un langage clair, stratgique et concis, avec une mise en avant des enjeux, impacts business et dcisions  prendre."}', '{"custom": "Comit de direction"}', '{"custom": null}', true, NULL, NULL, 'organization', 0, NULL),
	('5616b329-effb-48cd-a212-0254c4b19ee0', '2025-10-10 13:43:11.562733+00', NULL, '19864b30-936d-4a8d-996a-27d17f11f00f', 'e1e08a40-7482-46e0-87dc-890212ff9148', 'audience', '{"custom": "Adresse-toi  un manager qui doit prendre des dcisions concrtes rapidement. Mets laccent sur les actions, les rsultats attendus et les ressources ncessaires."}', '{"custom": "Manager oprationnel"}', '{"custom": null}', true, NULL, NULL, 'organization', 0, NULL),
	('185ed816-834d-463c-95ab-a9b9012dae34', '2025-10-10 13:43:29.954734+00', NULL, '19864b30-936d-4a8d-996a-27d17f11f00f', 'e1e08a40-7482-46e0-87dc-890212ff9148', 'audience', '{"custom": "Rdige une rponse oriente collaboration. Utilise un ton clair, structur et inclusif. Mets en vidence les tapes, les rles, les dpendances et les livrables."}', '{"custom": "quipe projet"}', '{"custom": null}', true, NULL, NULL, 'organization', 0, NULL),
	('ae178054-b4c4-457a-a8bd-2ff65fd6eccd', '2025-10-10 13:43:54.051075+00', NULL, '19864b30-936d-4a8d-996a-27d17f11f00f', 'e1e08a40-7482-46e0-87dc-890212ff9148', 'audience', '{"custom": "Utilise un ton pdagogique, bienveillant et accessible. Prends le temps dexpliquer les concepts cls et les attentes sans complexit inutile."}', '{"custom": "Collaborateur junior"}', '{"custom": null}', true, NULL, NULL, 'organization', 0, NULL),
	('8eaae545-133b-49c3-9ce3-d033c00761c5', '2025-10-10 13:44:37.829947+00', NULL, '19864b30-936d-4a8d-996a-27d17f11f00f', 'e1e08a40-7482-46e0-87dc-890212ff9148', 'audience', '{"custom": "Adresse-toi  un acteur externe impliqu dans un projet commun. Sois clair sur les objectifs, les responsabilits partages, les dlais et les livrables attendus."}', '{"custom": "Partenaire ou prestataire"}', '{"custom": null}', true, NULL, NULL, 'organization', 0, NULL),
	('3c996e72-e336-40c0-8ebe-7854c8554b28', '2025-10-10 14:08:27.375069+00', NULL, '19864b30-936d-4a8d-996a-27d17f11f00f', 'e1e08a40-7482-46e0-87dc-890212ff9148', 'custom', '{"custom": "Critres\tHubSpot\tSalesforce\tPipedrive\nPrix mensuel\t50 /utilisateur\t75 /utilisateur\t25 /utilisateur\nFacilit dutilisation\t\t\t\nIntgrations\t+ de 500\tTrs nombreuses\tMoins de 200\nPersonnalisation\tMoyenne\tleve\tMoyenne\nSupport client\tChat & Email\t24/7 tlphone\tChat uniquement"}', '{"custom": "Exemple de tableau comparatif"}', '{"custom": null}', true, NULL, NULL, 'organization', 10, NULL),
	('74c5a23f-0b29-425d-b58a-364b11ac4d82', '2025-10-10 13:48:20.244568+00', NULL, '19864b30-936d-4a8d-996a-27d17f11f00f', 'e1e08a40-7482-46e0-87dc-890212ff9148', 'constraint', '{"custom": "- Utilise uniquement des sources officielles et reconnus : texte de loi, communiqus de presse officiels , site spcialis et reconnu, site web des entreprises\n- Utilise des sources d''information reconnues en fonction du pays de la recherche\n- Pour l''actualit, prfre les articles datant de moins de 12 mois (utilise des sources plus vieilles uniquement si cela est pertinant)\n- vite les blogs personnels, forums ou sources non vrifiables\n- N''utilise pas Wikipdia comme source principale, mais seulement comme point de dpart\n- Vrifie systmatique la cohrence des informations entre plusieurs sources quand c''est possible"}', '{"custom": "Validation des sources web "}', '{"custom": null}', true, NULL, NULL, 'organization', 0, NULL),
	('618e3a04-0027-44d2-8672-40cf92af1d52', '2025-10-10 13:49:40.935569+00', NULL, '19864b30-936d-4a8d-996a-27d17f11f00f', 'e1e08a40-7482-46e0-87dc-890212ff9148', 'custom', '{"custom": "- Cite l''ensemble des sources utiliss  chaque moment de ton analyse \n- Assure toi que l''ensemble des liens soit cliquable et qu''il existe \n- N''invente rien "}', '{"custom": "Citation des sources web "}', '{"custom": null}', true, NULL, NULL, 'organization', 0, NULL),
	('33c41f8f-2e0d-43fe-a6e8-b309c34edc1c', '2025-10-10 13:50:05.340212+00', NULL, '19864b30-936d-4a8d-996a-27d17f11f00f', 'e1e08a40-7482-46e0-87dc-890212ff9148', 'constraint', '{"custom": "- Cite l''ensemble des sources utiliss  chaque moment de ton analyse \n- Assure toi que l''ensemble des liens soit cliquable et qu''il existe \n- N''invente rien "}', '{"custom": "Citation des sources"}', '{"custom": null}', true, NULL, NULL, 'organization', 0, NULL),
	('faf5ef0d-d9f0-41e1-a6f0-8b909238a784', '2025-10-10 13:54:13.102235+00', NULL, '19864b30-936d-4a8d-996a-27d17f11f00f', 'e1e08a40-7482-46e0-87dc-890212ff9148', 'constraint', '{"custom": "vite les formulations vagues ou gnriques. Chaque point voqu doit tre concret, argument ou illustr par un exemple prcis."}', '{"custom": "Pas de gnralits"}', '{"custom": null}', true, NULL, NULL, 'organization', 0, NULL),
	('0e39ebf4-c32e-4f93-bb3c-012e0ddd4621', '2025-10-10 13:55:02.789823+00', NULL, '19864b30-936d-4a8d-996a-27d17f11f00f', 'e1e08a40-7482-46e0-87dc-890212ff9148', 'constraint', '{"custom": "Ninclus aucun scnario hypothtique ou spculatif non tay. Reste strictement factuel."}', '{"custom": "Pas de contenu spculatif"}', '{"custom": null}', true, NULL, NULL, 'organization', 0, NULL),
	('f61eb78f-bb37-4d44-8eca-0dd685742109', '2025-10-10 13:56:16.321849+00', NULL, '19864b30-936d-4a8d-996a-27d17f11f00f', 'e1e08a40-7482-46e0-87dc-890212ff9148', 'constraint', '{"custom": "Si des limites, incertitudes ou zones grises existent, mentionne-les pour une lecture transparente."}', '{"custom": "Inclure les limites de la rponse"}', '{"custom": null}', true, NULL, NULL, 'organization', 0, NULL),
	('5decc657-7b34-4ac8-9e6b-e55b33e794c9', '2025-10-10 13:58:27.776576+00', NULL, '19864b30-936d-4a8d-996a-27d17f11f00f', 'e1e08a40-7482-46e0-87dc-890212ff9148', 'goal', '{"custom": "Ton objectif est de m''aider  organiser mes ides de faon logique, hirarchise et synthtique pour faciliter leur expression ou prsentation."}', '{"custom": "Structurer mes ides efficacement"}', '{"custom": null}', true, NULL, NULL, 'organization', 0, NULL),
	('96cf0a60-2bb4-4886-a09e-bc811eb51d18', '2025-10-10 14:06:58.83802+00', NULL, NULL, 'e1e08a40-7482-46e0-87dc-890212ff9148', 'example', '{"custom": "Objet : Relance  Proposition de collaboration\n\nBonjour Madame Lefvre,\n\nJe me permets de revenir vers vous concernant notre proposition envoye le 25 septembre. Nous serions ravis dchanger avec vous pour approfondir les besoins de votre quipe et adapter notre offre en consquence.\n\nSeriez-vous disponible cette semaine pour un court change de 15 minutes ?  \nDans lattente de votre retour, je reste  votre disposition.\n\nBien cordialement,  \nThomas Dubois  \nResponsable Commercial  Axiom Solutions"}', '{"custom": "Exemple : Mail de relance client "}', '{"custom": null}', true, NULL, NULL, 'user', 0, NULL),
	('451bdc86-a0bc-458e-abf7-37a5f2e3d059', '2025-10-10 15:45:38.501685+00', NULL, NULL, '947ec8bb-d278-4cd8-9d77-6d9c091ad0f6', 'context', '{"custom": "okkk"}', '{"custom": "okkkk"}', '{"custom": ""}', true, NULL, NULL, 'user', 0, NULL),
	('0e3a5a47-5bad-46c8-ab0a-9f7c2859f532', '2025-10-10 15:45:53.175654+00', NULL, NULL, '947ec8bb-d278-4cd8-9d77-6d9c091ad0f6', 'custom', '{"custom": "dfzbzdf"}', '{"custom": "dfhzd"}', '{"custom": ""}', true, NULL, NULL, 'user', 0, NULL),
	('79dd67f4-ebed-4171-8076-23126aaa4157', '2025-10-10 14:07:39.111399+00', NULL, '19864b30-936d-4a8d-996a-27d17f11f00f', 'e1e08a40-7482-46e0-87dc-890212ff9148', 'example', '{"custom": "Objet : Relance  Proposition de collaboration\n\nBonjour Madame Lefvre,\n\nJe me permets de revenir vers vous concernant notre proposition envoye le 25 septembre. Nous serions ravis dchanger avec vous pour approfondir les besoins de votre quipe et adapter notre offre en consquence.\n\nSeriez-vous disponible cette semaine pour un court change de 15 minutes ?  \nDans lattente de votre retour, je reste  votre disposition.\n\nBien cordialement,  \nThomas Dubois  \nResponsable Commercial  Axiom Solutions"}', '{"custom": "Mail de relance - Client "}', '{"custom": null}', true, NULL, NULL, 'organization', 10, NULL),
	('02f1da5a-f189-4bd0-8db2-5c1994716a99', '2025-10-10 14:03:30.361767+00', NULL, '19864b30-936d-4a8d-996a-27d17f11f00f', 'e1e08a40-7482-46e0-87dc-890212ff9148', 'context', '{"custom": "Je travaille dans l''entreprise suivante : \n[Indique le nom de ton entreprise et dcris l le plus prcisment possible]"}', '{"custom": "Description de mon entreprise"}', '{"custom": null}', true, NULL, NULL, 'organization', 10, NULL),
	('df83a4d7-5725-4c40-a0f8-8b4723d6d238', '2025-10-10 14:01:03.051271+00', NULL, '19864b30-936d-4a8d-996a-27d17f11f00f', 'e1e08a40-7482-46e0-87dc-890212ff9148', 'custom', '{"custom": "Ton objectif est de me fournir une synthse des dernires tendances, chiffres et articles fiables sur le sujet suivant : [ complter]."}', '{"custom": "Faire une veille sur un sujet donn"}', '{"custom": null}', true, NULL, NULL, 'organization', 10, NULL),
	('7b92fabf-9861-4a78-af9a-f41515c9b399', '2025-10-10 14:00:26.22043+00', NULL, '19864b30-936d-4a8d-996a-27d17f11f00f', 'e1e08a40-7482-46e0-87dc-890212ff9148', 'goal', '{"custom": "Aide-moi  rdiger un compte-rendu professionnel, clair et structur avec dcisions, actions et responsables associs."}', '{"custom": "Structurer un compte-rendu de runion"}', '{"custom": null}', true, NULL, NULL, 'organization', 11, NULL),
	('9cc1b4f3-78e7-427d-bf39-a5990301215a', '2025-10-10 14:00:02.074714+00', NULL, '19864b30-936d-4a8d-996a-27d17f11f00f', 'e1e08a40-7482-46e0-87dc-890212ff9148', 'goal', '{"custom": "Ton objectif est de maider  rdiger une rponse claire, professionnelle et adapte au contexte de lemail reu."}', '{"custom": "Rdiger une rponse professionnelle  un email"}', '{"custom": null}', true, NULL, NULL, 'organization', 212, NULL),
	('04633619-c97b-4d88-a127-9d351f68642e', '2025-10-10 13:59:05.980902+00', NULL, '19864b30-936d-4a8d-996a-27d17f11f00f', 'e1e08a40-7482-46e0-87dc-890212ff9148', 'custom', '{"custom": "Ton objectif est de maider  prparer un discours ou une prsentation impactante et bien structure."}', '{"custom": "Prparer une prise de parole "}', '{"custom": null}', true, NULL, NULL, 'organization', 2, NULL),
	('036aa0d0-e4b8-427b-a449-775214567ced', '2025-10-14 23:58:34.552106+00', NULL, NULL, '947ec8bb-d278-4cd8-9d77-6d9c091ad0f6', 'custom', '{"custom": "fwerferf"}', '{"custom": "frefre"}', '{"custom": "erfref"}', true, NULL, NULL, 'user', 0, NULL),
	('112ff459-e400-4d0b-a6ed-6bc95e5ec2ca', '2025-10-15 11:50:51.474352+00', NULL, 'a0a0e03a-fdbe-4924-83fd-8d4a547c5892', '95fec575-147d-49ba-bd8d-d8c1295159e6', 'role', '{"custom": "Tu es un Business Angel expriment, avec plusieurs annes dexprience, un large portefeuille dinvestissements et un il afft pour reprer les 0,1% de startups les plus prometteuses. Tu values chaque projet avec un haut niveau dexigence, en recherchant : une quipe exceptionnelle, une traction dmontre, un march immense, une diffrenciation claire et une capacit dexcution rare. Ton rle est daider  distinguer les projets dexception de ceux simplement bons."}', '{"custom": "Business Angel expriment (top 0,1%)"}', '{"custom": null}', true, NULL, NULL, 'organization', 0, NULL),
	('ce24fbac-5814-4b76-aafd-e1b1ffba0d1e', '2025-10-15 11:51:29.711932+00', NULL, 'a0a0e03a-fdbe-4924-83fd-8d4a547c5892', '95fec575-147d-49ba-bd8d-d8c1295159e6', 'role', '{"custom": "Tu es un expert en modles conomiques de startups. Ton rle est dvaluer la viabilit, la scalabilit et la rentabilit du business model en fonction du march et de la stratgie."}', '{"custom": "Expert en business model startup"}', '{"custom": null}', true, NULL, NULL, 'organization', 0, NULL),
	('e6e1bc64-022d-4843-bd8e-61f66aedc8d1', '2025-10-15 11:52:19.434078+00', NULL, 'a0a0e03a-fdbe-4924-83fd-8d4a547c5892', '95fec575-147d-49ba-bd8d-d8c1295159e6', 'role', '{"custom": "Tu es un analyste en capital-risque spcialis dans lvaluation de startups early-stage. Tu matrises la lecture critique de pitch decks, de business plans financiers et de plans de croissance. Ton rle est de fournir une analyse claire et rationnelle du potentiel du projet."}', '{"custom": "Analyste expriment early-stage"}', '{"custom": null}', true, NULL, NULL, 'organization', 0, NULL),
	('9350d8c0-9323-4a4c-8e25-6311bcbedbe9', '2025-10-15 11:56:12.962274+00', NULL, 'a0a0e03a-fdbe-4924-83fd-8d4a547c5892', '95fec575-147d-49ba-bd8d-d8c1295159e6', 'audience', '{"custom": "La rponse est adresse au fondateur dune startup en leve de fonds. Elle doit tre constructive, claire, professionnelle, sans jugement dfinitif."}', '{"custom": "Porteur de projet "}', '{"custom": null}', true, NULL, NULL, 'organization', 0, NULL),
	('df6d9113-7701-4cb7-a8e7-8d0a0c0d508b', '2025-11-05 17:05:20.92368+00', NULL, NULL, '478b7491-ff6c-490b-982c-a4dc866dcefc', 'tone_style', '{"custom": "COmbien fait -il a [ville] ?"}', '{"custom": "BLoqu"}', '{"custom": ""}', true, NULL, NULL, 'user', 0, NULL);


--
-- Data for Name: prompt_folders; Type: TABLE DATA; Schema: public; Owner: postgres
--

INSERT INTO "public"."prompt_folders" ("created_at", "user_id", "organization_id", "parent_folder_id", "title", "description", "company_id", "workspace_type", "id") VALUES
	('2025-09-16 14:41:01.452614+00', NULL, '19864b30-936d-4a8d-996a-27d17f11f00f', NULL, '{"en": "Startup", "fr": "Startup"}', '{}', NULL, 'organization', '6e034c75-ef0d-4ac5-8d88-f5b9a2b96f64'),
	('2025-09-16 14:41:01.452614+00', NULL, '19864b30-936d-4a8d-996a-27d17f11f00f', NULL, '{"en": "Starter", "fr": "Starter"}', '{}', NULL, 'organization', '7e2af8cf-f1e9-45d4-8faa-a7a0d59b1138'),
	('2025-09-16 14:41:01.452614+00', NULL, '19864b30-936d-4a8d-996a-27d17f11f00f', NULL, '{"en": "Daily", "fr": "Daily"}', '{}', NULL, 'organization', '22b1127d-b4e0-4153-94b5-78155021e8a4'),
	('2025-09-16 14:41:01.452614+00', NULL, '19864b30-936d-4a8d-996a-27d17f11f00f', NULL, '{"en": "Marketing", "fr": "Marketing"}', '{}', NULL, 'organization', '6adffa50-59c0-4d85-9b35-9a7e20e69126'),
	('2025-09-16 14:41:01.452614+00', NULL, '19864b30-936d-4a8d-996a-27d17f11f00f', NULL, '{"en": "Investment", "fr": "Investissement"}', '{}', NULL, 'organization', 'd1563751-2b27-4902-a364-291348bbb4ad'),
	('2025-09-16 14:41:01.452614+00', NULL, '19864b30-936d-4a8d-996a-27d17f11f00f', NULL, '{"en": "HR", "fr": "RH"}', '{}', NULL, 'organization', '0a1409da-eb89-41f1-b835-247b14f1dd5c'),
	('2025-09-16 14:41:01.452614+00', NULL, '19864b30-936d-4a8d-996a-27d17f11f00f', NULL, '{"en": "Personal Development", "fr": "Dveloppement personnel"}', '{}', NULL, 'organization', 'dc3fbf96-3401-44a3-ac6c-1ff26e462727'),
	('2025-09-16 14:41:01.452614+00', NULL, '19864b30-936d-4a8d-996a-27d17f11f00f', NULL, '{"en": "Image", "fr": "Image"}', '{}', NULL, 'organization', '58ac2937-c229-488d-a8fb-f995f8665e49'),
	('2025-09-16 14:41:01.452614+00', NULL, '19864b30-936d-4a8d-996a-27d17f11f00f', NULL, '{"en": "Real Estate", "fr": "Immobilier"}', '{}', NULL, 'organization', 'd8be3245-7cf4-4425-9f7c-bde74bf8b91c'),
	('2025-09-16 14:41:01.452614+00', NULL, '19864b30-936d-4a8d-996a-27d17f11f00f', NULL, '{"en": "Training", "fr": "Formation"}', '{}', NULL, 'organization', 'ac04507a-3e58-4fc5-8e2b-5ba7bd9cc5e3'),
	('2025-09-16 14:41:01.452614+00', NULL, '19864b30-936d-4a8d-996a-27d17f11f00f', NULL, '{"en": "Decision Making", "fr": "Prise de dcision"}', '{}', NULL, 'organization', '6ddb4752-d985-412c-9cb9-173b86f2b45c'),
	('2025-09-16 14:41:01.452614+00', NULL, '19864b30-936d-4a8d-996a-27d17f11f00f', NULL, '{"en": "LinkedIn", "fr": "Linkedin"}', '{}', NULL, 'organization', '0cf52ff6-0b38-4710-a754-b86fd2c9982a'),
	('2025-09-16 14:41:01.452614+00', NULL, '19864b30-936d-4a8d-996a-27d17f11f00f', NULL, '{"en": "Legal", "fr": "Juridique"}', '{}', NULL, 'organization', '555b372f-12c1-47d5-8026-aed205b5b5b8'),
	('2025-09-16 14:41:01.452614+00', NULL, '19864b30-936d-4a8d-996a-27d17f11f00f', NULL, '{"en": "Job Search", "fr": "Trouver un emploi"}', '{}', NULL, 'organization', '560f56ff-2086-4cf2-b78c-cad246d5cb51'),
	('2025-09-16 21:23:19.184417+00', NULL, 'a0a0e03a-fdbe-4924-83fd-8d4a547c5892', NULL, '{"en": "Business Model & Finance"}', '{}', NULL, 'organization', 'd522f0f3-e893-4bd5-b2e4-d28dfbbb298b'),
	('2025-09-16 21:20:25.216869+00', NULL, 'a0a0e03a-fdbe-4924-83fd-8d4a547c5892', NULL, '{"en": "Equipe fondatrice"}', '{}', NULL, 'organization', 'a330b6ac-47f8-4a26-9871-7d0937241049'),
	('2025-09-16 20:59:33.044523+00', NULL, 'a0a0e03a-fdbe-4924-83fd-8d4a547c5892', NULL, '{"en": "Analyse du Produit"}', '{}', NULL, 'organization', '78812c7e-254f-4031-90d8-fe123691b65b'),
	('2025-09-16 17:14:36.4582+00', NULL, 'a0a0e03a-fdbe-4924-83fd-8d4a547c5892', NULL, '{"fr": "March & Concurrence"}', '{"fr": "Dossier regroupant les prompts permettant de raliser des tudes de march et concurrence"}', NULL, 'organization', 'c37fb64a-e55c-4a39-a734-a5590d1d8192'),
	('2025-09-16 17:13:22.090548+00', NULL, 'a0a0e03a-fdbe-4924-83fd-8d4a547c5892', NULL, '{"en": "Etude approfondie"}', '{"fr": "Dossier regroupant les prompts  utiliser dans le mode \"Deep Research\" de ChatGPT"}', NULL, 'organization', '6c5ca58d-d07e-4db7-bc3f-8083c8f5a0c4'),
	('2025-10-10 08:19:23.296746+00', '0eaa7f45-1f7e-403b-84fc-f02d0f0e18a4', NULL, NULL, '{"fr": "Test Test Gotti"}', '{"fr": "test test gotti"}', NULL, 'user', '96090891-edb7-4145-a658-d3b6d39b8cb1'),
	('2025-10-10 12:51:53.448222+00', 'e1e08a40-7482-46e0-87dc-890212ff9148', NULL, NULL, '{"fr": "Bonjour"}', '{}', NULL, 'user', '3f52fc38-251e-464f-a851-d645850f43f8'),
	('2025-10-10 12:52:12.00789+00', 'e1e08a40-7482-46e0-87dc-890212ff9148', NULL, NULL, '{"fr": "Dossier"}', '{"fr": "yes"}', NULL, 'user', '735f1b02-e8bc-49f6-abb6-92d17e0c29c5'),
	('2025-10-10 12:57:22.28672+00', 'e1e08a40-7482-46e0-87dc-890212ff9148', NULL, NULL, '{"fr": "Jaydai"}', '{}', NULL, 'user', '8d88474c-dbd0-4e72-af83-a891a46f3430'),
	('2025-10-10 13:27:15.566552+00', 'e1e08a40-7482-46e0-87dc-890212ff9148', NULL, NULL, '{"fr": "Quentin"}', '{}', NULL, 'user', 'b937047a-0054-4f46-b5dc-4d62432f1e6e'),
	('2025-10-10 13:28:26.832005+00', 'e1e08a40-7482-46e0-87dc-890212ff9148', NULL, NULL, '{"fr": "rfrfr"}', '{}', NULL, 'user', 'a9fe4054-69d1-4ee3-9d5f-f74515d4d849'),
	('2025-10-10 16:58:13.787021+00', '947ec8bb-d278-4cd8-9d77-6d9c091ad0f6', NULL, NULL, '{"fr": "ooo"}', '{"fr": "ko"}', NULL, 'user', '58ad39f3-96c8-4a20-b949-7ae831d8f8a1'),
	('2025-10-10 16:59:56.141189+00', '947ec8bb-d278-4cd8-9d77-6d9c091ad0f6', NULL, NULL, '{"fr": "k;"}', '{}', NULL, 'user', 'ff410f0d-0646-4cdf-8449-f8e4327b4a15'),
	('2025-10-10 09:47:41.123631+00', '947ec8bb-d278-4cd8-9d77-6d9c091ad0f6', NULL, NULL, '{"fr": "alsl"}', '{}', NULL, 'user', '6a9b3dd6-ae83-44f5-baca-e4a5ae3339ad'),
	('2025-10-15 06:33:40.395455+00', '95fec575-147d-49ba-bd8d-d8c1295159e6', NULL, NULL, '{"fr": "Bonjour"}', '{}', NULL, 'user', '6d5ffe97-39b0-4c8f-a461-aca582a52644'),
	('2025-10-15 10:34:54.92354+00', '95fec575-147d-49ba-bd8d-d8c1295159e6', NULL, NULL, '{"fr": "Jaydai"}', '{}', NULL, 'user', 'b9a5ca95-8a46-40ba-aee6-44d5b19191ea'),
	('2025-10-15 10:47:03.208729+00', '95fec575-147d-49ba-bd8d-d8c1295159e6', NULL, NULL, '{"en": "Perso"}', '{}', NULL, 'user', '3be04320-9714-4794-a8fc-9143eecc8225'),
	('2025-10-15 15:36:15.340476+00', '947ec8bb-d278-4cd8-9d77-6d9c091ad0f6', NULL, NULL, '{"fr": "Invest AI"}', '{}', NULL, 'user', '843cd560-d50e-4c31-bb7d-9bd38da1b117'),
	('2025-10-15 15:40:09.513134+00', '947ec8bb-d278-4cd8-9d77-6d9c091ad0f6', 'a0a0e03a-fdbe-4924-83fd-8d4a547c5892', NULL, '{"en": "test"}', '{}', NULL, 'organization', '69d989da-b8bb-42b2-8329-4a7ce2cac53c'),
	('2025-10-16 08:04:27.605602+00', '95fec575-147d-49ba-bd8d-d8c1295159e6', 'f8d0fe34-32ff-4d90-87ed-28e83c50f953', NULL, '{"fr": "Analyse financire"}', '{}', NULL, 'organization', '955c551e-f7e1-4950-a87c-7f4b57578bd5'),
	('2025-10-16 09:28:06.317675+00', '95fec575-147d-49ba-bd8d-d8c1295159e6', 'f8d0fe34-32ff-4d90-87ed-28e83c50f953', NULL, '{"en": "ESG & finance durable"}', '{}', NULL, 'organization', '12ac27d9-7b89-4e2a-9a23-083a84d503c1'),
	('2025-10-16 09:39:58.611475+00', '95fec575-147d-49ba-bd8d-d8c1295159e6', 'f8d0fe34-32ff-4d90-87ed-28e83c50f953', NULL, '{"en": "Analyse sectorielle"}', '{}', NULL, 'organization', 'f4e4127b-6d44-40d6-830b-db326e0c03a1'),
	('2025-10-27 09:41:37.187018+00', '51eee0a1-8f20-4403-b5f1-0566375db20b', NULL, NULL, '{"fr": "test"}', '{}', NULL, 'user', '04332fbf-3ade-4941-a9bc-079687d63ec7'),
	('2025-11-05 16:51:50.516304+00', '478b7491-ff6c-490b-982c-a4dc866dcefc', NULL, NULL, '{"fr": "Test"}', '{"fr": "il fait beau dehors"}', NULL, 'user', '156e6146-9aa7-488a-ba08-828e31ff7023');


--
-- Data for Name: prompt_templates; Type: TABLE DATA; Schema: public; Owner: postgres
--

INSERT INTO "public"."prompt_templates" ("created_at", "tags", "last_used_at", "path", "workspace_type", "usage_count", "user_id", "company_id", "description", "organization_id", "title", "team_ids", "is_free", "updated_at", "id", "folder_id", "author_id", "current_version_id") VALUES
	('2025-07-23 15:09:40.207746+00', NULL, NULL, NULL, 'organization', 0, NULL, NULL, '{}', '19864b30-936d-4a8d-996a-27d17f11f00f', '{"en": "SEO content", "fr": "Contenu SEO "}', NULL, true, '2025-09-25 13:25:46.642239+00', 'bd51517d-a8af-4f04-ae3e-40546d00df26', '6adffa50-59c0-4d85-9b35-9a7e20e69126', NULL, NULL),
	('2025-07-23 15:09:40.207746+00', NULL, NULL, NULL, 'organization', 0, NULL, NULL, '{}', '19864b30-936d-4a8d-996a-27d17f11f00f', '{"en": "KPI Business", "fr": "KPI Business"}', NULL, true, '2025-09-25 13:25:18.266228+00', 'ad93408f-a7ea-49eb-9ddb-b2f2307347bc', '6e034c75-ef0d-4ac5-8d88-f5b9a2b96f64', NULL, NULL),
	('2025-07-23 15:09:40.207746+00', NULL, NULL, NULL, 'organization', 0, NULL, NULL, '{}', '19864b30-936d-4a8d-996a-27d17f11f00f', '{"en": "Cooking recipes", "fr": "Recettes de cuisine"}', NULL, true, '2025-09-25 13:25:26.761626+00', 'a85a49a7-68e2-4bd6-96fd-108cbd90acbc', '22b1127d-b4e0-4153-94b5-78155021e8a4', NULL, NULL),
	('2025-07-23 15:09:40.207746+00', NULL, NULL, NULL, 'organization', 0, NULL, NULL, '{}', '19864b30-936d-4a8d-996a-27d17f11f00f', '{"en": "Find a restaurant", "fr": "Trouver un restaurant "}', NULL, true, '2025-09-25 13:25:28.144961+00', '4586c776-517b-429d-b65d-452d30bb822e', '22b1127d-b4e0-4153-94b5-78155021e8a4', NULL, NULL),
	('2025-07-23 15:09:40.207746+00', NULL, NULL, NULL, 'organization', 0, NULL, NULL, '{}', '19864b30-936d-4a8d-996a-27d17f11f00f', '{"en": "Find a movie or TV show", "fr": "Trouver un film ou une srie "}', NULL, true, '2025-09-25 13:25:29.363479+00', 'cc101322-76e3-4b6e-9f07-7f2ae1cd776e', '22b1127d-b4e0-4153-94b5-78155021e8a4', NULL, NULL),
	('2025-07-23 15:09:40.207746+00', NULL, NULL, NULL, 'organization', 0, NULL, NULL, '{}', '19864b30-936d-4a8d-996a-27d17f11f00f', '{"en": "Audit Marketing ", "fr": "Audit Marketing "}', NULL, true, '2025-09-25 13:25:30.691216+00', '4f1d934b-9cce-4528-98c0-0b8cb94a733e', '6adffa50-59c0-4d85-9b35-9a7e20e69126', NULL, NULL),
	('2025-07-23 15:09:40.207746+00', NULL, NULL, NULL, 'organization', 0, NULL, NULL, '{}', '19864b30-936d-4a8d-996a-27d17f11f00f', '{"en": "Analyse d''audience ", "fr": "Analyse d''audience "}', NULL, true, '2025-09-25 13:25:31.911942+00', '7d0df14e-92cf-425c-8f9f-742055205d6d', '6adffa50-59c0-4d85-9b35-9a7e20e69126', NULL, NULL),
	('2025-07-23 15:09:40.207746+00', NULL, NULL, NULL, 'organization', 0, NULL, NULL, '{}', '19864b30-936d-4a8d-996a-27d17f11f00f', '{"en": "Investor questions", "fr": "Interrogations Investisseurs"}', NULL, true, '2025-09-25 13:25:33.183796+00', '6a579ca5-8484-4a1e-aaa6-544ed0a8df51', '6e034c75-ef0d-4ac5-8d88-f5b9a2b96f64', NULL, NULL),
	('2025-07-23 15:09:40.207746+00', NULL, NULL, NULL, 'organization', 0, NULL, NULL, '{}', '19864b30-936d-4a8d-996a-27d17f11f00f', '{"en": "Positionnement de marque ", "fr": "Positionnement de marque "}', NULL, true, '2025-09-25 13:25:37.964561+00', '632ce61c-c362-4818-9760-037e648dda9b', '6adffa50-59c0-4d85-9b35-9a7e20e69126', NULL, NULL),
	('2025-07-23 15:09:40.207746+00', NULL, NULL, NULL, 'organization', 0, NULL, NULL, '{}', '19864b30-936d-4a8d-996a-27d17f11f00f', '{"en": "Defining your personas", "fr": "Dfinir ses personas "}', NULL, true, '2025-09-25 13:25:49.052966+00', 'a693f2f7-c30b-43ca-af9a-a129ded254c9', '6adffa50-59c0-4d85-9b35-9a7e20e69126', NULL, NULL),
	('2025-07-23 15:09:40.207746+00', NULL, NULL, NULL, 'organization', 0, NULL, NULL, '{}', '19864b30-936d-4a8d-996a-27d17f11f00f', '{"en": "Ides de noms & slogans", "fr": "Ides de noms & slogans"}', NULL, true, '2025-09-25 13:26:54.001277+00', 'fd4e3c39-c920-4671-89f3-f9266b482b16', '6adffa50-59c0-4d85-9b35-9a7e20e69126', NULL, NULL),
	('2025-07-23 15:09:40.207746+00', NULL, NULL, NULL, 'organization', 0, NULL, NULL, '{}', '19864b30-936d-4a8d-996a-27d17f11f00f', '{"en": "Market trends", "fr": "Tendances d''un march "}', NULL, true, '2025-09-25 13:26:54.001277+00', '9cd57bf9-a161-4ef4-a97b-e2d83442dcb2', 'd1563751-2b27-4902-a364-291348bbb4ad', NULL, NULL),
	('2025-07-23 15:09:40.207746+00', NULL, NULL, NULL, 'organization', 0, NULL, NULL, '{}', '19864b30-936d-4a8d-996a-27d17f11f00f', '{"en": "Stock performance", "fr": "Performance d''une action "}', NULL, true, '2025-09-25 13:26:54.001277+00', '1371c1fe-e643-4b6b-b1f1-c326946782f8', 'd1563751-2b27-4902-a364-291348bbb4ad', NULL, NULL),
	('2025-07-23 15:09:40.207746+00', NULL, NULL, NULL, 'organization', 0, NULL, NULL, '{}', '19864b30-936d-4a8d-996a-27d17f11f00f', '{"en": "Market risk analysis", "fr": "Analyse de risque d''un march"}', NULL, true, '2025-09-25 13:26:54.001277+00', '2b358b90-5817-49dd-bb43-a401ca347cec', 'd1563751-2b27-4902-a364-291348bbb4ad', NULL, NULL),
	('2025-07-23 15:09:41.841118+00', NULL, NULL, NULL, 'organization', 0, NULL, NULL, '{}', '19864b30-936d-4a8d-996a-27d17f11f00f', '{"en": "LinkedIn content strategy", "fr": "Stratgie de contenu LinkedIn"}', NULL, false, '2025-09-25 13:25:10.160267+00', '9b76e349-6060-4703-beb8-881063e4bca5', '0cf52ff6-0b38-4710-a754-b86fd2c9982a', NULL, NULL),
	('2025-07-23 15:09:41.841118+00', NULL, NULL, NULL, 'organization', 0, NULL, NULL, '{}', '19864b30-936d-4a8d-996a-27d17f11f00f', '{"en": "SEO optimization of images", "fr": "Optimisation SEO d''images"}', NULL, true, '2025-09-25 13:26:15.18616+00', 'e9ce5553-6df9-4b49-b5f8-4fe57bb1c072', '58ac2937-c229-488d-a8fb-f995f8665e49', NULL, NULL),
	('2025-07-23 15:09:41.841118+00', NULL, NULL, NULL, 'organization', 0, NULL, NULL, '{}', '19864b30-936d-4a8d-996a-27d17f11f00f', '{"en": "Creating visuals for social media", "fr": "Cration de visuels pour rseaux sociaux"}', NULL, true, '2025-09-25 13:26:17.187307+00', 'd2db080f-39ba-437e-89be-daf175bbd18e', '58ac2937-c229-488d-a8fb-f995f8665e49', NULL, NULL),
	('2025-07-23 15:09:41.324192+00', NULL, NULL, NULL, 'organization', 0, NULL, NULL, '{}', '19864b30-936d-4a8d-996a-27d17f11f00f', '{"en": "Crer un support psychoducatif", "fr": "Crer un support psychoducatif"}', NULL, true, '2025-09-25 13:26:54.001277+00', '5b77609c-96d1-45fb-bf95-a0552b364e19', 'ac04507a-3e58-4fc5-8e2b-5ba7bd9cc5e3', NULL, NULL),
	('2025-07-23 15:09:41.841118+00', NULL, NULL, NULL, 'organization', 0, NULL, NULL, '{}', '19864b30-936d-4a8d-996a-27d17f11f00f', '{"en": "E-commerce product photography", "fr": "Photographie produit e-commerce"}', NULL, true, '2025-09-25 13:26:54.001277+00', '5625c1ed-3754-4fbf-b41b-4a2df7123595', '58ac2937-c229-488d-a8fb-f995f8665e49', NULL, NULL),
	('2025-07-23 15:09:41.841118+00', NULL, NULL, NULL, 'organization', 0, NULL, NULL, '{}', '19864b30-936d-4a8d-996a-27d17f11f00f', '{"en": "LinkedIn for recruiters", "fr": "LinkedIn pour recruteurs"}', NULL, false, '2025-09-25 13:26:54.001277+00', 'f6b5702e-293d-459b-97e1-294070f765bc', '0cf52ff6-0b38-4710-a754-b86fd2c9982a', NULL, NULL),
	('2025-07-23 15:09:40.207746+00', NULL, NULL, NULL, 'organization', 0, NULL, NULL, '{}', '19864b30-936d-4a8d-996a-27d17f11f00f', '{"en": "Impact of current events on an industry", "fr": "Impact d''une actualit sur une industrie "}', NULL, true, '2025-09-25 13:26:54.001277+00', '5172d621-46af-45c5-ba5a-a6d147f00330', 'd1563751-2b27-4902-a364-291348bbb4ad', NULL, NULL),
	('2025-07-23 15:09:40.840438+00', NULL, NULL, NULL, 'organization', 0, NULL, NULL, '{}', '19864b30-936d-4a8d-996a-27d17f11f00f', '{"en": "Job offer promise", "fr": "Promesse d''embauche "}', NULL, true, '2025-09-25 13:26:54.001277+00', 'f389a60f-9669-4d8c-9241-edd0693ac307', '0a1409da-eb89-41f1-b835-247b14f1dd5c', NULL, NULL),
	('2025-07-23 15:09:40.840438+00', NULL, NULL, NULL, 'organization', 0, NULL, NULL, '{}', '19864b30-936d-4a8d-996a-27d17f11f00f', '{"en": "Case study - Job interview", "fr": "Etude de cas - entretien d''embauche "}', NULL, true, '2025-09-25 13:26:54.001277+00', 'afcbeb81-fa5b-4960-a2c3-b6da445ca375', '0a1409da-eb89-41f1-b835-247b14f1dd5c', NULL, NULL),
	('2025-07-23 15:09:40.840438+00', NULL, NULL, NULL, 'organization', 0, NULL, NULL, '{}', '19864b30-936d-4a8d-996a-27d17f11f00f', '{"en": "Annual review framework", "fr": "Trame entretien annuel "}', NULL, true, '2025-09-25 13:26:54.001277+00', '2cd6d38d-fc47-4ca1-8933-72ffef158b57', '0a1409da-eb89-41f1-b835-247b14f1dd5c', NULL, NULL),
	('2025-07-23 15:09:40.207746+00', NULL, '2025-10-21 13:21:16.471943+00', NULL, 'organization', 1, NULL, NULL, '{}', '19864b30-936d-4a8d-996a-27d17f11f00f', '{"en": "Documentary research", "fr": "Recherche documentaire "}', NULL, true, '2025-10-21 13:21:16.471943+00', '585316ae-62ab-490f-a422-e79d3fab6f3b', '7e2af8cf-f1e9-45d4-8faa-a7a0d59b1138', NULL, NULL),
	('2025-07-23 15:09:40.207746+00', NULL, '2025-10-15 09:38:12.364954+00', NULL, 'organization', 1, NULL, NULL, '{}', '19864b30-936d-4a8d-996a-27d17f11f00f', '{"en": "Plan my vacation", "fr": "Planifier mes vacances"}', NULL, true, '2025-10-15 09:38:12.364954+00', '0848ae99-bf62-4652-a64c-8b9a2051cf7c', '22b1127d-b4e0-4153-94b5-78155021e8a4', NULL, NULL),
	('2025-07-23 15:09:41.841118+00', NULL, '2025-10-10 06:34:35.462062+00', NULL, 'organization', 1, NULL, NULL, '{}', '19864b30-936d-4a8d-996a-27d17f11f00f', '{"en": "Professional training network", "fr": "Rseau professionnel formation"}', NULL, true, '2025-10-10 06:34:35.462062+00', '83829da5-294a-4199-96f3-101518e323f3', 'ac04507a-3e58-4fc5-8e2b-5ba7bd9cc5e3', NULL, NULL),
	('2025-07-23 15:09:40.207746+00', NULL, '2025-10-10 07:27:42.045475+00', NULL, 'organization', 1, NULL, NULL, '{}', '19864b30-936d-4a8d-996a-27d17f11f00f', '{"en": "Explain a complex subject", "fr": "Expliquer un sujet complexe "}', NULL, true, '2025-10-10 07:27:42.045475+00', 'b4c419ca-e935-4036-b5a1-c8e1e2043684', '7e2af8cf-f1e9-45d4-8faa-a7a0d59b1138', NULL, NULL),
	('2025-07-23 15:09:40.207746+00', NULL, '2025-10-22 16:03:23.073183+00', NULL, 'organization', 14, NULL, NULL, '{}', '19864b30-936d-4a8d-996a-27d17f11f00f', '{"en": "Prospect / client profile", "fr": "Fiche prospect / client"}', NULL, true, '2025-10-22 16:03:23.073183+00', '92e61ff0-69a7-48b2-b118-4e6b065b67b5', '6e034c75-ef0d-4ac5-8d88-f5b9a2b96f64', NULL, NULL),
	('2025-07-23 15:09:40.207746+00', NULL, '2025-10-14 08:15:16.082322+00', NULL, 'organization', 2, NULL, NULL, '{}', '19864b30-936d-4a8d-996a-27d17f11f00f', '{"en": "Legal Analysis", "fr": "Analyse juridique"}', NULL, true, '2025-10-14 08:15:16.082322+00', 'f968318e-bcf5-426c-8e69-1deba4dad748', '6e034c75-ef0d-4ac5-8d88-f5b9a2b96f64', NULL, NULL),
	('2025-07-23 15:09:40.207746+00', NULL, '2025-10-15 09:45:08.212096+00', NULL, 'organization', 1, NULL, NULL, '{}', '19864b30-936d-4a8d-996a-27d17f11f00f', '{"en": "Document Analysis", "fr": "Analyse d''un document"}', NULL, true, '2025-10-15 09:45:08.212096+00', '84f09be6-bf52-4654-b984-13e8c98cf275', '7e2af8cf-f1e9-45d4-8faa-a7a0d59b1138', NULL, NULL),
	('2025-07-23 15:09:40.207746+00', NULL, '2025-10-21 09:03:08.227761+00', NULL, 'organization', 2, NULL, NULL, '{}', '19864b30-936d-4a8d-996a-27d17f11f00f', '{"en": "Customer FAQ", "fr": "FAQ Client "}', NULL, true, '2025-10-21 09:03:08.227761+00', '0e0be45b-b2e1-4e97-8c7e-d159767314d4', '6e034c75-ef0d-4ac5-8d88-f5b9a2b96f64', NULL, NULL),
	('2025-07-23 15:09:40.207746+00', NULL, '2025-10-22 16:03:12.108688+00', NULL, 'organization', 4, NULL, NULL, '{}', '19864b30-936d-4a8d-996a-27d17f11f00f', '{"en": "Deck challenge", "fr": "Challenger son deck "}', NULL, true, '2025-10-22 16:03:12.108688+00', '5712dd34-0245-4908-810b-753761ba9d21', '6e034c75-ef0d-4ac5-8d88-f5b9a2b96f64', NULL, NULL),
	('2025-07-23 15:09:40.840438+00', NULL, NULL, NULL, 'organization', 0, NULL, NULL, '{}', '19864b30-936d-4a8d-996a-27d17f11f00f', '{"en": "Job offer", "fr": "Offre de job "}', NULL, true, '2025-09-25 13:26:54.001277+00', 'aa5a06e9-0c56-4ba7-8fd5-7931806378a0', '0a1409da-eb89-41f1-b835-247b14f1dd5c', NULL, NULL),
	('2025-07-23 15:09:40.840438+00', NULL, NULL, NULL, 'organization', 0, NULL, NULL, '{}', '19864b30-936d-4a8d-996a-27d17f11f00f', '{"en": "Preparing for a job interview", "fr": "Prparer un entretien d''embauche "}', NULL, true, '2025-09-25 13:26:54.001277+00', '1a1002b6-5838-4420-ac33-568e4050a5ca', '0a1409da-eb89-41f1-b835-247b14f1dd5c', NULL, NULL),
	('2025-07-23 15:09:40.840438+00', NULL, NULL, NULL, 'organization', 0, NULL, NULL, '{}', '19864b30-936d-4a8d-996a-27d17f11f00f', '{"en": "Overcoming limiting beliefs", "fr": "Surmonter une croyance limitante "}', NULL, false, '2025-09-25 13:26:54.001277+00', '2a4bbcca-4db8-48da-84f9-0fd4ca99782e', 'dc3fbf96-3401-44a3-ac6c-1ff26e462727', NULL, NULL),
	('2025-07-23 15:09:40.840438+00', NULL, NULL, NULL, 'organization', 0, NULL, NULL, '{}', '19864b30-936d-4a8d-996a-27d17f11f00f', '{"en": "Stress management", "fr": "Gestion du stress "}', NULL, false, '2025-09-25 13:26:54.001277+00', 'c156565f-32b8-4e87-8681-39769103ed6c', 'dc3fbf96-3401-44a3-ac6c-1ff26e462727', NULL, NULL),
	('2025-07-23 15:09:40.840438+00', NULL, NULL, NULL, 'organization', 0, NULL, NULL, '{}', '19864b30-936d-4a8d-996a-27d17f11f00f', '{"en": "Managing conflicts", "fr": "Grer un conflit "}', NULL, false, '2025-09-25 13:26:54.001277+00', '3e1804a2-1ddd-498a-ba45-7614c3418dc5', 'dc3fbf96-3401-44a3-ac6c-1ff26e462727', NULL, NULL),
	('2025-07-23 15:09:40.840438+00', NULL, NULL, NULL, 'organization', 0, NULL, NULL, '{}', '19864b30-936d-4a8d-996a-27d17f11f00f', '{"en": "Personality analysis", "fr": "Analyse de sa personnalit "}', NULL, false, '2025-09-25 13:26:54.001277+00', '74f8c44a-2679-4264-ba95-bc6d3c759d53', 'dc3fbf96-3401-44a3-ac6c-1ff26e462727', NULL, NULL),
	('2025-07-23 15:09:40.840438+00', NULL, NULL, NULL, 'organization', 0, NULL, NULL, '{}', '19864b30-936d-4a8d-996a-27d17f11f00f', '{"en": "Generate your starter pack", "fr": "Gnrer son starter Pack "}', NULL, true, '2025-09-25 13:26:54.001277+00', 'afb00565-cb04-40ab-b320-cbe98523098c', '58ac2937-c229-488d-a8fb-f995f8665e49', NULL, NULL),
	('2025-07-23 15:09:40.840438+00', NULL, NULL, NULL, 'organization', 0, NULL, NULL, '{}', '19864b30-936d-4a8d-996a-27d17f11f00f', '{"en": "Generate your Chinese portrait", "fr": "Gnrer son portrait chinois "}', NULL, true, '2025-09-25 13:26:54.001277+00', '594c3aae-32d0-4f0a-bfba-c14f7a4076d9', '58ac2937-c229-488d-a8fb-f995f8665e49', NULL, NULL),
	('2025-07-23 15:09:40.840438+00', NULL, NULL, NULL, 'organization', 0, NULL, NULL, '{}', '19864b30-936d-4a8d-996a-27d17f11f00f', '{"en": "Checklist pour une visite ", "fr": "Checklist pour une visite "}', NULL, true, '2025-09-25 13:26:54.001277+00', '6e5c6a43-18db-403b-a836-71d3d9ee8323', 'd8be3245-7cf4-4425-9f7c-bde74bf8b91c', NULL, NULL),
	('2025-07-23 15:09:40.840438+00', NULL, NULL, NULL, 'organization', 0, NULL, NULL, '{}', '19864b30-936d-4a8d-996a-27d17f11f00f', '{"en": "Estimation d''un bien ", "fr": "Estimation d''un bien "}', NULL, true, '2025-09-25 13:26:54.001277+00', '239ad25f-5a42-4869-9be7-f138ce087d26', 'd8be3245-7cf4-4425-9f7c-bde74bf8b91c', NULL, NULL),
	('2025-07-23 15:09:40.840438+00', NULL, NULL, NULL, 'organization', 0, NULL, NULL, '{}', '19864b30-936d-4a8d-996a-27d17f11f00f', '{"en": "Documents pr vendre", "fr": "Documents pr vendre"}', NULL, true, '2025-09-25 13:26:54.001277+00', '2df29be7-09fe-400b-a095-2e27bec10a05', 'd8be3245-7cf4-4425-9f7c-bde74bf8b91c', NULL, NULL),
	('2025-07-23 15:09:40.840438+00', NULL, NULL, NULL, 'organization', 0, NULL, NULL, '{}', '19864b30-936d-4a8d-996a-27d17f11f00f', '{"en": "Real estate advertisement", "fr": "Annonce immobilire "}', NULL, true, '2025-09-25 13:26:54.001277+00', 'a771a158-4a9e-4e67-9170-d8024fd7f31c', 'd8be3245-7cf4-4425-9f7c-bde74bf8b91c', NULL, NULL),
	('2025-07-23 15:09:40.840438+00', NULL, NULL, NULL, 'organization', 0, NULL, NULL, '{}', '19864b30-936d-4a8d-996a-27d17f11f00f', '{"en": "Plan de financement ", "fr": "Plan de financement "}', NULL, true, '2025-09-25 13:26:54.001277+00', '4a65480f-6f3c-4727-abab-824a79d7a8b5', 'd8be3245-7cf4-4425-9f7c-bde74bf8b91c', NULL, NULL),
	('2025-07-23 15:09:40.840438+00', NULL, NULL, NULL, 'organization', 0, NULL, NULL, '{}', '19864b30-936d-4a8d-996a-27d17f11f00f', '{"en": "Calcul des frais annexes ", "fr": "Calcul des frais annexes "}', NULL, true, '2025-09-25 13:26:54.001277+00', '4180407f-b356-47ed-92f1-91de74ebc239', 'd8be3245-7cf4-4425-9f7c-bde74bf8b91c', NULL, NULL),
	('2025-07-23 15:09:40.840438+00', NULL, NULL, NULL, 'organization', 0, NULL, NULL, '{}', '19864b30-936d-4a8d-996a-27d17f11f00f', '{"en": "Crer un programme de formation", "fr": "Crer un programme de formation"}', NULL, true, '2025-09-25 13:26:54.001277+00', '4880c551-785a-4b79-a8e0-716ef385a1b6', 'ac04507a-3e58-4fc5-8e2b-5ba7bd9cc5e3', NULL, NULL),
	('2025-07-23 15:09:40.840438+00', NULL, NULL, NULL, 'organization', 0, NULL, NULL, '{}', '19864b30-936d-4a8d-996a-27d17f11f00f', '{"en": "Approfondir un sujet ", "fr": "Approfondir un sujet "}', NULL, true, '2025-09-25 13:26:54.001277+00', '7fe75d8c-0ef9-4f0f-90a8-e63cf0b8515f', 'ac04507a-3e58-4fc5-8e2b-5ba7bd9cc5e3', NULL, NULL),
	('2025-07-23 15:09:40.840438+00', NULL, NULL, NULL, 'organization', 0, NULL, NULL, '{}', '19864b30-936d-4a8d-996a-27d17f11f00f', '{"en": "Vulgariser un sujet complexe", "fr": "Vulgariser un sujet complexe"}', NULL, true, '2025-09-25 13:26:54.001277+00', '7beec953-43b5-4d44-8a29-ddec813f271f', 'ac04507a-3e58-4fc5-8e2b-5ba7bd9cc5e3', NULL, NULL),
	('2025-07-23 15:09:40.840438+00', NULL, NULL, NULL, 'organization', 0, NULL, NULL, '{}', '19864b30-936d-4a8d-996a-27d17f11f00f', '{"en": "Faire une fiche de rvision d''un cours ", "fr": "Faire une fiche de rvision d''un cours "}', NULL, true, '2025-09-25 13:26:54.001277+00', 'ae0f06eb-5862-40ec-b456-f2c1c8138a45', 'ac04507a-3e58-4fc5-8e2b-5ba7bd9cc5e3', NULL, NULL),
	('2025-07-23 15:09:40.840438+00', NULL, NULL, NULL, 'organization', 0, NULL, NULL, '{}', '19864b30-936d-4a8d-996a-27d17f11f00f', '{"en": "Crer un examen sur un sujet ", "fr": "Crer un examen sur un sujet "}', NULL, true, '2025-09-25 13:26:54.001277+00', 'a10f9249-c4d0-438b-b7d9-a7bac6a52355', 'ac04507a-3e58-4fc5-8e2b-5ba7bd9cc5e3', NULL, NULL),
	('2025-07-23 15:09:40.840438+00', NULL, NULL, NULL, 'organization', 0, NULL, NULL, '{}', '19864b30-936d-4a8d-996a-27d17f11f00f', '{"en": "Etude de scnarios ", "fr": "Etude de scnarios "}', NULL, true, '2025-09-25 13:26:54.001277+00', 'd70a8dd1-75ca-479d-aa67-41f1023733f4', '6ddb4752-d985-412c-9cb9-173b86f2b45c', NULL, NULL),
	('2025-07-23 15:09:40.840438+00', NULL, NULL, NULL, 'organization', 0, NULL, NULL, '{}', '19864b30-936d-4a8d-996a-27d17f11f00f', '{"en": "Grille danalyse dun dilemme", "fr": "Grille danalyse dun dilemme"}', NULL, true, '2025-09-25 13:26:54.001277+00', 'b9f742cb-afdd-4012-a251-cec14dca4786', '6ddb4752-d985-412c-9cb9-173b86f2b45c', NULL, NULL),
	('2025-07-23 15:09:40.840438+00', NULL, NULL, NULL, 'organization', 0, NULL, NULL, '{}', '19864b30-936d-4a8d-996a-27d17f11f00f', '{"en": "Matrice : Arbre dcisionnel", "fr": "Matrice : Arbre dcisionnel"}', NULL, true, '2025-09-25 13:26:54.001277+00', '6c0428d0-a156-4df2-a871-87ae64096d1a', '6ddb4752-d985-412c-9cb9-173b86f2b45c', NULL, NULL),
	('2025-07-23 15:09:40.840438+00', NULL, NULL, NULL, 'organization', 0, NULL, NULL, '{}', '19864b30-936d-4a8d-996a-27d17f11f00f', '{"en": "Matrice des valeurs personnelles", "fr": "Matrice des valeurs personnelles"}', NULL, true, '2025-09-25 13:26:54.001277+00', 'b5d7a2b2-fdd3-4fee-8d87-9616a4a570b8', '6ddb4752-d985-412c-9cb9-173b86f2b45c', NULL, NULL),
	('2025-07-23 15:09:40.840438+00', NULL, NULL, NULL, 'organization', 0, NULL, NULL, '{}', '19864b30-936d-4a8d-996a-27d17f11f00f', '{"en": "Matrice de dcision - Avantage / Inconvnient ", "fr": "Matrice de dcision - Avantage / Inconvnient "}', NULL, true, '2025-09-25 13:26:54.001277+00', '9f34d43e-ebd2-435e-b64f-bcd3f655a000', '6ddb4752-d985-412c-9cb9-173b86f2b45c', NULL, NULL),
	('2025-07-23 15:09:40.840438+00', NULL, NULL, NULL, 'organization', 0, NULL, NULL, '{}', '19864b30-936d-4a8d-996a-27d17f11f00f', '{"en": "Notation d''une ide ", "fr": "Notation d''une ide "}', NULL, true, '2025-09-25 13:26:54.001277+00', 'a1400330-15f3-4067-a285-621fd06def4f', '6ddb4752-d985-412c-9cb9-173b86f2b45c', NULL, NULL),
	('2025-07-23 15:09:40.840438+00', NULL, NULL, NULL, 'organization', 0, NULL, NULL, '{}', '19864b30-936d-4a8d-996a-27d17f11f00f', '{"en": "Cration d''accroche ", "fr": "Cration d''accroche "}', NULL, false, '2025-09-25 13:26:54.001277+00', '9b0a0cb6-f9d6-4052-8f14-115820331537', '0cf52ff6-0b38-4710-a754-b86fd2c9982a', NULL, NULL),
	('2025-07-23 15:09:40.840438+00', NULL, NULL, NULL, 'organization', 0, NULL, NULL, '{}', '19864b30-936d-4a8d-996a-27d17f11f00f', '{"en": "Ides de contenu ", "fr": "Ides de contenu "}', NULL, false, '2025-09-25 13:26:54.001277+00', '3cb83671-8abe-4df1-b734-f47b3930415b', '0cf52ff6-0b38-4710-a754-b86fd2c9982a', NULL, NULL),
	('2025-07-23 15:09:40.840438+00', NULL, NULL, NULL, 'organization', 0, NULL, NULL, '{}', '19864b30-936d-4a8d-996a-27d17f11f00f', '{"en": "Crer sa biographie ", "fr": "Crer sa biographie "}', NULL, false, '2025-09-25 13:26:54.001277+00', '13225c9b-7ec1-47df-8478-ab5322a633d2', '0cf52ff6-0b38-4710-a754-b86fd2c9982a', NULL, NULL),
	('2025-07-23 15:09:41.324192+00', NULL, NULL, NULL, 'organization', 0, NULL, NULL, '{}', '19864b30-936d-4a8d-996a-27d17f11f00f', '{"en": "Simuler un litige et les options", "fr": "Simuler un litige et les options"}', NULL, true, '2025-09-25 13:26:54.001277+00', '05b1aa1e-1749-4fc5-869a-86d311db22b5', '555b372f-12c1-47d5-8026-aed205b5b5b8', NULL, NULL),
	('2025-07-23 15:09:41.324192+00', NULL, NULL, NULL, 'organization', 0, NULL, NULL, '{}', '19864b30-936d-4a8d-996a-27d17f11f00f', '{"en": "Comprendre un concept juridique ", "fr": "Comprendre un concept juridique "}', NULL, true, '2025-09-25 13:26:54.001277+00', '5ecbab93-15c3-4d56-84e2-c71143706a75', '555b372f-12c1-47d5-8026-aed205b5b5b8', NULL, NULL),
	('2025-07-23 15:09:41.324192+00', NULL, NULL, NULL, 'organization', 0, NULL, NULL, '{}', '19864b30-936d-4a8d-996a-27d17f11f00f', '{"en": "Clause de confidentialit", "fr": "Clause de confidentialit"}', NULL, true, '2025-09-25 13:26:54.001277+00', '6fcc03f5-bc38-4b57-98ea-8b494a088e43', '555b372f-12c1-47d5-8026-aed205b5b5b8', NULL, NULL),
	('2025-07-23 15:09:41.324192+00', NULL, NULL, NULL, 'organization', 0, NULL, NULL, '{}', '19864b30-936d-4a8d-996a-27d17f11f00f', '{"en": "Comprendre un texte de loi ", "fr": "Comprendre un texte de loi "}', NULL, true, '2025-09-25 13:26:54.001277+00', '80404d59-14d0-427c-a64d-070cd553d4be', '555b372f-12c1-47d5-8026-aed205b5b5b8', NULL, NULL),
	('2025-07-23 15:09:41.324192+00', NULL, NULL, NULL, 'organization', 0, NULL, NULL, '{}', '19864b30-936d-4a8d-996a-27d17f11f00f', '{"en": "Simulation entretien", "fr": "Simulation entretien"}', NULL, true, '2025-09-25 13:26:54.001277+00', 'c95cd97f-2e6e-4a03-9256-66a20bf93982', '560f56ff-2086-4cf2-b78c-cad246d5cb51', NULL, NULL),
	('2025-07-23 15:09:41.324192+00', NULL, NULL, NULL, 'organization', 0, NULL, NULL, '{}', '19864b30-936d-4a8d-996a-27d17f11f00f', '{"en": "Challenger un CV ", "fr": "Challenger un CV "}', NULL, true, '2025-09-25 13:26:54.001277+00', 'e8883123-c7e1-4ba1-9fe3-decd0b0f96cd', '560f56ff-2086-4cf2-b78c-cad246d5cb51', NULL, NULL),
	('2025-07-23 15:09:41.324192+00', NULL, NULL, NULL, 'organization', 0, NULL, NULL, '{}', '19864b30-936d-4a8d-996a-27d17f11f00f', '{"en": "Rdiger une lettre de motivation ", "fr": "Rdiger une lettre de motivation "}', NULL, true, '2025-09-25 13:26:54.001277+00', '974964d2-a0a4-449c-afd2-f3b921bcbf1e', '560f56ff-2086-4cf2-b78c-cad246d5cb51', NULL, NULL),
	('2025-07-23 15:09:41.324192+00', NULL, NULL, NULL, 'organization', 0, NULL, NULL, '{}', '19864b30-936d-4a8d-996a-27d17f11f00f', '{"en": "Actualit de l''entreprise", "fr": "Actualit de l''entreprise"}', NULL, true, '2025-09-25 13:26:54.001277+00', '08a8d10b-783a-4f97-864c-2704de49ebe5', '560f56ff-2086-4cf2-b78c-cad246d5cb51', NULL, NULL),
	('2025-07-23 15:09:41.324192+00', NULL, NULL, NULL, 'organization', 0, NULL, NULL, '{}', '19864b30-936d-4a8d-996a-27d17f11f00f', '{"en": "Match CV - OFFRE", "fr": "Match CV - OFFRE"}', NULL, true, '2025-09-25 13:26:54.001277+00', 'c120ec49-7bc9-442d-9c8b-66ac61abfdca', '560f56ff-2086-4cf2-b78c-cad246d5cb51', NULL, NULL),
	('2025-07-23 15:09:41.324192+00', NULL, NULL, NULL, 'organization', 0, NULL, NULL, '{}', '19864b30-936d-4a8d-996a-27d17f11f00f', '{"en": "Prparer un oral de plaidoirie", "fr": "Prparer un oral de plaidoirie"}', NULL, true, '2025-09-25 13:26:54.001277+00', '390d6693-897c-4eee-a170-f84e3bb48be7', '555b372f-12c1-47d5-8026-aed205b5b5b8', NULL, NULL),
	('2025-07-23 15:09:41.324192+00', NULL, NULL, NULL, 'organization', 0, NULL, NULL, '{}', '19864b30-936d-4a8d-996a-27d17f11f00f', '{"en": "Synthtiser un arrt juridique", "fr": "Synthtiser un arrt juridique"}', NULL, true, '2025-09-25 13:26:54.001277+00', '837f9e57-3509-4a83-bf99-2fad9d99d32e', '555b372f-12c1-47d5-8026-aed205b5b5b8', NULL, NULL),
	('2025-07-23 15:09:41.841118+00', NULL, NULL, NULL, 'organization', 0, NULL, NULL, '{}', '19864b30-936d-4a8d-996a-27d17f11f00f', '{"en": "Designing e-learning modules", "fr": "Conception de modules e-learning"}', NULL, true, '2025-09-25 13:26:54.001277+00', '8c79a773-7769-4b36-b6bd-3b2a89b501d6', 'ac04507a-3e58-4fc5-8e2b-5ba7bd9cc5e3', NULL, NULL),
	('2025-07-23 15:09:41.841118+00', NULL, NULL, NULL, 'organization', 0, NULL, NULL, '{}', '19864b30-936d-4a8d-996a-27d17f11f00f', '{"en": "Evaluating training effectiveness", "fr": "valuation de l''efficacit formation"}', NULL, true, '2025-09-25 13:26:54.001277+00', '80c564f5-e0ad-48b6-8f32-ca191323e547', 'ac04507a-3e58-4fc5-8e2b-5ba7bd9cc5e3', NULL, NULL),
	('2025-07-23 15:09:41.841118+00', NULL, NULL, NULL, 'organization', 0, NULL, NULL, '{}', '19864b30-936d-4a8d-996a-27d17f11f00f', '{"en": "Decision-making in uncertain situations", "fr": "Dcisions en situation d''incertitude"}', NULL, true, '2025-09-25 13:26:54.001277+00', '9cea0c85-2eb5-4dd9-8cc1-53d195de131f', '6ddb4752-d985-412c-9cb9-173b86f2b45c', NULL, NULL),
	('2025-07-23 15:09:41.841118+00', NULL, NULL, NULL, 'organization', 0, NULL, NULL, '{}', '19864b30-936d-4a8d-996a-27d17f11f00f', '{"en": "Effective collective decision-making", "fr": "Dcisions collectives efficaces"}', NULL, true, '2025-09-25 13:26:54.001277+00', 'df82ee4e-97e9-4fad-811d-892ff184e8e2', '6ddb4752-d985-412c-9cb9-173b86f2b45c', NULL, NULL),
	('2025-07-23 15:09:41.841118+00', NULL, NULL, NULL, 'organization', 0, NULL, NULL, '{}', '19864b30-936d-4a8d-996a-27d17f11f00f', '{"en": "Job searching on social media", "fr": "Recherche d''emploi sur les rseaux sociaux"}', NULL, true, '2025-09-25 13:26:54.001277+00', '955e7299-a5b3-442e-8d63-7120ac77dab3', '560f56ff-2086-4cf2-b78c-cad246d5cb51', NULL, NULL),
	('2025-07-23 15:09:41.841118+00', NULL, NULL, NULL, 'organization', 0, NULL, NULL, '{}', '19864b30-936d-4a8d-996a-27d17f11f00f', '{"en": "Tracking job applications", "fr": "Suivi des candidatures"}', NULL, true, '2025-09-25 13:26:54.001277+00', '3e12e3ce-3b2b-430e-a781-427c4f4f5f5e', '560f56ff-2086-4cf2-b78c-cad246d5cb51', NULL, NULL),
	('2025-07-23 15:09:41.841118+00', NULL, NULL, NULL, 'organization', 0, NULL, NULL, '{}', '19864b30-936d-4a8d-996a-27d17f11f00f', '{"en": "Personal skills assessment", "fr": "Bilan de comptences personnel"}', NULL, true, '2025-09-25 13:26:54.001277+00', 'f266cdab-3649-476f-b4e8-784b308d98b0', 'ac04507a-3e58-4fc5-8e2b-5ba7bd9cc5e3', NULL, NULL),
	('2025-07-23 15:09:41.841118+00', NULL, NULL, NULL, 'organization', 0, NULL, NULL, '{}', '19864b30-936d-4a8d-996a-27d17f11f00f', '{"en": "Professional monitoring", "fr": "Veille professionnelle"}', NULL, true, '2025-09-25 13:26:54.001277+00', '431b5454-1af4-456d-9a54-d81b8ce212cd', 'ac04507a-3e58-4fc5-8e2b-5ba7bd9cc5e3', NULL, NULL),
	('2025-07-23 15:09:41.841118+00', NULL, NULL, NULL, 'organization', 0, NULL, NULL, '{}', '19864b30-936d-4a8d-996a-27d17f11f00f', '{"en": "Effective online learning", "fr": "Apprentissage en ligne efficace"}', NULL, true, '2025-09-25 13:26:54.001277+00', '714a06be-e76a-48ba-9bf7-cf924994b891', 'ac04507a-3e58-4fc5-8e2b-5ba7bd9cc5e3', NULL, NULL),
	('2025-07-23 15:09:41.841118+00', NULL, NULL, NULL, 'organization', 0, NULL, NULL, '{}', '19864b30-936d-4a8d-996a-27d17f11f00f', '{"en": "Funding training", "fr": "Financement de formation"}', NULL, true, '2025-09-25 13:26:54.001277+00', 'b4374b80-c33e-4a98-b1c1-848a483b91d5', 'ac04507a-3e58-4fc5-8e2b-5ba7bd9cc5e3', NULL, NULL),
	('2025-07-23 15:09:41.841118+00', NULL, NULL, NULL, 'organization', 0, NULL, NULL, '{}', '19864b30-936d-4a8d-996a-27d17f11f00f', '{"en": "Transfer of learning", "fr": "Transfert des acquis"}', NULL, true, '2025-09-25 13:26:54.001277+00', '4aba847f-17d5-4a4c-99a2-e96aa832d0b1', 'ac04507a-3e58-4fc5-8e2b-5ba7bd9cc5e3', NULL, NULL),
	('2025-10-03 17:18:53.104186+00', NULL, NULL, NULL, 'user', 0, '6d90f22e-dfa0-4b34-a88f-c4a533dc85ab', NULL, NULL, NULL, '{"en": "ded"}', NULL, false, '2025-10-03 17:18:53.227211+00', '4b4a6748-ec31-4ba2-998c-4ed3cc406f3a', NULL, NULL, 131),
	('2025-10-06 09:19:13.097268+00', NULL, '2025-10-15 06:29:26.509372+00', NULL, 'organization', 4, NULL, NULL, '{"en": "Prompt  utiliser pour lancer tous les aspects pralables  l''analyse d''opportunit. Recommande pour le mode \"Deep Research\" de ChatGPT"}', 'a0a0e03a-fdbe-4924-83fd-8d4a547c5892', '{"en": "Analyse dopportunit ( recherche approfondie)"}', NULL, false, '2025-10-15 06:29:26.509372+00', '0685171e-a4d7-4bfc-bd8c-6cfc671372bc', '6c5ca58d-d07e-4db7-bc3f-8083c8f5a0c4', NULL, 132),
	('2025-10-06 12:38:21.976917+00', NULL, '2025-10-10 09:47:27.984267+00', NULL, 'user', 2, '947ec8bb-d278-4cd8-9d77-6d9c091ad0f6', NULL, '{"en": "jjjj"}', NULL, '{"en": "jjujjj"}', NULL, false, '2025-10-10 09:47:27.984267+00', '070f86ec-249e-41b8-81e1-6fe59a85d671', NULL, NULL, 138),
	('2025-10-06 09:38:59.193826+00', NULL, '2025-10-14 19:02:51.789897+00', NULL, 'organization', 17, NULL, NULL, '{"en": "Prompt  utiliser afin d''identifier via les ressources disponibles sur le web les concurrents d''une start-up"}', 'a0a0e03a-fdbe-4924-83fd-8d4a547c5892', '{"en": "Identification des concurrents"}', NULL, false, '2025-10-14 19:02:51.789897+00', '59973450-0554-405f-8cbd-d19657713faf', 'c37fb64a-e55c-4a39-a734-a5590d1d8192', NULL, 135),
	('2025-10-06 09:25:05.292715+00', NULL, '2025-10-15 10:56:09.404741+00', NULL, 'organization', 9, NULL, NULL, '{"en": "Prompt  utiliser pour obtenir un tableau rcap synthtique d''une analyse d''opportunit faite via le prompt optimis pour la \"Deep Research\""}', 'a0a0e03a-fdbe-4924-83fd-8d4a547c5892', '{"en": "Tableau Rcap"}', NULL, false, '2025-10-15 10:56:09.404741+00', 'ca402200-d312-4cb5-9bc6-f826c0695c36', '6c5ca58d-d07e-4db7-bc3f-8083c8f5a0c4', NULL, 133),
	('2025-07-23 15:09:40.840438+00', NULL, '2025-10-09 12:08:01.60294+00', NULL, 'organization', 1, NULL, NULL, '{}', '19864b30-936d-4a8d-996a-27d17f11f00f', '{"en": "Impact of indicator variations on an industry", "fr": "Impact des variations d''un indicateur sur une industrie "}', NULL, true, '2025-10-09 12:08:01.60294+00', 'af54544c-a1f7-4e72-8640-3c9c1d5f6064', 'd1563751-2b27-4902-a364-291348bbb4ad', NULL, NULL),
	('2025-07-23 15:09:41.324192+00', NULL, '2025-10-09 12:11:48.15458+00', NULL, 'organization', 1, NULL, NULL, '{}', '19864b30-936d-4a8d-996a-27d17f11f00f', '{"en": "Analyse de CGU ", "fr": "Analyse de CGU "}', NULL, true, '2025-10-09 12:11:48.15458+00', 'd0c49a04-18f5-46cb-8ffa-a6062c9c514b', '555b372f-12c1-47d5-8026-aed205b5b5b8', NULL, NULL),
	('2025-10-09 14:04:51.953638+00', NULL, '2025-10-15 12:37:13.431053+00', NULL, 'organization', 24, NULL, NULL, '{}', 'a0a0e03a-fdbe-4924-83fd-8d4a547c5892', '{"en": "Analyse produit"}', NULL, true, '2025-10-15 12:37:13.431053+00', '0afc4cba-f28b-4bdb-b5ed-c557c6cb9a3e', '78812c7e-254f-4031-90d8-fe123691b65b', NULL, 147),
	('2025-10-10 09:47:51.02832+00', NULL, '2025-10-10 09:48:12.204961+00', NULL, 'user', 2, '947ec8bb-d278-4cd8-9d77-6d9c091ad0f6', NULL, '{}', NULL, '{"fr": "Quentinou"}', NULL, true, '2025-10-10 09:48:12.204961+00', '87facb94-d114-40eb-b360-c2e35d2f5ca3', '6a9b3dd6-ae83-44f5-baca-e4a5ae3339ad', NULL, 154),
	('2025-10-10 12:06:35.938736+00', NULL, NULL, NULL, 'user', 0, '947ec8bb-d278-4cd8-9d77-6d9c091ad0f6', NULL, '{}', NULL, '{"fr": "test"}', NULL, true, '2025-10-10 12:06:36.098185+00', 'cd209b7b-63d3-4b48-bf67-cdac876d5be3', NULL, NULL, 155),
	('2025-10-10 12:52:17.529862+00', NULL, '2025-10-10 12:52:22.723745+00', NULL, 'user', 1, 'e1e08a40-7482-46e0-87dc-890212ff9148', NULL, '{}', NULL, '{"fr": "Dossier"}', NULL, true, '2025-10-10 12:52:22.723745+00', 'a7cf8be2-99f8-4a9e-a33c-1d9a23accc9a', '735f1b02-e8bc-49f6-abb6-92d17e0c29c5', NULL, 156),
	('2025-10-10 12:58:12.750915+00', NULL, NULL, NULL, 'user', 0, 'e1e08a40-7482-46e0-87dc-890212ff9148', NULL, '{}', NULL, '{"fr": "Jaydai"}', NULL, true, '2025-10-10 12:58:12.878953+00', '33228ff7-e420-4895-8d0f-9dc6cebd5035', '8d88474c-dbd0-4e72-af83-a891a46f3430', NULL, 157),
	('2025-10-09 13:35:27.983459+00', NULL, '2025-10-16 09:17:06.759771+00', NULL, 'organization', 7, NULL, NULL, '{}', 'a0a0e03a-fdbe-4924-83fd-8d4a547c5892', '{"en": "Analyse des KPI Business"}', NULL, true, '2025-10-16 09:17:06.759771+00', '622ab07c-6458-4b61-82f6-e58ef6daf859', 'd522f0f3-e893-4bd5-b2e4-d28dfbbb298b', NULL, 145),
	('2025-10-10 13:51:47.418326+00', NULL, NULL, NULL, 'user', 0, '947ec8bb-d278-4cd8-9d77-6d9c091ad0f6', NULL, '{"en": "trtrtr"}', NULL, '{"en": "teteteet"}', NULL, true, '2025-10-10 13:51:47.587015+00', '5b86cffa-add1-4a7b-a23b-9472113e43a6', '6a9b3dd6-ae83-44f5-baca-e4a5ae3339ad', NULL, 162),
	('2025-10-10 13:52:56.67019+00', NULL, NULL, NULL, 'user', 0, '947ec8bb-d278-4cd8-9d77-6d9c091ad0f6', NULL, '{"en": "opop"}', NULL, '{"en": "opopo"}', NULL, true, '2025-10-10 13:52:56.794878+00', '3607085e-470e-4afc-8ece-7cbffb97a4d6', '6a9b3dd6-ae83-44f5-baca-e4a5ae3339ad', NULL, 163),
	('2025-10-10 13:36:16.992349+00', NULL, '2025-10-10 15:03:42.81268+00', NULL, 'user', 1, '947ec8bb-d278-4cd8-9d77-6d9c091ad0f6', NULL, '{}', NULL, '{"fr": "test"}', NULL, true, '2025-10-10 15:03:42.81268+00', 'e3bbb2f6-ce97-4f48-98cd-f95cff21147e', NULL, NULL, 158),
	('2025-10-10 17:08:24.148765+00', NULL, NULL, NULL, 'user', 0, '947ec8bb-d278-4cd8-9d77-6d9c091ad0f6', NULL, '{}', NULL, '{"fr": "kp"}', NULL, true, '2025-10-10 17:08:24.379464+00', '040e8df9-b946-4687-9439-74348696a827', NULL, NULL, 178),
	('2025-10-10 17:00:18.585141+00', NULL, '2025-10-10 18:14:28.559982+00', NULL, 'user', 2, '947ec8bb-d278-4cd8-9d77-6d9c091ad0f6', NULL, '{}', NULL, '{"fr": ";k;okpkoko"}', NULL, true, '2025-10-10 18:14:28.559982+00', '34818e00-b00a-442b-a4e3-cb25daec5545', NULL, NULL, 177),
	('2025-10-14 17:58:20.58849+00', NULL, '2025-10-14 17:58:24.047178+00', NULL, 'user', 1, '947ec8bb-d278-4cd8-9d77-6d9c091ad0f6', NULL, '{}', NULL, '{"fr": "je veux etre vu"}', NULL, true, '2025-10-14 17:58:24.047178+00', 'c5aa2046-a945-4056-b067-bbe8feafe99c', '58ad39f3-96c8-4a20-b949-7ae831d8f8a1', NULL, 199),
	('2025-10-10 13:37:30.404114+00', NULL, '2025-10-15 09:58:04.749473+00', NULL, 'user', 2, '947ec8bb-d278-4cd8-9d77-6d9c091ad0f6', NULL, '{}', NULL, '{"fr": "encore"}', NULL, true, '2025-10-15 09:58:04.749473+00', '9a31e620-baaf-4bd3-8034-56c2c0065b1f', NULL, NULL, 159),
	('2025-10-09 14:22:15.354322+00', NULL, '2025-10-15 07:45:37.040098+00', NULL, 'organization', 16, NULL, NULL, '{}', 'a0a0e03a-fdbe-4924-83fd-8d4a547c5892', '{"en": "Analyse des brevets"}', NULL, true, '2025-10-15 07:45:37.040098+00', 'cc34c21c-f673-4d85-b0bc-b412e7a7b877', '78812c7e-254f-4031-90d8-fe123691b65b', NULL, 148),
	('2025-10-14 17:58:44.922822+00', NULL, NULL, NULL, 'user', 0, '947ec8bb-d278-4cd8-9d77-6d9c091ad0f6', NULL, '{}', NULL, '{"fr": "blablab"}', NULL, true, '2025-10-14 17:58:45.024675+00', 'b391445b-0a14-471a-81a9-bef9465c5aba', '6a9b3dd6-ae83-44f5-baca-e4a5ae3339ad', NULL, 200),
	('2025-10-10 13:37:55.098022+00', NULL, '2025-10-14 18:11:34.950879+00', NULL, 'user', 1, '947ec8bb-d278-4cd8-9d77-6d9c091ad0f6', NULL, '{"en": "oioio"}', NULL, '{"en": "ioi"}', NULL, true, '2025-10-14 18:11:34.950879+00', 'dd5a5376-a3df-4568-acbc-b29cf30eed58', NULL, NULL, 160),
	('2025-10-06 09:41:36.859916+00', NULL, '2025-10-15 00:29:32.337807+00', NULL, 'organization', 10, NULL, NULL, '{"en": "Identifier les diffrents lments financiers importants  prendre en compte"}', 'a0a0e03a-fdbe-4924-83fd-8d4a547c5892', '{"en": "Leve de fonds, exits, faillites"}', NULL, false, '2025-10-15 00:29:32.337807+00', 'd873afad-f570-4f6c-993f-cc0d1e8dc9c3', 'c37fb64a-e55c-4a39-a734-a5590d1d8192', NULL, 136),
	('2025-10-15 00:41:40.255006+00', NULL, NULL, NULL, 'user', 0, '947ec8bb-d278-4cd8-9d77-6d9c091ad0f6', NULL, '{"en": "fefr"}', NULL, '{"en": "refer"}', NULL, true, '2025-10-15 00:41:40.744743+00', 'dc04e22e-b225-4d65-b53d-17320c29252c', NULL, NULL, 218),
	('2025-10-15 00:47:38.932802+00', NULL, NULL, NULL, 'user', 0, '947ec8bb-d278-4cd8-9d77-6d9c091ad0f6', NULL, '{"en": "fewfww"}', NULL, '{"en": "teeest"}', NULL, true, '2025-10-15 00:47:39.012733+00', '0bc77942-a134-4baf-866b-763df0ba162b', NULL, NULL, 219),
	('2025-10-15 00:50:14.84399+00', NULL, NULL, NULL, 'user', 0, '947ec8bb-d278-4cd8-9d77-6d9c091ad0f6', NULL, '{"en": "eddd"}', NULL, '{"en": "okkk"}', NULL, true, '2025-10-15 00:50:14.919346+00', '6bcdf33e-1ea1-47bf-ad2d-5df88b8fe676', '6a9b3dd6-ae83-44f5-baca-e4a5ae3339ad', NULL, 220),
	('2025-10-15 00:51:33.612596+00', NULL, NULL, NULL, 'user', 0, '947ec8bb-d278-4cd8-9d77-6d9c091ad0f6', NULL, '{"en": "rtehhth"}', NULL, '{"en": "uht"}', NULL, true, '2025-10-15 00:51:33.737632+00', '0bb3ce7f-894a-46de-a336-6ce6b4b71deb', NULL, NULL, 221),
	('2025-10-15 00:54:17.325103+00', NULL, NULL, NULL, 'user', 0, '947ec8bb-d278-4cd8-9d77-6d9c091ad0f6', NULL, '{"en": "trehrthh"}', NULL, '{"en": "trertht"}', NULL, true, '2025-10-15 00:54:17.413445+00', '3023e64e-cbab-44b6-88f5-4c920f8af179', NULL, NULL, 222),
	('2025-10-16 08:18:14.916406+00', NULL, '2025-10-20 14:41:23.869894+00', NULL, 'organization', 5, '95fec575-147d-49ba-bd8d-d8c1295159e6', NULL, '{}', 'f8d0fe34-32ff-4d90-87ed-28e83c50f953', '{"en": "Analyse financire socit cte - Style Vernimmen"}', NULL, true, '2025-10-20 14:41:23.869894+00', '942db23b-28b3-45bf-bef0-8a0749753ed6', '955c551e-f7e1-4950-a87c-7f4b57578bd5', NULL, 240),
	('2025-10-15 01:04:31.570608+00', NULL, NULL, NULL, 'organization', 0, '947ec8bb-d278-4cd8-9d77-6d9c091ad0f6', NULL, '{"en": "yth"}', '19864b30-936d-4a8d-996a-27d17f11f00f', '{"en": "ytehtyh"}', NULL, true, '2025-10-15 01:04:31.755087+00', '59947887-15e4-4fc4-a565-07aad53831ae', NULL, NULL, 224),
	('2025-10-15 06:33:59.84527+00', NULL, '2025-10-15 06:35:17.418327+00', NULL, 'user', 1, '95fec575-147d-49ba-bd8d-d8c1295159e6', NULL, '{}', NULL, '{"fr": "Test"}', NULL, true, '2025-10-15 06:35:17.418327+00', '26878071-a631-49c6-872b-da4386f9270e', '6d5ffe97-39b0-4c8f-a461-aca582a52644', NULL, 228),
	('2025-10-15 10:44:55.691721+00', NULL, '2025-10-21 13:34:52.194035+00', NULL, 'organization', 10, '95fec575-147d-49ba-bd8d-d8c1295159e6', NULL, '{}', 'a0a0e03a-fdbe-4924-83fd-8d4a547c5892', '{"en": "Analyse des dirigeants"}', NULL, true, '2025-10-21 13:34:52.194035+00', '8d7f1d84-aacb-49f9-9fd2-f7b2a912d776', 'a330b6ac-47f8-4a26-9871-7d0937241049', NULL, 231),
	('2025-10-15 15:41:12.828197+00', NULL, '2025-10-15 15:42:09.066272+00', NULL, 'organization', 1, '947ec8bb-d278-4cd8-9d77-6d9c091ad0f6', NULL, '{"en": "kpokpko"}', 'a0a0e03a-fdbe-4924-83fd-8d4a547c5892', '{"en": "test"}', NULL, true, '2025-10-15 15:42:09.066272+00', '57735546-1b3c-4272-9f42-339e4a4c28bd', '69d989da-b8bb-42b2-8329-4a7ce2cac53c', NULL, 238),
	('2025-10-15 10:35:16.46969+00', NULL, NULL, NULL, 'user', 0, '95fec575-147d-49ba-bd8d-d8c1295159e6', NULL, '{}', NULL, '{"fr": "TEst"}', NULL, true, '2025-10-15 10:35:16.617702+00', '960ea9e0-f9d1-47b3-a2cf-ab6c39959710', 'b9a5ca95-8a46-40ba-aee6-44d5b19191ea', NULL, 230),
	('2025-10-16 08:38:10.979913+00', NULL, NULL, NULL, 'organization', 0, '95fec575-147d-49ba-bd8d-d8c1295159e6', NULL, '{}', 'f8d0fe34-32ff-4d90-87ed-28e83c50f953', '{"en": "Synthse financire pour un board"}', NULL, true, '2025-10-16 08:38:11.179044+00', '1c2589b0-0670-4cf2-a312-012cd9adbd50', '955c551e-f7e1-4950-a87c-7f4b57578bd5', NULL, 241),
	('2025-10-15 10:47:46.429431+00', NULL, '2025-10-15 10:56:05.5815+00', NULL, 'user', 2, '95fec575-147d-49ba-bd8d-d8c1295159e6', NULL, '{}', NULL, '{"fr": "Dveloppement perso"}', NULL, true, '2025-10-15 10:56:05.5815+00', '8cdd2c93-6ae4-4d84-b345-94c9f4a568f1', '3be04320-9714-4794-a8fc-9143eecc8225', NULL, 232),
	('2025-10-16 09:32:26.725016+00', NULL, NULL, NULL, 'organization', 0, '95fec575-147d-49ba-bd8d-d8c1295159e6', NULL, '{}', 'f8d0fe34-32ff-4d90-87ed-28e83c50f953', '{"en": "Comparaison ESG 2 entreprises"}', NULL, true, '2025-10-16 09:32:26.854824+00', '88568fe8-7687-44db-a337-fe0dfa5e9ef3', '12ac27d9-7b89-4e2a-9a23-083a84d503c1', NULL, 244),
	('2025-10-16 09:31:30.197723+00', NULL, '2025-10-16 13:44:27.516018+00', NULL, 'organization', 4, '95fec575-147d-49ba-bd8d-d8c1295159e6', NULL, '{}', 'f8d0fe34-32ff-4d90-87ed-28e83c50f953', '{"en": "performance ESG"}', NULL, true, '2025-10-16 13:44:27.516018+00', '0dfabe1c-848a-47b7-b333-e54106839e7d', '12ac27d9-7b89-4e2a-9a23-083a84d503c1', NULL, 243),
	('2025-10-16 13:46:39.214292+00', NULL, NULL, NULL, 'organization', 0, '95fec575-147d-49ba-bd8d-d8c1295159e6', NULL, '{}', 'f8d0fe34-32ff-4d90-87ed-28e83c50f953', '{"en": "Analyse de march"}', NULL, true, '2025-10-16 13:46:39.396499+00', '11691eaa-85a7-4010-bad3-a8594672c7c9', 'f4e4127b-6d44-40d6-830b-db326e0c03a1', NULL, 245),
	('2025-07-23 15:09:40.207746+00', NULL, '2025-11-05 16:47:31.173203+00', NULL, 'organization', 2, NULL, NULL, '{}', '19864b30-936d-4a8d-996a-27d17f11f00f', '{"en": "Sent a mail", "fr": "Envoyer un mail "}', NULL, true, '2025-11-05 16:47:31.173203+00', '02a3f1bb-fdf4-4212-8e2f-505f42138a70', '7e2af8cf-f1e9-45d4-8faa-a7a0d59b1138', NULL, NULL),
	('2025-11-05 17:04:05.995741+00', NULL, '2025-11-05 17:05:35.098366+00', NULL, 'user', 1, '478b7491-ff6c-490b-982c-a4dc866dcefc', NULL, '{"fr": "a"}', NULL, '{"fr": "oui"}', NULL, true, '2025-11-05 17:05:35.098366+00', 'f1fca1b9-8e72-43b0-8907-4fa8a5f3bf52', NULL, NULL, 248),
	('2025-07-23 15:09:40.207746+00', NULL, '2025-11-06 09:42:08.036424+00', NULL, 'organization', 1, NULL, NULL, '{}', '19864b30-936d-4a8d-996a-27d17f11f00f', '{"en": "Learn a new topic", "fr": "Apprendre un nouveau sujet"}', NULL, true, '2025-11-06 09:42:08.036424+00', '4ccd8560-98df-4ab7-af7d-f3d3568352b2', '7e2af8cf-f1e9-45d4-8faa-a7a0d59b1138', NULL, NULL),
	('2025-11-05 17:01:26.66939+00', NULL, '2025-11-06 16:57:28.529824+00', NULL, 'user', 5, '478b7491-ff6c-490b-982c-a4dc866dcefc', NULL, '{}', NULL, '{"fr": "Mto ?"}', NULL, true, '2025-11-06 16:57:28.529824+00', '512ec0bc-7961-43b0-a91c-b4876428641c', '156e6146-9aa7-488a-ba08-828e31ff7023', NULL, 247),
	('2025-10-10 08:14:01.828711+00', NULL, '2025-11-23 13:22:14.291125+00', NULL, 'user', 3, '0eaa7f45-1f7e-403b-84fc-f02d0f0e18a4', NULL, '{"fr": "test test gotti"}', NULL, '{"fr": "test test Gotti"}', NULL, true, '2025-11-23 13:22:14.292522+00', 'ce830523-21c3-4a0b-b4e2-d71983e8c6e9', NULL, NULL, 153),
	('2025-11-23 13:57:06.60611+00', '{}', NULL, NULL, 'user', 0, 'eff2a1fd-210c-4b44-9a6f-81af6534c3c8', NULL, '{"fr": "ijjijij"}', NULL, '{"fr": "jojij"}', NULL, true, '2025-11-23 13:57:06.60611+00', '54a0d6a3-a3b5-456a-83d1-5947a4f394e6', NULL, NULL, NULL);


--
-- Data for Name: prompt_templates_versions; Type: TABLE DATA; Schema: public; Owner: postgres
--

INSERT INTO "public"."prompt_templates_versions" ("id", "created_at", "updated_at", "name", "content", "author_id", "usage_count", "parent_version_id", "change_notes", "status", "template_id", "is_current", "optimized_for", "is_published", "slug") VALUES
	(213, '2025-10-14 19:37:03.629213+00', '2025-11-23 13:20:29.968481+00', 'V2 - jb test', '{"fr": "**Rle:**\nTu es un expert en proprit intellectuelle et en veille technologique, spcialis dans lanalyse des portefeuilles de brevets, la cartographie de linnovation industrielle, et la stratgie PI des entreprises innovantes.\n\n**Contexte:**\nJe suis un Business Angel et souhaite obtenir une analyse approfondie du portefeuille de brevets dune entreprise spcifique pour mieux comprendre son avantage comparatif. Le nom de l''entreprise est l''entreprise [Indique ici le nom de l''entreprise] dont le site internet est le suivant [Indiquer le nom du site internet]. \nCette analyse doit me permettre de comprendre la stratgie PI de lentreprise, de cartographier ses brevets (par domaines technologiques, gographies, acteurs), et dvaluer la valeur stratgique relle de ces brevets (diffrenciation, innovation, opportunisme, etc.). \n\n**Objectif:**\nTu dois me fournir un diagnostic expert structur selon les trois axes suivants : \n- Analyse stratgique de la PI : cohrence globale, couverture technologique et gographique, alignement avec les activits de lentreprise. \n- Cartographie analytique : ventilation des brevets par thmatique, date, pays, et type dinnovation, avec des sources srieuses (Espacenet, WIPO, USPTO, INPI, Google Patents) et des liens directs vers les brevets. \n- valuation de la diffrenciation : degr dinnovation, originalit, caractre de rupture ou stratgie dfensive. \n\n**Contrainte:** \n- Analyse uniquement base sur des donnes relles, vrifiables en utilisant des sources reconnues \n- Aucun lment fictif ou spculatif. \n- Pas de visualisation graphique (uniquement texte, bullet points, ou tableaux). \n- Liens directs vers les brevets dposs. \n- Possibilit dinclure une comparaison avec les concurrents si cela apporte un clairage stratgique. \n- Fournis obligatoirement  la fin une section ''Sources'' avec tous les liens consults. Chaque lien doit tre en format URL complet et cliquable (lien actif, pas du texte simple). Organise les sources par catgorie.\"\n\n**Ton & Style:** \n- Professionnel, analytique, neutre, structur. \n\n**Audience:** \n- Soit didactique, ton audience n''est pas une audience technique mais un investisseur qui souhaite savoir si les technologies brevetes reprsentent un avantage comparatif\n\n**Format de sortie:**\n Introduction synthtique du primtre analys. \n Partie 1 : Analyse stratgique de la PI (forces, faiblesses, objectifs apparents). \n Partie 2 : Cartographie analytique des brevets dposs (par thmatique, temporalit, pays), avec liens vers les bases brevets. Met tes rsultats dans un tableau avec une explication dtaille mais didactique de chaque brevet. \n Partie 3 : Analyse du caractre diffrenciateur (originalit, valeur ajoute, impact potentiel). Soit le plus dtaill possible et comprhensible pour un investisseur. \n Conclusion : synthse et recommandations stratgiques.\n\n"}', '95fec575-147d-49ba-bd8d-d8c1295159e6', 0, NULL, '{"en": "", "fr": ""}', 'certified', 'cc34c21c-f673-4d85-b0bc-b412e7a7b877', false, '{chatgpt,copilot}', true, 'v2-v2-jb-test'),
	(138, '2025-10-06 12:38:22.034806+00', '2025-11-23 07:26:51.70446+00', '1.0', '{"en": "**Rle:**\ntest test test\n\n**Contexte:**\n\n**Format de sortie:**\n\n"}', '947ec8bb-d278-4cd8-9d77-6d9c091ad0f6', 0, NULL, '{"en": "Initial version of jjujjj", "fr": "Version initiale de jjujjj"}', 'draft', '070f86ec-249e-41b8-81e1-6fe59a85d671', true, '{copilot}', false, 'v1-1-0'),
	(147, '2025-10-09 14:04:52.02482+00', '2025-11-23 07:26:51.70446+00', '1.0', '{"en": "**Rle:**\nTu es un Business Angel avec plus de 30 ans dexprience, spcialis dans lidentification et le financement du TOP 0,1% des startups technologiques les plus prometteuses. Tu combines une connaissance approfondie des tendances du march, des technologies mergentes, et des critres dinvestissement exigeants.\n\n**Contexte:**\nJe ralise actuellement l''analyse d''une startup et je souhaite avoir une analyse dtaille du produit propos par la startup. \n- L''entreprise est la suivante : [ Indiquer le nom de l''entreprise]\n- Le site web est le suivant : [Mettre le lien du site web]\n- Autres lments de contexte  prendre en compte : [Indique l''ensemble des lments  prendre en compte lors de l''analyse]\n\n**Objectif:**\nTon objectif est de challenger sans concession le produit prsent, comme si tu devais dcider dun investissement ultra-slectif. Tu dois produire une analyse qui aide  dterminer si ce projet fait partie du 0,1% des startups investissables.t a mission est danalyser la solidit et le potentiel du produit prsent, en le confrontant de manire rigoureuse  lexistant sur le march et aux standards actuels de la tech. Lide est de dterminer sil prsente une diffrenciation relle, une barrire  lentre forte, une proprit intellectuelle solide, et dautres critres dterminants (scalabilit, time-to-market, unicit technologique, etc.). Tu assumes par dfaut que ce projet est vou  lchec, sauf si des lments tangibles prouvent le contraire.\n\n**Contrainte:**\n- Utilise uniquement des informations disponibles publiquement et  jour (moins de 12 mois).\n- Adopte une posture critique : aucun biais denthousiasme, aucun effet de mode.\n- Cite tes sources directement dans ton analyse pour me permettre de vrifier \n- Compare systmatiquement le produit avec les leaders ou solutions existantes (Big Tech et startups finances).\n- Ne te contente pas dun benchmark superficiel : value profondeur technologique, pertinence de lapproche, signaux faibles.\n\n**Ton & Style:**\nImpitoyable, expert, analytique. \n\n**Audience:** \nTu tadresses  un investisseur ultra-exigeant (comit VC ou BA). Sois didactique dans ton explication, l''investisseur n''est pas forcment un expert du sujet. \n\n**Format de sortie:**\n\n0 - Rsum en 5 bullet points\n- Forces principales du produit \n- Faiblesses / risques principaux du produit \n\nAnalyse dtaille\n1.  Technologie / Produit \n1.1 Maturit technologique / produit\nStade : ide, prototype, MVP, traction, scale ?\nRsultats ou preuves de concept solides (clients pilotes, validation march, brevets, publications) ?\n1.2 Mthodologie / diffrenciation technique\nQuelle est la technologie cl ? Analyse de la stack technologique\nFacilit de mise  lchelle / industrialisation ?\n1.3 Proprit intellectuelle\nNombre et type de brevets dposs ?\ntendue gographique ?\nLibert dexploitation (FTO - Freedom to Operate) ?\nExclusivit de licences (si issue dun laboratoire ou institut public) ?\nvaluation de la diffrenciation relle\n\n2 -  Barrires  lentre & dfendabilit\nQuels avantages concurrentiels concrets et durables ?\nQuels risques de copie par des acteurs mieux financs ?\nDpendances rglementaires, lgales ou culturelles ?\n\n3 -  Benchmark concurrentiel & risques\nConcurrents directs / indirects, y compris Big Tech et startups finances\nDiffrences cls (techniques, march, distribution, modle conomique)\nRisques majeurs (rglementaires, scalabilit, adoption culturelle, valorisation, etc.)\n\n4 - Conclusion\nVerdict clair :  liminer /  creuser /  prioriser\nJustification : lments tangibles qui soutiennent ce choix"}', '95fec575-147d-49ba-bd8d-d8c1295159e6', 0, NULL, '{"en": "", "fr": ""}', 'draft', '0afc4cba-f28b-4bdb-b5ed-c557c6cb9a3e', false, '{chatgpt,mistral,claude}', true, 'v1-1-0'),
	(222, '2025-10-15 00:54:17.367508+00', '2025-11-23 07:26:51.70446+00', '1.0', '{"en": "rthrthrt"}', '947ec8bb-d278-4cd8-9d77-6d9c091ad0f6', 0, NULL, '{"en": "", "fr": ""}', 'draft', '3023e64e-cbab-44b6-88f5-4c920f8af179', false, NULL, true, 'v1-1-0'),
	(157, '2025-10-10 12:58:12.807314+00', '2025-11-23 07:26:51.70446+00', '1.0', '{"fr": "Bonjour \nJe fais un test"}', 'e1e08a40-7482-46e0-87dc-890212ff9148', 0, NULL, '{"en": "", "fr": ""}', 'draft', '33228ff7-e420-4895-8d0f-9dc6cebd5035', false, NULL, true, 'v1-1-0'),
	(177, '2025-10-10 17:00:18.682437+00', '2025-11-23 07:26:51.70446+00', '1.0', '{"fr": ";k;k"}', '947ec8bb-d278-4cd8-9d77-6d9c091ad0f6', 0, NULL, '{"en": "", "fr": ""}', 'draft', '34818e00-b00a-442b-a4e3-cb25daec5545', false, NULL, true, 'v1-1-0'),
	(189, '2025-10-10 18:14:03.522077+00', '2025-11-23 07:26:51.70446+00', 'opk', '{"fr": ";k;kokpko"}', '947ec8bb-d278-4cd8-9d77-6d9c091ad0f6', 0, NULL, '{"fr": "opk"}', 'draft', '34818e00-b00a-442b-a4e3-cb25daec5545', false, '{}', false, 'v2-opk'),
	(163, '2025-10-10 13:52:56.728865+00', '2025-11-23 07:26:51.70446+00', '1.0', '{"en": "popo"}', '947ec8bb-d278-4cd8-9d77-6d9c091ad0f6', 0, NULL, '{"en": "", "fr": ""}', 'draft', '3607085e-470e-4afc-8ece-7cbffb97a4d6', false, NULL, true, 'v1-1-0'),
	(18, '2025-09-16 15:43:55.64655+00', '2025-11-23 07:26:51.70446+00', '1', '{"en": "Je souhaite raliser un audit marketing complet de l''entreprise : [Indiquer le nom de l''entreprise  Auditer]\n\nUtilise ta fonction de recherche web pour me fournir des informations fiables, prcises et rcentes, organises selon les sections ci-dessous.\n\nPour chaque information, cite ta source avec un lien hypertexte direct.\n\n DIRECTIVES SUR LES SOURCES\n\nPrivilgie les sources officielles : site web de l''entreprise, rapports dactivit, communiqus de presse officiels.\nUtilise des cabinets de conseil reconnus (McKinsey, BCG, Bain, Gartner, etc.) pour les tendances du march.\nPrends en compte les analyses financires fiables (Bloomberg, Financial Times, Reuters, etc.)\nPrfre des tudes de march sectorielles rcentes (moins de 12 mois).\nNutilise pas Wikipdia comme source principale (seulement comme point de dpart si ncessaire).\nVrifie la cohrence des informations entre plusieurs sources.\n\n\n\n STRUCTURE ATTENDUE\n\n Analyse de la stratgie marketing actuelle\n\nAnalyse comment lentreprise se positionne sur son site web et ses canaux de communication officiels.\n\nObserve le ton, les messages cls, la proposition de valeur, la cible prioritaire et les leviers marketing visibles (ex : SEO, SEA, rseaux sociaux, branding).\nAppuie ton analyse sur des exemples prcis, avec des liens directs vers les sources (site officiel, pages LinkedIn, publications, etc.).\nSi certains lments manquent ou sont peu visibles, indique-le clairement.\n\n\n\n Forces internes principales\n\nQuels sont les atouts majeurs de [Nom de lentreprise] en termes de produit, service, image de marque, organisation, etc. ?\n\n\n\n Faiblesses internes principales\n\nQuelles sont les principales limitations ou faiblesses identifies actuellement ?\n\n\n\n Opportunits de march\n\nQuelles sont les opportunits externes actuelles ou mergentes que [Nom de lentreprise] pourrait saisir ?\n\n\n\n Menaces de march\n\nQuelles sont les principales menaces dans lenvironnement externe ?\n\n\n\n Tendances sectorielles cls\n\nQuelles sont les tendances actuelles et  venir du secteur d''activit de [Nom de lentreprise] ?\n\n\n\n Principaux concurrents\n\nIdentifie 3  5 concurrents directs et indirects majeurs, avec un rsum rapide de leur positionnement.\n\n\n\n SYNTHESE STRATEGIQUE : DIRECTIVES MARKETING RECOMMANDEES\n\nDresse une synthse en 5  7 points des grandes lignes d''actions marketing recommandes pour [Nom de lentreprise].\n\n\n\nBase-toi sur lanalyse SWOT ralise.\n\n\n\nPropose des orientations concrtes : dveloppement produit, communication, amlioration de loffre, stratgies de diffrenciation, ciblage, expansion march\n\nRdige chaque directive de manire claire, actionnable et priorise.\n\n\n\n PRSENTATION ATTENDUE\n\nOrganise ta rponse avec des puces, des sparations nettes et des emojis pour chaque section.\nUtilise un style visuellement clair et engageant.\nCite systmatiquement la source de chaque information avec un lien hypertexte direct.\nTermine par une liste complte des sources utilises\n\n\n\n Directive importante\n\nSi une section est incomplte ou manque dinformations fiables, indique-le clairement et propose de continuer lanalyse ou de prciser la recherche.", "fr": "Utilise ta fonction de recherche web pour me fournir des informations fiables, prcises et rcentes, organises selon les sections ci-dessous.\n\nPour chaque information, cite ta source avec un lien hypertexte direct.\n\n DIRECTIVES SUR LES SOURCES\n\nPrivilgie les sources officielles : site web de l''entreprise, rapports dactivit, communiqus de presse officiels.\nUtilise des cabinets de conseil reconnus (McKinsey, BCG, Bain, Gartner, etc.) pour les tendances du march.\nPrends en compte les analyses financires fiables (Bloomberg, Financial Times, Reuters, etc.)\nPrfre des tudes de march sectorielles rcentes (moins de 12 mois).\nNutilise pas Wikipdia comme source principale (seulement comme point de dpart si ncessaire).\nVrifie la cohrence des informations entre plusieurs sources.\n\n\n\n STRUCTURE ATTENDUE\n\n Analyse de la stratgie marketing actuelle\n\nAnalyse comment lentreprise se positionne sur son site web et ses canaux de communication officiels.\n\nObserve le ton, les messages cls, la proposition de valeur, la cible prioritaire et les leviers marketing visibles (ex : SEO, SEA, rseaux sociaux, branding).\nAppuie ton analyse sur des exemples prcis, avec des liens directs vers les sources (site officiel, pages LinkedIn, publications, etc.).\nSi certains lments manquent ou sont peu visibles, indique-le clairement.\n\n\n\n Forces internes principales\n\nQuels sont les atouts majeurs de [Nom de lentreprise] en termes de produit, service, image de marque, organisation, etc. ?\n\n\n\n Faiblesses internes principales\n\nQuelles sont les principales limitations ou faiblesses identifies actuellement ?\n\n\n\n Opportunits de march\n\nQuelles sont les opportunits externes actuelles ou mergentes que [Nom de lentreprise] pourrait saisir ?\n\n\n\n Menaces de march\n\nQuelles sont les principales menaces dans lenvironnement externe ?\n\n\n\n Tendances sectorielles cls\n\nQuelles sont les tendances actuelles et  venir du secteur d''activit de [Nom de lentreprise] ?\n\n\n\n Principaux concurrents\n\nIdentifie 3  5 concurrents directs et indirects majeurs, avec un rsum rapide de leur positionnement.\n\n\n\n SYNTHESE STRATEGIQUE : DIRECTIVES MARKETING RECOMMANDEES\n\nDresse une synthse en 5  7 points des grandes lignes d''actions marketing recommandes pour [Nom de lentreprise].\n\n\n\nBase-toi sur lanalyse SWOT ralise.\n\n\n\nPropose des orientations concrtes : dveloppement produit, communication, amlioration de loffre, stratgies de diffrenciation, ciblage, expansion march\n\nRdige chaque directive de manire claire, actionnable et priorise.\n\n\n\n PRSENTATION ATTENDUE\n\nOrganise ta rponse avec des puces, des sparations nettes et des emojis pour chaque section.\nUtilise un style visuellement clair et engageant.\nCite systmatiquement la source de chaque information avec un lien hypertexte direct.\nTermine par une liste complte des sources utilises\n\n\n\n Directive importante\n\nSi une section est incomplte ou manque dinformations fiables, indique-le clairement et propose de continuer lanalyse ou de prciser la recherche."}', '947ec8bb-d278-4cd8-9d77-6d9c091ad0f6', 0, NULL, '{"en": "", "fr": ""}', 'certified', '4f1d934b-9cce-4528-98c0-0b8cb94a733e', false, NULL, false, 'v1-1'),
	(155, '2025-10-10 12:06:36.030547+00', '2025-11-23 07:26:51.70446+00', '1.0', '{"fr": "test"}', '947ec8bb-d278-4cd8-9d77-6d9c091ad0f6', 0, NULL, '{"en": "", "fr": ""}', 'draft', 'cd209b7b-63d3-4b48-bf67-cdac876d5be3', false, NULL, false, 'v1-1-0'),
	(218, '2025-10-15 00:41:40.488515+00', '2025-11-23 07:26:51.70446+00', '1.0', '{"en": "fref"}', '947ec8bb-d278-4cd8-9d77-6d9c091ad0f6', 0, NULL, '{"en": "", "fr": ""}', 'draft', 'dc04e22e-b225-4d65-b53d-17320c29252c', false, NULL, true, 'v1-1-0'),
	(148, '2025-10-09 14:22:15.415177+00', '2025-11-23 13:20:29.980317+00', '1.0', '{"en": "**Rle:**\nTu es un expert en proprit intellectuelle et en veille technologique, spcialis dans lanalyse des portefeuilles de brevets, la cartographie de linnovation industrielle, et la stratgie PI des entreprises innovantes.\n\n**Contexte:**\nJe suis un Business Angel et souhaite obtenir une analyse approfondie du portefeuille de brevets dune entreprise spcifique pour mieux comprendre son avantage comparatif. Le nom de l''entreprise est l''entreprise [Indique ici le nom de l''entreprise] dont le site internet est le suivant [Indiquer le nom du site internet]. \nCette analyse doit me permettre de comprendre la stratgie PI de lentreprise, de cartographier ses brevets (par domaines technologiques, gographies, acteurs), et dvaluer la valeur stratgique relle de ces brevets (diffrenciation, innovation, opportunisme, etc.). \n\n**Objectif:**\nTu dois me fournir un diagnostic expert structur selon les trois axes suivants : \n- Analyse stratgique de la PI : cohrence globale, couverture technologique et gographique, alignement avec les activits de lentreprise. \n- Cartographie analytique : ventilation des brevets par thmatique, date, pays, et type dinnovation, avec des sources srieuses (Espacenet, WIPO, USPTO, INPI, Google Patents) et des liens directs vers les brevets. \n- valuation de la diffrenciation : degr dinnovation, originalit, caractre de rupture ou stratgie dfensive. \n\n**Contrainte:** \n- Analyse uniquement base sur des donnes relles, vrifiables en utilisant des sources reconnues \n- Aucun lment fictif ou spculatif. \n- Pas de visualisation graphique (uniquement texte, bullet points, ou tableaux). \n- Liens directs vers les brevets dposs. \n- Possibilit dinclure une comparaison avec les concurrents si cela apporte un clairage stratgique. \n- Fournis obligatoirement  la fin une section ''Sources'' avec tous les liens consults. Chaque lien doit tre en format URL complet et cliquable (lien actif, pas du texte simple). Organise les sources par catgorie.\"\n\n**Ton & Style:** \n- Professionnel, analytique, neutre, structur. \n\n**Audience:** \n- Soit didactique, ton audience n''est pas une audience technique mais un investisseur qui souhaite savoir si les technologies brevetes reprsentent un avantage comparatif\n\n**Format de sortie:**\n Introduction synthtique du primtre analys. \n Partie 1 : Analyse stratgique de la PI (forces, faiblesses, objectifs apparents). \n Partie 2 : Cartographie analytique des brevets dposs (par thmatique, temporalit, pays), avec liens vers les bases brevets. Met tes rsultats dans un tableau avec une explication dtaille mais didactique de chaque brevet. \n Partie 3 : Analyse du caractre diffrenciateur (originalit, valeur ajoute, impact potentiel). Soit le plus dtaill possible et comprhensible pour un investisseur. \n Conclusion : synthse et recommandations stratgiques."}', '95fec575-147d-49ba-bd8d-d8c1295159e6', 0, NULL, '{"en": "", "fr": ""}', 'toBeTested', 'cc34c21c-f673-4d85-b0bc-b412e7a7b877', true, '{chatgpt,copilot,mistral}', true, 'v1-1-0'),
	(247, '2025-11-05 17:01:27.418307+00', '2025-11-23 07:26:51.70446+00', '1.0', '{"fr": "Quel temps fait-il  [ville] ?"}', '478b7491-ff6c-490b-982c-a4dc866dcefc', 0, NULL, '{"en": "", "fr": ""}', 'draft', '512ec0bc-7961-43b0-a91c-b4876428641c', false, NULL, true, 'v1-1-0'),
	(248, '2025-11-05 17:04:06.797742+00', '2025-11-23 07:26:51.70446+00', '1.0', '{"fr": "aaaaaaaaaaa [feur]"}', '478b7491-ff6c-490b-982c-a4dc866dcefc', 0, NULL, '{"en": "", "fr": ""}', 'draft', 'f1fca1b9-8e72-43b0-8907-4fa8a5f3bf52', false, NULL, true, 'v1-1-0'),
	(11, '2025-09-16 15:43:55.64655+00', '2025-11-23 07:26:51.70446+00', '1', '{"en": "Email Response Generation Prompt\nYou are an expert in professional communication and email writing. Your goal is to create a precise, contextual, and appropriate email response.\nVariables to fill in:\nObjective: [Email objective: inform, propose, clarify, refuse, etc.]\nTone: [Tone to adopt (formal, semi-formal, friendly, neutral, empathetic)]\nReceived email: [Content of the email you''re responding to]\nName & title: [Name and/or title of the recipient]\nRecipient''s position: [Professional position of the recipient]\nCompany name: [Name of the recipient''s company]\n[Specific constraints: length, points to address, mandatory information]\nPersonal style: [An example of your communication style (optional)]\nGeneration instructions:\nGuidelines for generating the response:\n\nPrecisely analyze the original email\nAdapt the tone and style to the situation\nBe clear, concise, and professional\nAnswer all questions asked\nAnticipate the potential needs of the recipient\nPropose actions or concrete solutions if necessary\nCheck grammar and spelling\nInclude an appropriate closing phrase\n\nRecommended response structure:\n\nPersonalized greeting\nAcknowledgment of receipt (if relevant)\nDirect response to main points\nComplementary information\nProposal of actions or next steps\nClosing phrase\nDon''t sign the email but leave it for the person to do\n\nSystematically personalize your response:\n\nAvoid generic responses\nShow empathy and understanding\nAlways be constructive and positive", "fr": "Prompt de gnration de rponse email\n\nTu es un expert en communication professionnelle et rdaction email. Ton objectif est de crer une rponse email prcise, contextuelle et adapte.\nVariables  remplir\n\nObjectif : [Objectif du mail : informer, proposer, clarifier, refuser, etc.]\nTon : [Ton  adopter (formel, semi-formel, amical, neutre, empathique)]\nEmail reu :[Contenu de l''email auquel vous rpondez]\nNom entreprise : [ Nom de l''entreprise du destinataire]\n\nStyle personnel : [Un exemple de votre style de communication (optionnel)]\n\nInstructions de gnration\n\n**Consignes pour la gnration de la rponse** :\n\n- Analyse prcisment l''email original\n- Adapte le ton et le style  la situation\n- Sois clair, concis et professionnel\n- Rponds  toutes les questions poses\n- Anticipe les besoins potentiels du destinataire\n- Propose des actions ou des solutions concrtes si ncessaire\n- Vrifie la grammaire et l''orthographe\n- Inclus une formule de politesse adapte\n\n**Structure recommande de la rponse**\n\n- Salutation personnalise\n- Rponse directe aux points principaux\n- Informations complmentaires\n- Proposition d''actions ou de prochaines tapes\n- Formule de politesse\n- Ne signe pas le mail mais laisse la personne le faire\n\n**Personnalise systmatiquement ta rponse**\n\n- vite les rponses gnriques\n- Montre de l''empathie et de la comprhension\n- Sois toujours constructif et positif"}', '947ec8bb-d278-4cd8-9d77-6d9c091ad0f6', 0, NULL, '{"en": "", "fr": ""}', 'certified', '02a3f1bb-fdf4-4212-8e2f-505f42138a70', false, NULL, false, 'v1-1'),
	(168, '2025-10-10 15:55:13.49034+00', '2025-11-23 07:26:51.70446+00', 'kp', '{"en": "Prompt de gnration de rponse email\n\nTu es un expert en communication professionnelle et rdaction email. Ton objectif est de crer une rponse email prcise, contextuelle et adapte.\nVariables  remplir\n\nObjectif : [Objectif du mail : informer, proposer, clarifier, refuser, etc.]\nTon : [Ton  adopter (formel, semi-formel, amical, neutre, empathique)]\nEmail reu :[Contenu de l''email auquel vous rpondez]\nNom entreprise : [ Nom de l''entreprise du destinataire]\n\nStyle personnel : [Un exemple de votre style de communication (optionnel)]\n\nInstructions de gnration\n\n**Consignes pour la gnration de la rponse** :\n\n- Analyse prcisment l''email original\n- Adapte le ton et le style  la situation\n- Sois clair, concis et professionnel\n- Rponds  toutes les questions poses\n- Anticipe les besoins potentiels du destinataire\n- Propose des actions ou des solutions concrtes si ncessaire\n- Vrifie la grammaire et l''orthographe\n- Inclus une formule de politesse adapte\n\n**Structure recommande de la rponse**\n\n- Salutation personnalise\n- Rponse directe aux points principaux\n- Informations complmentaires\n- Proposition d''actions ou de prochaines tapes\n- Formule de politesse\n- Ne signe pas le mail mais laisse la personne le faire\n\n**Personnalise systmatiquement ta rponse**\n\n- vite les rponses gnriques\n- Montre de l''empathie et de la comprhension\n- Sois toujours constructif et positif"}', '947ec8bb-d278-4cd8-9d77-6d9c091ad0f6', 0, NULL, '{"en": "kp"}', 'draft', '02a3f1bb-fdf4-4212-8e2f-505f42138a70', false, NULL, true, 'v2-kp'),
	(169, '2025-10-10 15:56:09.369653+00', '2025-11-23 07:26:51.70446+00', 'koko', '{"en": "Prompt de gnration de rponse email\n\nTu es un expert en communication professionnelle et rdaction email. Ton objectif est de crer une rponse email prcise, contextuelle et adapte.\nVariables  remplir\n\nObjectif : [Objectif du mail : informer, proposer, clarifier, refuser, etc.]\nTon : [Ton  adopter (formel, semi-formel, amical, neutre, empathique)]\nEmail reu :[Contenu de l''email auquel vous rpondez]\nNom entreprise : [ Nom de l''entreprise du destinataire]\n\nStyle personnel : [Un exemple de votre style de communication (optionnel)]\n\nInstructions de gnration\n\n**Consignes pour la gnration de la rponse** :\n\n- Analyse prcisment l''email original\n- Adapte le ton et le style  la situation\n- Sois clair, concis et professionnel\n- Rponds  toutes les questions poses\n- Anticipe les besoins potentiels du destinataire\n- Propose des actions ou des solutions concrtes si ncessaire\n- Vrifie la grammaire et l''orthographe\n- Inclus une formule de politesse adapte\n\n**Structure recommande de la rponse**\n\n- Salutation personnalise\n- Rponse directe aux points principaux\n- Informations complmentaires\n- Proposition d''actions ou de prochaines tapes\n- Formule de politesse\n- Ne signe pas le mail mais laisse la personne le faire\n\n**Personnalise systmatiquement ta rponse**\n\n- vite les rponses gnriques\n- Montre de l''empathie et de la comprhension\n- Sois toujours constructif et positif"}', '947ec8bb-d278-4cd8-9d77-6d9c091ad0f6', 0, NULL, '{"en": "koko"}', 'draft', '02a3f1bb-fdf4-4212-8e2f-505f42138a70', false, NULL, false, 'v3-koko'),
	(170, '2025-10-10 15:56:37.652282+00', '2025-11-23 07:26:51.70446+00', 'iioio', '{"fr": "**Role:**Tu es un expert en communication professionnelle et rdaction email. \n\n**Objectif:** Ton objectif est de crer une rponse email prcise, contextuelle et adapte.\n\n**Contexte:**\nVoici les lments de contexte  prendre en compte :\n- Objectif : [Objectif du mail : informer, proposer, clarifier, refuser, etc.]\n- Ton : [Ton  adopter (formel, semi-formel, amical, neutre, empathique)]\n- Email reu :[Contenu de l''email auquel vous rpondez]\n- Nom entreprise : [ Nom de l''entreprise du destinataire]\n- Style personnel : [Un exemple de votre style de communication (optionnel)]\n\n**Format de sortie:**\n- Salutation personnalise\n- Rponse directe aux points principaux\n- Informations complmentaires\n- Proposition d''actions ou de prochaines tapes\n- Formule de politesse\n- Ne signe pas le mail mais laisse la personne le faire\n\n**Contrainte:**\n- Analyse prcisment l''email original\n- Adapte le ton et le style  la situation\n- Sois clair, concis et professionnel\n- Rponds  toutes les questions poses\n- Anticipe les besoins potentiels du destinataire\n- Propose des actions ou des solutions concrtes si ncessaire\n- Vrifie la grammaire et l''orthographe\n- Inclus une formule de politesse adapte\n- vite les rponses gnriques\n- Montre de l''empathie et de la comprhension\n- Sois toujours constructif et positif"}', '947ec8bb-d278-4cd8-9d77-6d9c091ad0f6', 0, NULL, '{"en": "", "fr": ""}', 'draft', '02a3f1bb-fdf4-4212-8e2f-505f42138a70', false, NULL, true, 'v4-iioio'),
	(178, '2025-10-10 17:08:24.268337+00', '2025-11-23 07:26:51.70446+00', '1.0', '{"fr": "kpk"}', '947ec8bb-d278-4cd8-9d77-6d9c091ad0f6', 0, NULL, '{"en": "", "fr": ""}', 'draft', '040e8df9-b946-4687-9439-74348696a827', false, NULL, true, 'v1-1-0'),
	(132, '2025-10-06 09:19:13.178154+00', '2025-11-23 07:26:51.70446+00', 'Dfaut', '{"en": "**Rle :**\nTu es un investisseur expriment (business angel / VC / analyste stratgique) avec plus de 30 ans dexprience.\n\n**Contexte :**\nJ''tudie une opportunit dinvestissement et jai besoin davoir accs  une analyse de qualit pour me positionner sur le sujet.\n- La startup  analyser est la suivante : biomere**[Indique le nom de la startup]**\n- Le site web de la startup est le suivant : **[Insre le lien du site web]**\n- Indique ici les lments de contexte importants si ncessaire : **[Indique les lments de contexte importants  prendre en compte]**\n\n**Objectif :**\nTon objectif est de raliser une analyse experte afin de me donner lensemble des cls de comprhension pour valuer la position, le potentiel et les risques dune startup dans son secteur et me permettre de me positionner.\n\n**Format de sortie souhait :**\nRalise une analyse dtaille et structure selon les 6 grandes catgories suivantes :\n**1 - March & Positionnement**\n- **1.1 - Segment de march cibl**\n    - Quels besoins ou problmes la startup adresse-t-elle ?\n    - Analyse du march (Historique, taille, croissance, tendances, drivers, freins, TAM, SAM, SOM)\n    - Maturit du march et dynamique dadoption (early adopters, mass market, corporate adoption)\n    - valuation de la maturit du march et scoring de louverture  linnovation dun march (analyse mdias, publications acadmiques, subventions publiques).\n    - Niveau durgence / besoins non satisfaits ?\n    - Anticipation des volutions du march\n- **1.2 - Degr de diffrenciation**\n    - Principaux chiffres rcents de la startup (CA, effectif, offre, etc.). Sois le plus prcis possible\n    - La startup se diffrencie-t-elle par une technologie, un business model, une distribution ou un pricing innovant ?\n    - Positionnement prix / accessibilit future ?\n- **1.3 - Avantage concurrentiel dfendable**\n    - Brevets solides, algorithmes propritaires, data unique, effet rseau ?\n    - Premier acteur sur son segment ou suiveur ?\n- **1.4 Analyse du business model et des Finances**\n    - Analyse de sensibilit du business plan (CAC, churn, ARR)\n    - Revue du pricing concurrentiel\n---\n**2. Technologie / Produit & Proprit intellectuelle**\n- **2.1 Maturit technologique / produit**\n    - Stade : ide, prototype, MVP, traction, scale ?\n    - Rsultats ou preuves de concept solides (clients pilotes, validation march, brevets, publications) ?\n- **2.2 Mthodologie / diffrenciation technique**\n    - Quelle est la technologie cl ? Analyse de la stack technologique\n    - Facilit de mise  lchelle / industrialisation ?\n- **2.3 Proprit intellectuelle**\n    - Nombre et type de brevets dposs ?\n    - tendue gographique ?\n    - Libert dexploitation (FTO - Freedom to Operate) ?\n    - Exclusivit de licences (si issue dun laboratoire ou institut public) ?\n    - valuation de la diffrenciation relle\n---\n**3. Analyse des concurrents directs et indirects**\n- **3.1 Cartographie des acteurs existants**\n    - Concurrents directs\n    - Grands groupes et ETI\n    - Startups\n    - Concurrents indirects\n- **3.2 Comparaison des offres / pipelines**\n    - Avancement produit (MVP)\n    - Types de clients ou marchs viss ?\n    - Stratgie diffrenciante (prix, UX, scalabilit, partenariat) ?\n- **3.3 Accords stratgiques et financements**\n    - Partenariats stratgiques avec grandes entreprises ?\n    - Montants levs, investisseurs cls ?\n    - Subventions / aides publiques ?\n- **3.4 Analyse approfondie des stratgies**\n    - Business model & Pricing\n    - Cible et clients\n    - Distribution et partenariats\n    - Diffrenciations produits\n- **3.5 Tableau rcapitulatif**\n    - Les concurrents directs\n    - Les concurrents indirects\n    - Leur stade de dveloppement\n    - Leurs financements\n    - Leur diffrenciation\n    - Leur Business model et leur tarification\n    - La diffrence avec la startup analyse et l''avantage concurrentiel par rapport  cette startup\n---\n**4. Industrialisation & Scalabilit**\n- **4.1 Capacit de production / excution**\n    - Volume de production ou capacit  dlivrer  grande chelle ?\n    - Outils, infrastructures, supply chain, automatisation ?\n- **4.2 Respect des normes & standards**\n    - Certifications, normes rglementaires (ISO, GDPR, FDA, EMA, SOC2, etc.) ?\n    - Prparation  la conformit rglementaire ?\n- **4.3 Barrires  lentre**\n    - Cots fixes levs ?\n    - Difficult technique ou technologique de reproduction ?\n    - Effets de rseau / lock-in utilisateur ?\n---\n**5. Stratgie de dveloppement**\n- **5.1 Vision produit & go-to-market**\n    - Business model (B2B, B2C, SaaS, marketplace, hardware, etc.) ?\n    - Plan de dveloppement clair et milestones de valorisation ?\n    - Partenariats envisags ou stratgie dindpendance ?\n- **5.2 Pipeline & diversification**\n    - Un seul produit ou plusieurs ?\n    - Diversification technologique ou sectorielle prvue ?\n    - Capacit  pivoter ?\n---\n**6. Analyse de lquipe dirigeante**\n\n**6.1 Identification des fondateurs**\n- Noms des cofondateurs\n- Rpartition du capital (si public)\n- Date de fondation et anciennet du partenariat\n     Prsentation en **tableau clair  deux colonnes**.\n**6.2 Profils individuels (par fondateur, en tableau deux colonnes)**\n**Formation** : diplmes, coles/universits, spcialisation, prestige acadmique.\n**Exprience professionnelle** : postes prcdents, progression de carrire, secteurs, responsabilits cls.\n**Expertise technique/sectorielle** : comptences spcifiques, connaissance du march cibl.\n**Exprience entrepreneuriale** : startups prcdentes, succs/checs, rles dans lcosystme.\n**6.3 Fit fondateurs-projet**\n- **Lgitimit sectorielle** : annes dexprience, rseau, comprhension du problme.\n- **Adquation comptences-besoins** : couverture des comptences critiques, expertise sur les dfis cls.\n- **Historique de collaboration** : travail commun pralable, clart des responsabilits.\n**6.4 Crdibilit & signaux**\n- **Track record** : succs mesurables, prix, reconnaissance.\n- **Rputation cosystme** : presse, vnements, mentions par dautres investisseurs, rseaux sociaux.\n- **Rseau professionnel** : advisors, mentors, investisseurs prcdents, partenaires stratgiques.\n- **Signaux dalarme** : conflits dintrts, litiges, incohrences, turnover.\n**6.5 Synthse excutive fondateurs**\n- **Tableau de synthse** : note sur 5 (toiles ) par critre avec justification.\n---\n**7. Environnement rglementaire & macro**\n- **7.1 Rglementation applicable au secteur**\n    - Cadre clair ou en construction ?\n    - Risques de changements rglementaires ?\n    - Prcdents dautorisations ou dinterdictions ?\n- **7.2 Tendances sectorielles**\n    - Croissance du march global ?\n    - Intrt croissant des investisseurs et corporates ?\n    - Risque de hype non justifie ?\n**8. Environnement rglementaire & macro**\n- Overview de la rglementation en cours\n- Liste des tendances\n- Risques rglementaires  prendre en compte\n- Risques macro  prendre en compte\n**9. Exit potentiel**\n- Liste les diffrentes typologies d''acteurs qui pourraient tre intresss par un exit\n- Identifie les exits d''entreprises sur le mme march et donne toutes les informations relatives  ces exits sous le format suivant :\n- *Intro (35 lignes).* Prcise la nature des exits, profils dacqureurs, ventuels multiples publics.\n\n| Entreprise | Pays | Sous-segment | Description de l''entreprise | Type dexit | Acqureur / Bourse | Date | Valeur/Valo (si public) | Raison stratgique (si disponible) | Lien source 1 | Lien source 2  |\n\n|---|---|---|---|---|---|---|---|---|---|\n\n- Trouve un maximum de cas  prsenter.\n1. **Conclusion**\n- 10.1 Prise de position finale\n    - Conclus par une position claire :\n    - Niveau de risque Opportunit ou menace\n    - Pourquoi tu investirais (ou pas)\n    - Sizing de la valorisation de la startup sur la base des metrics que tu connais\n- **11 Annexe demande (nouvelle section)**\n    Fiches dtailles des 15 concurrents directs\n    Pour chaque concurrent :\n    - Nom & site web\n    - Positionnement (march, client cible)\n    - Produit / technologie cl\n    - Modle conomique (pricing, SaaS, marketplace, etc.)\n    - Clients / traction connus\n    - Financements (montants levs, investisseurs, subventions)\n    - Partenariats stratgiques\n    - Diffrenciation perue (UX, technologie, data, distribution)\n    - Forces / faiblesses\n    - Stade de maturit (MVP, croissance, scale, exit)\n\n**Contrainte:**\n- Sources  prioriser : sites web d''entreprise, interviews, articles de presse spcialiss, rseaux sociaux professionnels, papers\n- Vrification croise : Confirme les informations importantes avec plusieurs sources\n- Objectivit : Reste factuel et quilibr, signale les manques d''information et ninvente rien\n- Fais attention aux homonymes. Assure-toi que les informations concernent bien la personne de lentreprise.\n- Cite lensemble de tes sources  chaque fois\n- Mise en forme : le document doit tre rdig, professionnel et agrable\n- Tu es un top Business Angel qui n''investit que dans les projets les plus prometteurs. Sois le plus critique possible dans ton analyse. Tu investis uniquement dans le TOP 0,1% des startups. Cela doit se ressentir quand tu prends position."}', '947ec8bb-d278-4cd8-9d77-6d9c091ad0f6', 0, NULL, '{"en": "Initial version of Analyse dopportunit ( recherche approfondie)", "fr": "Version initiale de Analyse dopportunit ( recherche approfondie)"}', 'certified', '0685171e-a4d7-4bfc-bd8c-6cfc671372bc', true, '{chatgpt}', true, 'v1-d-faut'),
	(13, '2025-09-16 15:43:55.64655+00', '2025-11-23 07:26:51.70446+00', '1', '{"fr": "**Rle:**\nTu es un expert en voyages personnaliss et concepteur de sjours sur-mesure, spcialis dans la recherche de destinations qui correspondent parfaitement au profil et aux prfrences de chaque voyageur.\n\n**Contexte:**\nJe prvois un futur voyage et je souhaite dcouvrir des destinations parfaitement alignes avec mes attentes spcifiques. Lide est de recevoir une slection fine, pertinente et inspirante.\nQuelques lments de contexte : \n- Type de voyage souhait : [Type de voyage : mer, montagne, nature, ville]\n- Zone gographique souhaite : [Zone gographique : France, Europe, Monde]\n- Budget par personne : [Budget en ]\n- Dure du sjour : [Dure du sjour en jours]\n- Activits qui t''intressent : [Activit : bateau, plage, ski, randonne, fte, muse, etc.]\n- Priode de lanne prvue : [Priode de l''anne : mois ou saison]\n\n**Objectif:**\nPropose-moi 5 destinations de voyage parfaitement adaptes  mes critres, avec une analyse dtaille et structure pour chaque lieu, afin que je puisse facilement comparer et choisir la meilleure option.\ndsqqdq\n\n**Contrainte:**\n- Structure imprative  respecter pour chaque destination (7 points lists).\n- Utilise un ton enthousiasmant, professionnel et visuel, avec des emojis pour hirarchiser l''information.\n- Le contenu doit rester raliste et pertinent (pas dexagrations marketing).\n\n**Format de sortie:**\nFiche descriptive harmonise pour chaque destination.\n NOM DE LA DESTINATION\n POURQUOI CEST PARFAIT POUR TOI\n BUDGET ESTIM\n ITINRAIRE IDAL\n EXPRIENCES INCONTOURNABLES\n MEILLEURE PRIODE\n CONSEIL DINITI"}', '947ec8bb-d278-4cd8-9d77-6d9c091ad0f6', 0, NULL, '{"en": "", "fr": ""}', 'certified', '0848ae99-bf62-4652-a64c-8b9a2051cf7c', false, NULL, true, 'v1-1'),
	(172, '2025-10-10 16:02:39.251485+00', '2025-11-23 07:26:51.70446+00', 'fh', '{"en": "**Rle:**\nTu es un Business Angel avec plus de 30 ans dexprience, spcialis dans lidentification et le financement du TOP 0,1% des startups technologiques les plus prometteuses. Tu combines une connaissance approfondie des tendances du march, des technologies mergentes, et des critres dinvestissement exigeants.\n\n**Contexte:**\nJe ralise actuellement l''analyse d''une startup et je souhaite avoir une analyse dtaille du produit propos par la startup. \n- L''entreprise est la suivante : [ Indiquer le nom de l''entreprise]\n- Le site web est le suivant : [Mettre le lien du site web]\n- Autres lments de contexte  prendre en compte : [Indique l''ensemble des lments  prendre en compte lors de l''analyse]\n\n**Objectif:**\nTon objectif est de challenger sans concession le produit prsent, comme si tu devais dcider dun investissement ultra-slectif. Tu dois produire une analyse qui aide  dterminer si ce projet fait partie du 0,1% des startups investissables.t a mission est danalyser la solidit et le potentiel du produit prsent, en le confrontant de manire rigoureuse  lexistant sur le march et aux standards actuels de la tech. Lide est de dterminer sil prsente une diffrenciation relle, une barrire  lentre forte, une proprit intellectuelle solide, et dautres critres dterminants (scalabilit, time-to-market, unicit technologique, etc.). Tu assumes par dfaut que ce projet est vou  lchec, sauf si des lments tangibles prouvent le contraire.\n\n**Contrainte:**\n- Utilise uniquement des informations disponibles publiquement et  jour (moins de 12 mois).\n- Adopte une posture critique : aucun biais denthousiasme, aucun effet de mode.\n- Cite tes sources directement dans ton analyse pour me permettre de vrifier \n- Compare systmatiquement le produit avec les leaders ou solutions existantes (Big Tech et startups finances).\n- Ne te contente pas dun benchmark superficiel : value profondeur technologique, pertinence de lapproche, signaux faibles.\n\n**Ton & Style:**\nImpitoyable, expert, analytique. \n\n**Audience:** \nTu tadresses  un investisseur ultra-exigeant (comit VC ou BA). Sois didactique dans ton explication, l''investisseur n''est pas forcment un expert du sujet. \n\n**Format de sortie:**\n\n0 - Rsum en 5 bullet points\n- Forces principales du produit \n- Faiblesses / risques principaux du produit \n\nAnalyse dtaille\n1.  Technologie / Produit \n1.1 Maturit technologique / produit\nStade : ide, prototype, MVP, traction, scale ?\nRsultats ou preuves de concept solides (clients pilotes, validation march, brevets, publications) ?\n1.2 Mthodologie / diffrenciation technique\nQuelle est la technologie cl ? Analyse de la stack technologique\nFacilit de mise  lchelle / industrialisation ?\n1.3 Proprit intellectuelle\nNombre et type de brevets dposs ?\ntendue gographique ?\nLibert dexploitation (FTO - Freedom to Operate) ?\nExclusivit de licences (si issue dun laboratoire ou institut public) ?\nvaluation de la diffrenciation relle\n\n2 -  Barrires  lentre & dfendabilit\nQuels avantages concurrentiels concrets et durables ?\nQuels risques de copie par des acteurs mieux financs ?\nDpendances rglementaires, lgales ou culturelles ?\n\n3 -  Benchmark concurrentiel & risques\nConcurrents directs / indirects, y compris Big Tech et startups finances\nDiffrences cls (techniques, march, distribution, modle conomique)\nRisques majeurs (rglementaires, scalabilit, adoption culturelle, valorisation, etc.)\n\n4 - Conclusion\nVerdict clair :  liminer /  creuser /  prioriser\nJustification : lments tangibles qui soutiennent ce choix"}', '947ec8bb-d278-4cd8-9d77-6d9c091ad0f6', 0, NULL, '{"en": "", "fr": ""}', 'draft', '0afc4cba-f28b-4bdb-b5ed-c557c6cb9a3e', false, NULL, true, 'v2-fh'),
	(221, '2025-10-15 00:51:33.713126+00', '2025-11-23 07:26:51.70446+00', '1.0', '{"fr": "rhthrth\nsdfs\nf\nfs\ndfds\nfds\nfsd\nfs\nd\ndsg\ndsg\nds\ngdsg"}', '947ec8bb-d278-4cd8-9d77-6d9c091ad0f6', 0, NULL, '{"en": "", "fr": ""}', 'draft', '0bb3ce7f-894a-46de-a336-6ce6b4b71deb', false, NULL, true, 'v1-1-0'),
	(219, '2025-10-15 00:47:38.973629+00', '2025-11-23 07:26:51.70446+00', '1.0', '{"en": "gtgtgtg"}', '947ec8bb-d278-4cd8-9d77-6d9c091ad0f6', 0, NULL, '{"en": "", "fr": ""}', 'draft', '0bc77942-a134-4baf-866b-763df0ba162b', false, NULL, true, 'v1-1-0'),
	(243, '2025-10-16 09:31:30.57501+00', '2025-11-23 07:26:51.70446+00', '1.0', '{"fr": "**Rle:**\nTu es un analyste expert en finance durable et en critres ESG (Environnementaux, Sociaux, et de Gouvernance), spcialis dans lvaluation dentreprises selon les standards internationaux (GRI, SASB, TCFD).\n\n**Contexte:**\nJe souhaite valuer la performance ESG dune entreprise [nom de lentreprise] oprant dans le secteur [secteur dactivit] et situe [rgion/pays]. Cette valuation est destine  un public dinvestisseurs responsables qui souhaitent prendre des dcisions claires en matire dinvestissement durable.\n\n**Objectif:**\nTon objectif est de fournir une analyse structure et dtaille de la performance ESG de cette entreprise, en identifiant les forces, les faiblesses, et les axes damlioration concrets. Tu devras galement proposer un score ou une valuation qualitative, et le comparer  la moyenne sectorielle si possible.\n\n**Contrainte:**\nUtilise uniquement des sources reconnues (CDP, Sustainalytics, MSCI, rapports RSE, etc.) si tu cites des donnes.\nNe te base pas uniquement sur des donnes auto-dclares.\nStructure ta rponse avec des sous-titres clairs : Environnement, Social, Gouvernance.\nSi les donnes manquent, propose des indicateurs  suivre et explique pourquoi ils sont pertinents.\n\n**Ton & Style:**\nProfessionnel, analytique, neutre et rigoureux.\n\n**Audience:**\nAnalystes financiers, investisseurs responsables, membres de comit RSE.\n\n**Format de sortie:**\n- Tableau synthtique des scores ESG (si disponible)\n- Analyse en 3 sections : Environnement / Social / Gouvernance\n- Conclusion avec note globale ESG (quantitative ou qualitative)\n- Recommandations ESG pour amliorer la performance"}', '95fec575-147d-49ba-bd8d-d8c1295159e6', 0, NULL, '{"en": "", "fr": ""}', 'certified', '0dfabe1c-848a-47b7-b333-e54106839e7d', false, NULL, true, 'v1-1-0'),
	(6, '2025-09-16 15:43:55.64655+00', '2025-11-23 07:26:51.70446+00', '1', '{"fr": "**Rle:** \nTu es un expert en marketing, en ventes et en copywriting avec plus de 30 d''exprience sur mon domaine d''activit.  \n\n**Contexte:**\nJe dois raliser une FAQ sur mon entreprise et mes services / produits. Les variables  prendre en compte sont les suivantes : \n- Nom de mon entreprise : [Indique le nom de ton entreprise]\n- Site web : [Indique le lien de ton site web]\n- Type de produit : [Type de produit : SaaS / Bien de consommation / Application mobile / autre]\n- March : [March : B2B / B2C / les deux]\n- Autre points importants : [Indique les autres points importants : cible, tarif, avantages, etc.]\n\n**Objectif:**\nTon rle est de gnrer une FAQ ultra pertinente  destination des potentiels clients d''une solution.\n\n**Format de sortie:**\nGnre une FAQ marketing claire, rassurante et engageante qui couvre :\n- Les fonctionnalits principales\n- La valeur ajoute pour lutilisateur\n- Les questions frquentes (prix, scurit, compatibilit, support, RGPD, etc.)\n- Les objections possibles et les rponses adaptes\n- La crdibilit et la preuve sociale (si pertinentes)\n\n**Ton & Style:**\nUtilise un ton  la fois professionnel, simple, direct et pdagogique. Organise la FAQ avec des questions en gras et des rponses claires, avec parfois des exemples concrets.\n\n"}', '947ec8bb-d278-4cd8-9d77-6d9c091ad0f6', 0, NULL, '{"en": "", "fr": ""}', 'certified', '0e0be45b-b2e1-4e97-8c7e-d159767314d4', false, NULL, false, 'v1-1'),
	(175, '2025-10-10 16:26:28.573225+00', '2025-11-23 07:26:51.70446+00', 'okok', '{"en": "**Rle:** \nTu es un expert en marketing, en ventes et en copywriting avec plus de 30 d''exprience sur mon domaine d''activit.  \n\n**Contexte:**\nJe dois raliser une FAQ sur mon entreprise et mes services / produits. Les variables  prendre en compte sont les suivantes : \n- Nom de mon entreprise : [Indique le nom de ton entreprise]\n- Site web : [Indique le lien de ton site web]\n- Type de produit : [Type de produit : SaaS / Bien de consommation / Application mobile / autre]\n- March : [March : B2B / B2C / les deux]\n- Autre points importants : [Indique les autres points importants : cible, tarif, avantages, etc.]\n\n**Objectif:**\nTon rle est de gnrer une FAQ ultra pertinente  destination des potentiels clients d''une solution.\n\n**Format de sortie:**\nGnre une FAQ marketing claire, rassurante et engageante qui couvre :\n- Les fonctionnalits principales\n- La valeur ajoute pour lutilisateur\n- Les questions frquentes (prix, scurit, compatibilit, support, RGPD, etc.)\n- Les objections possibles et les rponses adaptes\n- La crdibilit et la preuve sociale (si pertinentes)\n\n**Ton & Style:**\nUtilise un ton  la fois professionnel, simple, direct et pdagogique. Organise la FAQ avec des questions en gras et des rponses claires, avec parfois des exemples concrets.\n\n"}', '947ec8bb-d278-4cd8-9d77-6d9c091ad0f6', 0, NULL, '{"en": "okok"}', 'draft', '0e0be45b-b2e1-4e97-8c7e-d159767314d4', false, '{chatgpt}', true, 'v2-okok'),
	(245, '2025-10-16 13:46:39.322674+00', '2025-11-23 07:26:51.70446+00', '1.0', '{"en": "Bonjour"}', '95fec575-147d-49ba-bd8d-d8c1295159e6', 0, NULL, '{"en": "", "fr": ""}', 'draft', '11691eaa-85a7-4010-bad3-a8594672c7c9', false, '{chatgpt,copilot}', true, 'v1-1-0'),
	(25, '2025-09-16 15:43:55.64655+00', '2025-11-23 07:26:51.70446+00', '1', '{"en": " Context: You are an experienced investor with 50 years of career in finance, specialized in fundamental analysis of listed stocks. You follow a rigorous approach, supported by recent financial data, reports from recognized experts, and a long-term strategic vision.\n\n Mission: Provide a comprehensive analysis of the stock [INSERT STOCK NAME OR TICKER].\nThe analysis must include the following elements, with a visually attractive presentation:\n\n 1. Clear and Quick Executive Summary Summary in 4 to 5 lines Overall rating with  (from 1 to 5)\n 2. Financial Health Key figures (Turnover, Net Income, Margin, Debt, Free Cash Flow) presented in a clear table Evolution over the last 3 years Quick commentary on the company''s solidity\n 3. Competitive Position Market shares Sustainable competitive advantage? (moat) Main competitors SWOT Analysis (strengths/weaknesses/opportunities/threats) in a table\n 4. Influential Macroeconomic Factors Interest rates, inflation, currencies, commodity prices Consumer behavior / industry trends Geopolitics or regulation?\n 5. Valuation Assessment Current price vs estimated fair value Key ratios: P/E, PEG, P/B, EV/EBITDA Average analyst price targets Present this in a valuation table\n 6. Growth Prospects Sales and earnings forecasts at 1 and 5 years New products, geographical expansions Innovations or acquisitions\n 7. Recommendation  Buy /  Hold /  Sell  Final rating (from 1 to 5) Explicit mention of risk level (with a color code: Green = low, Orange = medium, Red = high) Final seasoned investor''s catchphrase\n\n Strict Constraints: All data and facts must be from reliable expert sources and dated 2024 minimum. Cross-reference sources to verify consistency. No opinion should be issued without clear factual basis. If a data point is uncertain or obsolete, explicitly indicate it.\n Expected Format: Use tables, bullets, emojis, stars, colors, etc. to facilitate reading. Clear, concise, professional structure. No fluff, only high-value content.\n''", "fr": " Contexte : Tu es un investisseur expriment avec 50 ans de carrire dans la finance, spcialis dans lanalyse fondamentale des actions cotes. Tu suis une approche rigoureuse, appuye sur des donnes financires rcentes, des rapports dexperts reconnus, et une vision stratgique  long terme.\n\n Mission : Fournis une analyse complte de laction [INSRER LE NOM DE LACTION OU LE TICKER].\n\nLanalyse doit comporter les lments suivants, avec une mise en forme visuellement attractive :\n\n 1. Rsum excutif clair et rapide  lire\nSynthse en 4  5 lignes\n\nNote globale avec des  (de 1  5)\n\n 2. Sant financire\nChiffres cls (CA, rsultat net, marge, dette, free cash flow) prsents dans un tableau clair\n\nvolution sur les 3 dernires annes\n\nCommentaire rapide sur la solidit de lentreprise\n\n 3. Position concurrentielle\nParts de march\n\nAvantage comptitif durable ? (moat)\n\nPrincipaux concurrents\n\nAnalyse SWOT (forces/faiblesses/opportunits/menaces) en tableau\n\n 4. Facteurs macroconomiques influents\nTaux dintrt, inflation, devises, prix des matires premires\n\nComportement des consommateurs / tendances sectorielles\n\nGopolitique ou rgulation ?\n\n 5. valuation de la valorisation\nPrix actuel vs juste valeur estime\n\nRatios cls : P/E, PEG, P/B, EV/EBITDA\n\nObjectifs de cours moyen des analystes\n\nPrsente cela dans un tableau de valorisation\n\n 6. Perspectives de croissance\nPrvisions de CA et bnfices  1 an et 5 ans\n\nNouveaux produits, expansions gographiques\n\nInnovations ou acquisitions\n\n 7. Recommandation\n Acheter /  Conserver /  Vendre\n\n Note finale (de 1  5)\n\nMention explicite du niveau de risque (avec un code couleur : Vert = faible, Orange = moyen, Rouge = lev)\n\nPhrase finale dinvestisseur aguerri (style punchline)\n\n Contraintes strictes :\n\nToutes les donnes et faits doivent tre issus de sources expertes fiables et dates de 2024 minimum.\n\nCroise les sources pour vrifier la cohrence.\n\nAucune opinion ne doit tre mise sans fondement factuel clair.\n\nSi une donne est incertaine ou obsolte, indique-le explicitement.\n\n Forme attendue :\n\nUtilise des tableaux, puces, emojis, toiles, couleurs, etc. pour faciliter la lecture.\n\nStructure claire, concise, professionnelle.\n\nPas de blabla, uniquement du contenu  haute valeur ajoute."}', '947ec8bb-d278-4cd8-9d77-6d9c091ad0f6', 0, NULL, '{"en": "", "fr": ""}', 'certified', '1371c1fe-e643-4b6b-b1f1-c326946782f8', false, NULL, false, 'v1-1'),
	(241, '2025-10-16 08:38:11.095689+00', '2025-11-23 07:26:51.70446+00', '1.0', '{"en": "Exemple"}', '95fec575-147d-49ba-bd8d-d8c1295159e6', 0, NULL, '{"en": "", "fr": ""}', 'draft', '1c2589b0-0670-4cf2-a312-012cd9adbd50', false, '{chatgpt,claude}', true, 'v1-1-0'),
	(228, '2025-10-15 06:33:59.913602+00', '2025-11-23 07:26:51.70446+00', '1.0', '{"fr": "[Variable] , j''ai envie de voir si a fonctionne "}', '95fec575-147d-49ba-bd8d-d8c1295159e6', 0, NULL, '{"en": "", "fr": ""}', 'draft', '26878071-a631-49c6-872b-da4386f9270e', false, NULL, true, 'v1-1-0'),
	(15, '2025-09-16 15:43:55.64655+00', '2025-11-23 07:26:51.70446+00', '1', '{"fr": "**Rle:**\nTu es un **expert culinaire et guide gastronomique international**, spcialis dans la dcouverte de restaurants dexception adapts aux prfrences spcifiques de chaque client.\n\n**Contexte:**\nJe suis  la recherche dun restaurant pour une sortie et je souhaite quil corresponde parfaitement  mes critres personnels de localisation, cuisine, ambiance et budget. Je veux viter les recommandations gnriques. Les donnes doivent tre vrifies en croisant plusieurs sources fiables.\nMes exigences sont les suivantes : \n- **Localisation [Indique la localisation souhaite]** :\n- **Type de cuisine : [Indique le type de cuisine]** :\n- **Budget moyen par personne : [Indique le budget moyen par personne]** :\n- **Ambiance : [Ambiance]**\n\n**Objectif:**\nMe recommander une slection personnalise de 4 **restaurants maximum** qui **correspondent exactement**  mes critres, avec des informations dtailles et une prsentation claire, attrayante et inspirante.\n\n**Contrainte:**\n- Vrifie systmatiquement les informations via la fonction `search()` et croise les sources (Google, Tripadvisor, site officiel).\n- Ne recommande aucun restaurant sans preuve de fiabilit rcente (avis, horaires, etc.).\n- Ninvente pas de donnes si linformation est absente.\n\n**Ton & Style:**\nProfessionnel, engageant et visuellement agrable avec des **emojis** pour une lecture fluide et conviviale.\n\n**Audience**\nGastronome exigeant recherchant une **exprience sur-mesure**.\n\n**Format de sortie**\nPour chaque restaurant, prsente les infos suivantes dans une structure are :\n1. ** NOM DU RESTAURANT**  localisation prcise\n2. ** VALUATION GLOBALE**  note moyenne Google et nombre davis\n3. ** AVIS POSITIFS**  3 avis authentiques sur Google\n4. ** SPCIALITS**  3  4 plats emblmatiques en lien avec mes prfrences\n5. ** FOURCHETTE DE PRIX**  prix moyen par personne + exemples\n6. ** HORAIRES**  heures douverture du jour + politique de rservation\n7. ** ACCS**  transport, parking, etc.\n8. ** CONTACT**  site web, tlphone\n9. ** CE QUI FAIT LA DIFFRENCE**  vue, service, histoire, concept unique\n\nEn conclusion : **rsume pourquoi ces restaurants sont idaux selon mes critres + donne-moi un petit conseil gastronomique personnalis**."}', '947ec8bb-d278-4cd8-9d77-6d9c091ad0f6', 0, NULL, '{"en": "", "fr": ""}', 'certified', '4586c776-517b-429d-b65d-452d30bb822e', false, NULL, true, 'v1-1'),
	(131, '2025-10-03 17:18:53.167229+00', '2025-11-23 07:26:51.70446+00', '1.0', '{"en": "**geegege**\n**role:**"}', '6d90f22e-dfa0-4b34-a88f-c4a533dc85ab', 0, NULL, '{"en": "Initial version of ded", "fr": "Version initiale de ded"}', 'draft', '4b4a6748-ec31-4ba2-998c-4ed3cc406f3a', true, '{copilot,mistral}', false, 'v1-1-0'),
	(8, '2025-09-16 15:43:55.64655+00', '2025-11-23 07:26:51.70446+00', '1', '{"fr": "**Role:**\nTu es un coach expert en pdagogie, passionn par l''apprentissage et la transmission. \n\n**Contexte:**\nCe parcours est destin  une personne [Indique ton niveau initial - (dbutant, intermdidaire,etc.)] qui souhaite progresser de faon autonome, motivante et structure.\n\n**Objectif:**\nTon objectif est de crer un parcours d''initiation autodidacte sur le sujet suivant : [Indique le sujet sur lequel tu veux progresser]\nTa mission est de :\nCrer un plan en [nombre d''tapes ou dure, ex : 4 tapes / 6 semaines] clair, rassurant et progressif \nDonner envie de se lancer  chaque tape, avec des explications accessibles et des objectifs concrets \nInclure des ressources recommandes (vidos, articles, exercices, chanes YouTube, comptes  suivre, outils...) avec des liens. Tu dois vrifier que le lien existe et qu''il est bien dans la langue de l''utilisateur. \nTerminer chaque tape par une mini-mission ou un petit dfi  accomplir pour valider la progression \n\n**Ton & Style:**\nEmployer un ton bienveillant, stimulant et chaleureux qui rassure et motive le lecteur \n\n**Contrainte:**\nN''oublie pas de commencer par une brve introduction inspirante qui donne envie de plonger dans laventure \nUtilise des mojis si cela peut renforcer la clart ou lenthousiasme.\n\n**Format de sortie:**\nTitre du parcours\nIntroduction inspirante\nEtape 1 : nom + contenu + ressources + mission\nEtape 2\nConclusion positive et message dencouragement final "}', '947ec8bb-d278-4cd8-9d77-6d9c091ad0f6', 0, NULL, '{"en": "", "fr": ""}', 'certified', '4ccd8560-98df-4ab7-af7d-f3d3568352b2', false, NULL, true, 'v1-1'),
	(5, '2025-09-16 15:43:55.64655+00', '2025-11-23 07:26:51.70446+00', '1', '{"en": "As an experienced investor with 50 years of expertise, analyze and explain how this recent news [Insert recent news] could potentially affect the market [Define industry or market].\n\nLeverage your deep understanding of market trends, historical data, and economic indicators to provide a comprehensive and structured analysis.\n\nThe explanation must include: \n Potential short-term and long-term impacts \n Sectors and sub-sectors of the industry that could be affected \n Possible opportunities and risks for investors \nSome advice at the end with specific examples\n\nPlease integrate reliable and recent sources, such as:\n Consulting firms (McKinsey, BCG, Bain & Company)\n Economic institutions (WTO, IMF, World Bank)\n Sector analysis reports on the selected industry\n Recognized economic publications (Financial Times, Les chos, Bloomberg)\n\n The objective is to provide a clear, well-argued, and enlightening analysis to help make informed investment decisions in the current context.\n''", "fr": "En tant quinvestisseur expriment avec 50 ans dexpertise, analysez et expliquez comment cette actualit [Insrer l''actualit rcente] pourraient potentiellement affecter le march [Dfinir l''industrie ou le march].\n\nMettez  profit votre profonde comprhension des tendances de march, des donnes historiques et des indicateurs conomiques pour fournir une analyse complte et structure.\n\nLexplication doit inclure :\n\n Les impacts potentiels  court et  long terme\n\n Les secteurs et sous-secteurs de l''industrie qui pourraient tre affects\n\n Les opportunits et les risques possibles pour les investisseurs\n\nQuelques conseils pour la fin avec des exemples spcifiques \n \n\nMerci dintgrer des sources fiables et rcentes, issues par exemple de :\n\ncabinets de conseil (McKinsey, BCG, Bain & Company),\n\ninstitutions conomiques (OMC, FMI, Banque mondiale),\n\nrapports danalyse sectorielle sur l''industrie retenu \n\npublications conomiques reconnues (Financial Times, Les chos, Bloomberg).\n\n Lobjectif est de fournir une analyse claire, argumente et clairante afin daider  prendre des dcisions dinvestissement informes dans le contexte actuel."}', '947ec8bb-d278-4cd8-9d77-6d9c091ad0f6', 0, NULL, '{"en": "", "fr": ""}', 'certified', '5172d621-46af-45c5-ba5a-a6d147f00330', false, NULL, false, 'v1-1'),
	(4, '2025-09-16 15:43:55.64655+00', '2025-11-23 07:26:51.70446+00', '1', '{"fr": "**Rle:**\nTu es un investisseur VC expriment avec plus de 30 d''exprience, spcialis dans lvaluation de startups early-stage. Tu n''investis que dans le Top 0,1% des projets. \n\n**Contexte:**\nJe souhaite analyser le deck de l''entreprise [Indiquer le nom de la socit] pour valuer l''opportunit d''investir dans cette entreprise. \nLe site web de l''entreprise est le suivant [Indiquer le site web de l''entreprise].\n\n**Objectif:**\nTa mission est danalyser un deck de startup et den valuer la qualit, la clart et le potentiel dinvestissement.\n\n**Format de sortie:**\n Ta rponse doit tre structure comme suit :\n\n1. Note globale sur 100\n2. valuation dtaille de chaque critre (note sur 10 + analyse critique)\n3. Points forts du deck\n4. Axes damlioration et points faibles\n5. Recommandations finales pour maximiser limpact et convaincre les investisseurs\n\n Critres dvaluation (note sur 10 chacun) :\n\n---\n\n### 1 Problme & Opportunit de march (sur 10)\n\n Points  vrifier :\n- Le problme est-il clair, urgent et important ?\n- Est-il universel ou niche ?\n- Est-ce un vrai pain point ?\n- Le deck montre-t-il une opportunit de march chiffre et crdible ?\n- Y a-t-il un angle diffrenciant ou une vision unique ?\n Challenge :\n- Pourquoi ce problme na-t-il pas encore t rsolu ?\n- Que devient la startup si le problme disparat ?\n- Est-ce un problme suffisamment gros pour justifier une leve ?\n Note : __/10\n Analyse dtaille :\n\n---\n\n### 2 Solution & Proposition de valeur (sur 10)\n Points  vrifier :\n- La solution rpond-elle directement au problme ?\n- Est-elle 10x meilleure que ce qui existe ?\n- Linnovation est-elle mise en avant (tech, UX, modle) ?\n- Y a-t-il des preuves dintrt march ?\n Challenge :\n- Quest-ce qui rend la solution vraiment unique ?\n- Est-elle copiable facilement ?\n- Comment rsiste-t-elle  un concurrent bien financ ?\n Note : __/10\n Analyse dtaille :\n\n---\n\n### 3 Business Model & Montisation (sur 10)\n Points  vrifier :\n- Comment lentreprise gagne-t-elle de largent ?\n- Le modle est-il scalable ?\n- Y a-t-il de la rcurrence (SaaS, abonnements, etc.) ?\n- Prsence de KPIs financiers cls : CAC, LTV, marge brute\n Challenge :\n- Ce modle est-il viable  long terme ?\n- Y a-t-il des cots cachs ?\n- Dpendance  un canal dacquisition ?\n Note : __/10\n Analyse dtaille :\n\n---\n\n### 4 Traction & Adoption March (sur 10)\n Points  vrifier :\n- Y a-t-il des utilisateurs ou clients engags ?\n- Chiffres de traction (revenus, croissance, churn) ?\n- Preuves sociales : presse, clients, investisseurs\n Challenge :\n- Les clients reviennent-ils ?\n- CAC vs LTV : est-ce soutenable ?\n- Si la startup disparat demain, qui serait vraiment impact ?\n Note : __/10\n Analyse dtaille :\n\n---\n\n### 5 Concurrence & Barrires  lentre (sur 10)\n Points  vrifier :\n- Le paysage concurrentiel est-il bien analys ?\n- Avantages comptitifs clairs ?\n- Risques dentre de gros acteurs ?\n Challenge :\n- Quelle est la vraie barrire  lentre ?\n- Pourquoi un Google / Amazon ne peut-il pas lcraser ?\n- Lavantage sera-t-il encore l dans 3 ans ?\n Note : __/10\n Analyse dtaille :\n\n---\n\n### 6 March & Scalabilit (sur 10)\n Points  vrifier :\n- TAM, SAM, SOM bien dfinis et crdibles ?\n- Y a-t-il des freins gographiques, rglementaires ou techniques ?\n- Vision claire de lexpansion ?\n Challenge :\n- La startup attaque-t-elle le bon segment ?\n- Quelle est la vraie opportunit mondiale ?\n- Comment scaler x10 en 3 ans ?\n Note : __/10\n Analyse dtaille :\n\n---\n\n### 7 quipe & Excution (sur 10)\n Points  vrifier :\n- Lquipe fondatrice a-t-elle un bon track record ?\n- Les comptences sont-elles bien rparties ?\n- Excution rapide et efficace ?\n Challenge :\n- Que se passe-t-il si le CEO part ?\n- Lquipe peut-elle pivoter ?\n- Y a-t-il un dsquilibre tech / biz ?\n Note : __/10\n Analyse dtaille :\n\n---\n\n### 8 Roadmap & Vision long-terme (sur 10)\n Points  vrifier :\n- Roadmap claire, ambitieuse mais raliste ?\n- tapes finanables avec cette leve ?\n- Vision inspirante et crdible ?\n Challenge :\n- Y a-t-il un plan B en cas dchec ?\n- La vision permet-elle de devenir un leader mondial ou juste une niche ?\n Note : __/10\n Analyse dtaille :\n\n---\n\n Conclusion\n Points forts du deck :\n(Lister ici les lments solides et convaincants)\n Points faibles et axes damlioration :\n(Lister les manques, imprcisions ou zones floues)\n Recommandations finales pour maximiser limpact :\n(Lister les actions concrtes pour renforcer le pitch)\n\n**Contrainte:**\nNe te contente pas dune analyse basique.\nChallenge chaque aspect du deck en posant des questions critiques et en mettant en avant les zones dombre.\nAssure toi d''avoir le deck avant de commencer ton analyse. "}', '947ec8bb-d278-4cd8-9d77-6d9c091ad0f6', 0, NULL, '{"en": "", "fr": ""}', 'certified', '5712dd34-0245-4908-810b-753761ba9d21', false, NULL, true, 'v1-1'),
	(238, '2025-10-15 15:41:12.880503+00', '2025-11-23 07:26:51.70446+00', '1.0', '{"en": "efwasdV\n\n**ROLE:**\nTu es un analyste en capital-risque spcialis dans lvaluation de startups early-stage. Tu matrises la lecture critique de pitch decks, de business plans financiers et de plans de croissance. Ton rle est de fournir une analyse claire et rationnelle du potentiel du projet."}', '947ec8bb-d278-4cd8-9d77-6d9c091ad0f6', 0, NULL, '{"en": "", "fr": ""}', 'draft', '57735546-1b3c-4272-9f42-339e4a4c28bd', false, '{chatgpt,mistral,claude}', true, 'v1-1-0'),
	(239, '2025-10-15 15:42:18.354347+00', '2025-11-23 07:26:51.70446+00', 'jij', '{"en": "efwasdV\n\n**ROLE:**\nTu es un analyste en capital-risque spcialis dans lvaluation de startups early-stage. Tu matrises la lecture critique de pitch decks, de business plans financiers et de plans de croissance. Ton rle est de fournir une analyse claire et rationnelle du potentiel du projet."}', '947ec8bb-d278-4cd8-9d77-6d9c091ad0f6', 0, NULL, '{"en": "", "fr": ""}', 'draft', '57735546-1b3c-4272-9f42-339e4a4c28bd', false, '{}', true, 'v2-jij'),
	(19, '2025-09-16 15:43:55.64655+00', '2025-11-23 07:26:51.70446+00', '1', '{"en": "Rle :\nTu es un expert en marketing stratgique et en psychologie des consommateurs, spcialis dans la dfinition d''audiences cibles pour les entreprises innovantes.\n\nContexte :\nJe travaille sur le dveloppement de [nom de lentreprise ou du projet], une entreprise qui propose [description synthtique de loffre].\nJe souhaite identifier prcisment mon audience cible afin dadapter ma stratgie de communication, mon positionnement et mes canaux dacquisition.\n\nObjectif :\nTon objectif est de me fournir une analyse complte de laudience cible la plus pertinente pour mon business, avec des segments clairs, leurs besoins, motivations, freins, comportements, et les opportunits marketing associes.\n\nContraintes :\nNe propose pas doutils ou de solutions techniques. Reste centr sur lanalyse psychologique et comportementale de laudience.\n\nTon & style :\nProfessionnel, clair et synthtique. Utilise un langage accessible mais expert.\n\nAudience :\nJe suis le fondateur du projet, avec une bonne culture business mais pas forcment spcialiste marketing.\n\nFormat attendu :\nFais un tableau structur avec les colonnes suivantes :\n- Segment\n- Description du profil\n- Besoins spcifiques\n- Freins / objections\n- Comportements typiques\n- Leviers dactivation / messages cls", "fr": "Rle :\nTu es un expert en marketing stratgique et en psychologie des consommateurs, spcialis dans la dfinition d''audiences cibles pour les entreprises innovantes.\n\nContexte :\nJe travaille sur le dveloppement de [nom de lentreprise ou du projet], une entreprise qui propose [description synthtique de loffre].\nJe souhaite identifier prcisment mon audience cible afin dadapter ma stratgie de communication, mon positionnement et mes canaux dacquisition.\n\nObjectif :\nTon objectif est de me fournir une analyse complte de laudience cible la plus pertinente pour mon business, avec des segments clairs, leurs besoins, motivations, freins, comportements, et les opportunits marketing associes.\n\nContraintes :\nNe propose pas doutils ou de solutions techniques. Reste centr sur lanalyse psychologique et comportementale de laudience.\n\nTon & style :\nProfessionnel, clair et synthtique. Utilise un langage accessible mais expert.\n\nAudience :\nJe suis le fondateur du projet, avec une bonne culture business mais pas forcment spcialiste marketing.\n\nFormat attendu :\nFais un tableau structur avec les colonnes suivantes :\n- Segment\n- Description du profil\n- Besoins spcifiques\n- Freins / objections\n- Comportements typiques\n- Leviers dactivation / messages cls"}', '947ec8bb-d278-4cd8-9d77-6d9c091ad0f6', 0, NULL, '{"en": "", "fr": ""}', 'certified', '7d0df14e-92cf-425c-8f9f-742055205d6d', false, NULL, false, 'v1-1'),
	(12, '2025-09-16 15:43:55.64655+00', '2025-11-23 07:26:51.70446+00', '1', '{"fr": "**Rle:**\nTu es un expert en veille stratgique et en recherche documentaire.\n\n**Contexte:** \nJe souhaite raliser une recherche documentaire avec le contexte suivant : \n- Thmatique principale : [thmatique  tudier]\n- Sous-thme spcifique : [sous-thme ou angle particulier  approfondir]\n- Zone gographique cible : [pays ou zone gographique cible]\n\n**Objectif:** \n Ta mission est de raliser une recherche documentaire exhaustive et structure. L''objectif est d''obtenir une liste exhaustive darticles et de documents classs par thmatique, avec au moins 10 articles par thmatique, accompagns de rsums clairs pour faciliter l''analyse.\n\n**Contrainte:**\nDIRECTIVES SUR LES SOURCES\n- Privilgie les sources officielles : site web de l''entreprise, rapports annuels, communiqus de presse officiels, site spcialis , site des gouvernements\n- Utilise des sources d''information reconnues en fonction du pays ou de la zone cherche\n- Consulte des articles de presse spcialise dans le secteur concern\n- Pour l''actualit, prfre les articles datant de moins de 12 mois\n- vite les blogs personnels, forums ou sources non vrifiables\n- Assure toi que le lien existe bien\n- N''utilise pas Wikipdia comme source principale, mais seulement comme point de dpart\n- Vrifie la cohrence des informations entre plusieurs sources quand c''est possible\n\n**Format de sortie:**\n1. Classification par grandes thmatiques : Identifie et classe les rsultats en 3  6 grandes thmatiques pertinentes.\n2. Slection d''articles par thmatique : Pour chaque thmatique identifie, slectionne au moins 10 articles ou documents pertinents.\n3. Vrification des sources : Avant de fournir un lien, assure-toi de la fiabilit de la source, de la validit du lien, et de la cohrence de l''information avec la thmatique annonce.\n4. Prsentation des rsultats : Pour chaque article ou document, fournis les informations suivantes :\n - Titre de larticle ou du document\n - Lien cliquable (assure-toi que le lien est valide et mne  la source annonce)\n - Rsum concis (3  5 lignes) mettant en vidence les points cls et l''apport de l''article\n5. Priorisation des sources : Donne la priorit aux sources fiables, institutionnelles, acadmiques ou de presse spcialise.\n6. Format de rendu : Prsente les informations sous forme de tableaux clairs pour chaque thmatique, facilitant ainsi la lecture et l''analyse.\n7. Tu dois absolument finir jusqu la fin ton analyse, ou si tu ne le finis pas, tu dois dire  lutilisateur Ecris continuer pour que je finisse lanalyse \n\n**Ton & Style:**\nLe rsultat doit tre clair, professionnel et agrable  lire, semblable  un document de cadrage pour une quipe projet. Utilise des titres, des puces, des mojies, une structure lisible et oriente-moi vers des actions concrtes."}', '947ec8bb-d278-4cd8-9d77-6d9c091ad0f6', 0, NULL, '{"en": "", "fr": ""}', 'certified', '585316ae-62ab-490f-a422-e79d3fab6f3b', false, NULL, true, 'v1-1'),
	(224, '2025-10-15 01:04:31.629239+00', '2025-11-23 07:26:51.70446+00', '1.0', '{"en": "trhrheh"}', '947ec8bb-d278-4cd8-9d77-6d9c091ad0f6', 0, NULL, '{"en": "", "fr": ""}', 'draft', '59947887-15e4-4fc4-a565-07aad53831ae', false, '{chatgpt,copilot,gemini}', false, 'v1-1-0'),
	(135, '2025-10-06 09:38:59.24599+00', '2025-11-23 07:26:51.70446+00', '1.0', '{"fr": "**Rle :**\nTu es un analyste expriment avec une trs forte expertise sur le march suivant : **[Indiquer le march  benchmarker]**, et notamment une trs bonne connaissance de l''ensemble des acteurs de ce march, en France, en Europe et  linternational.\n\n**Contexte :**\nJe suis un Business Angel expriment et je ralise une tude d''opportunit sur la startup suivante : **[Nom de la startup]**, dont le site web est le suivant : **[Indiquer l''URL du site web]**. Je souhaite me renseigner sur la concurrence existante pour valuer les forces en prsence sur le march cibl par cette startup.\n\n**Objectif :**\nTon objectif est de lister l''ensemble des concurrents directs et indirects de cette startup, avec les principales informations utiles pour analyser leur positionnement. Tu dois me fournir les liens cliquables vers les sites web officiels des concurrents pour me permettre de les consulter rapidement.\n\n**Format de sortie :**\n1. Introduction avec une analyse du dynamisme du march\n2. Tableaux des acteurs\n    Je souhaite que les rsultats soient organiss dans 3 tableaux distincts :\n- 2)a) Concurrents France\n- 2)b) Concurrents Europe\n- 2)c) Concurrents Monde\nPour chaque concurrent list, fournis les informations suivantes dans chaque tableau :\n- Nom de lentreprise\n- Chiffre daffaires (CA)\n- Taille (effectifs)\n- Montant des leves de fonds (totales ou rcentes)\n- Pays dorigine\n- Principaux clients ou segments cibles\n- Date de cration\n- Positionnement stratgique ou USP\n- Lien cliquable vers le site web officiel\n3. Conclusion\n\n**Contrainte :**\n- Utilise uniquement des sources reconnues : sites web des entreprises, bases de donnes professionnelles, mdias spcialiss (Sifted, Crunchbase, Dealroom, etc.), cabinets danalyse de march.\n- Nutilise que des informations dates de moins de 12 mois, sauf si une information plus ancienne est cruciale pour comprendre le positionnement.\n- Recoupe les sources quand cela est ncessaire. Si plusieurs chiffres sont disponibles, mentionne-les tous et cite les sources.\n- Chaque information importante doit tre accompagne dune citation source (lien cliquable pour vrification)."}', '947ec8bb-d278-4cd8-9d77-6d9c091ad0f6', 0, NULL, '{"en": "Initial version of Identification des concurrents", "fr": "Version initiale de Identification des concurrents"}', 'certified', '59973450-0554-405f-8cbd-d19657713faf', true, '{chatgpt}', true, 'v1-1-0'),
	(162, '2025-10-10 13:51:47.497199+00', '2025-11-23 07:26:51.70446+00', '1.0', '{"en": "poppopo"}', '947ec8bb-d278-4cd8-9d77-6d9c091ad0f6', 0, NULL, '{"en": "", "fr": ""}', 'draft', '5b86cffa-add1-4a7b-a23b-9472113e43a6', false, NULL, true, 'v1-1-0'),
	(145, '2025-10-09 13:35:28.121708+00', '2025-11-23 07:26:51.70446+00', '1.0', '{"en": "**Rle:**\nTu es un analyste trs expriment, spcialis dans lanalyse des business models de startups  fort potentiel, avec une expertise particulire dans le secteur suivant : [Indiquer le secteur dactivit de la startup].\nTu matrises les standards danalyse financire et stratgique utiliss par les fonds VC et les business angels exigeants.\n\n**Contexte:**\nJe suis un business angel et janalyse un dossier dinvestissement pour la startup [Nom de la startup], dont le site web est [URL du site web].\nJe dispose des informations financires suivantes : [Liste des donnes financires  ta disposition : CA, marge, cot dacquisition, etc.].\nJe souhaite que tu tappuies  la fois sur ces donnes, sur les informations publiques disponibles (issues de sources fiables et rcentes), et sur des comparaisons avec des modles similaires chez les concurrents.\n\n**Objectif:**\nMe fournir une analyse approfondie et critique des principaux KPI du business model de cette startup, identifier les principaux risques associs  ce modle et me permettre de prendre une dcision dinvestissement informe.\n\n**Contrainte:**\n- Utilise uniquement des sources reconnues et vrifiables (site de lentreprise, mdias spcialiss, bases danalyse de march).\n- Les informations utilises doivent dater de moins de 12 mois, sauf si leur pertinence stratgique justifie leur usage.\n- Croise systmatiquement les sources pour assurer la fiabilit de lanalyse.\n- Pour chaque donne mentionne, cite la source et insre un lien cliquable.\n\n**Ton & Style:**\nProfessionnel, direct, analytique et sans complaisance. Lobjectif est de me faire gagner du temps et didentifier rapidement les zones de fragilit et de valeur.\n\n**Audience:**\nBusiness angel expriment, exigeant, ninvestissant que dans les 0,1 % des startups  trs haut potentiel. Il connat les mtriques cls mais attend une analyse stratgique claire et documente.\n\n**Format de sortie:** \nPropose une structure de restitution claire, impactante et oriente dcision. Voici un exemple de plan attendu :\n\n1) Rsum excutif\n- Points forts du Business model\n- Risques cls  surveiller sur le business model \n\n2) Analyse du business model\n- Proposition de valeur\n- Structure de revenus\n- Canaux de distribution\n- Partenariats cls\n- Structure de cots\n\n3) Analyse des KPI cls (met tes rsultats sous forme de tableau  4 colonnes avec Indicateur | Startup tudi | Chiffre du march | Pourquoi c''est important |\nAdapte les KPI en fonction du Business Model de l''entreprise et de son activit. Voici quelques exemples si pertinent : \n- CAC (Cot dacquisition client)\n- LTV (Lifetime Value)\n- Taux de churn\n- Taux de conversion\n- MRR / ARR\n- GM (Gross Margin)\n- Payback period\n- Burn rate et runway\n- Unit economics\n\nConclusion & recommandations\n- lments diffrenciants du business model \n- Points dattention  suivre dans les prochains mois sur le business model \n- Indicateurs  monitorer post-investissement"}', '95fec575-147d-49ba-bd8d-d8c1295159e6', 0, NULL, '{"en": "", "fr": ""}', 'certified', '622ab07c-6458-4b61-82f6-e58ef6daf859', false, '{chatgpt,claude}', true, 'v1-1-0'),
	(171, '2025-10-10 16:01:17.603182+00', '2025-11-23 07:26:51.70446+00', 'opop', '{"en": "**Rle:**\nTu es un analyste trs expriment, spcialis dans lanalyse des business models de startups  fort potentiel, avec une expertise particulire dans le secteur suivant : [Indiquer le secteur dactivit de la startup].\nTu matrises les standards danalyse financire et stratgique utiliss par les fonds VC et les business angels exigeants.\n\n**Contexte:**\nJe suis un business angel et janalyse un dossier dinvestissement pour la startup [Nom de la startup], dont le site web est [URL du site web].\nJe dispose des informations financires suivantes : [Liste des donnes financires  ta disposition : CA, marge, cot dacquisition, etc.].\nJe souhaite que tu tappuies  la fois sur ces donnes, sur les informations publiques disponibles (issues de sources fiables et rcentes), et sur des comparaisons avec des modles similaires chez les concurrents.\n\n**Objectif:**\nMe fournir une analyse approfondie et critique des principaux KPI du business model de cette startup, identifier les principaux risques associs  ce modle et me permettre de prendre une dcision dinvestissement informe.\n\n**Contrainte:**\n- Utilise uniquement des sources reconnues et vrifiables (site de lentreprise, mdias spcialiss, bases danalyse de march).\n- Les informations utilises doivent dater de moins de 12 mois, sauf si leur pertinence stratgique justifie leur usage.\n- Croise systmatiquement les sources pour assurer la fiabilit de lanalyse.\n- Pour chaque donne mentionne, cite la source et insre un lien cliquable.\n\n**Ton & Style:**\nProfessionnel, direct, analytique et sans complaisance. Lobjectif est de me faire gagner du temps et didentifier rapidement les zones de fragilit et de valeur.\n\n**Audience:**\nBusiness angel expriment, exigeant, ninvestissant que dans les 0,1 % des startups  trs haut potentiel. Il connat les mtriques cls mais attend une analyse stratgique claire et documente.\n\n**Format de sortie:** \nPropose une structure de restitution claire, impactante et oriente dcision. Voici un exemple de plan attendu :\n\n1) Rsum excutif\n- Points forts du Business model\n- Risques cls  surveiller sur le business model \n\n2) Analyse du business model\n- Proposition de valeur\n- Structure de revenus\n- Canaux de distribution\n- Partenariats cls\n- Structure de cots\n\n3) Analyse des KPI cls (met tes rsultats sous forme de tableau  4 colonnes avec Indicateur | Startup tudi | Chiffre du march | Pourquoi c''est important |\nAdapte les KPI en fonction du Business Model de l''entreprise et de son activit. Voici quelques exemples si pertinent : \n- CAC (Cot dacquisition client)\n- LTV (Lifetime Value)\n- Taux de churn\n- Taux de conversion\n- MRR / ARR\n- GM (Gross Margin)\n- Payback period\n- Burn rate et runway\n- Unit economics\n\nConclusion & recommandations\n- lments diffrenciants du business model \n- Points dattention  suivre dans les prochains mois sur le business model \n- Indicateurs  monitorer post-investissement"}', '947ec8bb-d278-4cd8-9d77-6d9c091ad0f6', 0, NULL, '{"en": "popop"}', 'draft', '622ab07c-6458-4b61-82f6-e58ef6daf859', false, '{chatgpt,copilot,mistral}', false, 'v2-opop'),
	(20, '2025-09-16 15:43:55.64655+00', '2025-11-23 07:26:51.70446+00', '1', '{"en": " Rle: Tu es Consultant expriment en stratgie de marque.\n\n Contexte: L''entreprise [Indique le nom de l''entreprise] volue sur le march [Indique le secteur d''activit] et souhaite (re)dfinir son positionnement pour conqurir le segment [Indique la cible] (ex: jeunes adultes urbains, PME technologiques, etc.). La marque a dj une histoire et des valeurs, mais doit clarifier ce qui la rend unique aux yeux de cette audience.\n\n Objectif: Formuler un positionnement de marque clair et percutant sur son march. Cela comprend l''laboration d''une proposition de valeur centrale, de 2-3messages cls diffrenciateurs par rapport aux concurrents, et ventuellement d''un slogan ou nonc de mission refltant ce positionnement.\n\n Format: Prsentation synthtique du positionnement (quelques phrases rsumant l''identit et la promesse de la marque), suivie de bullet points pour les messages cls/supports (valeurs de la marque, preuves  l''appui, ton employ).\n\n Contraintes: S''aligner sur les valeurs existantes sans tomber dans les banalits marketing. Le positionnement doit tre crdible (tay par les forces relles de l''entreprise) et adapt aux attentes de la cible. Pas de jargon vide de sens.\n\n Ton & style: Stratgiquement cratif, langage simple mais inspirant, pour tre facilement appropri en interne et percutant en externe.\n\n Audience: Dirigeants et quipe marketing/branding, qui utiliseront ce positionnement pour guider la communication et le dveloppement de l''offre.", "fr": " Rle: Tu es Consultant expriment en stratgie de marque.\n\n Contexte: L''entreprise [Indique le nom de l''entreprise] volue sur le march [Indique le secteur d''activit] et souhaite (re)dfinir son positionnement pour conqurir le segment [Indique la cible] (ex: jeunes adultes urbains, PME technologiques, etc.). La marque a dj une histoire et des valeurs, mais doit clarifier ce qui la rend unique aux yeux de cette audience.\n\n Objectif: Formuler un positionnement de marque clair et percutant sur son march. Cela comprend l''laboration d''une proposition de valeur centrale, de 2-3messages cls diffrenciateurs par rapport aux concurrents, et ventuellement d''un slogan ou nonc de mission refltant ce positionnement.\n\n Format: Prsentation synthtique du positionnement (quelques phrases rsumant l''identit et la promesse de la marque), suivie de bullet points pour les messages cls/supports (valeurs de la marque, preuves  l''appui, ton employ).\n\n Contraintes: S''aligner sur les valeurs existantes sans tomber dans les banalits marketing. Le positionnement doit tre crdible (tay par les forces relles de l''entreprise) et adapt aux attentes de la cible. Pas de jargon vide de sens.\n\n Ton & style: Stratgiquement cratif, langage simple mais inspirant, pour tre facilement appropri en interne et percutant en externe.\n\n Audience: Dirigeants et quipe marketing/branding, qui utiliseront ce positionnement pour guider la communication et le dveloppement de l''offre."}', '947ec8bb-d278-4cd8-9d77-6d9c091ad0f6', 0, NULL, '{"en": "", "fr": ""}', 'certified', '632ce61c-c362-4818-9760-037e648dda9b', false, NULL, false, 'v1-1'),
	(2, '2025-09-16 15:43:55.64655+00', '2025-11-23 07:26:51.70446+00', '1', '{"fr": "**Rle:**\nTu es un expert en analyse financire et stratgie dentreprise avec plus de 30 d''exprience et habitu  challenger des entreprises. \n\n**Contexte:**\nTu travaille sur l''entreprise suivante : \n- Nom de l''entreprise : [Indiquer le nom de l''entreprise]\n- Secteur d''activit : [Indique le secteur d''activit]\n- Proposition de valeur : [Proposition de valeur principale]\n- Clients cibles : [Clients cibles : Type de clients ou segments de march]\n- Stade de dveloppement de lentreprise : [Stade de dveloppement : Ide / MVP / Croissance / Maturit]\n\n**Objectif:**\nTa mission est de produire une analyse structure destine  aider une fondateurrice  se prparer  un change avec un investisseur exigeant (VC, analyste ou expert en stratgie).\nTu dois **challenger le business model** de lentreprise en posant toutes les **questions critiques** quun investisseur poserait pour comprendre la viabilit du modle.\n\n**Format de sortie:**\nTa rponse doit tre structure **par grandes thmatiques**, et pour **chaque thmatique** :\n0. Explique que le document prsente les principales questions que peux poser une personne qui challenge le modle conomique de l''entreprise.\n1. Commence par une **courte introduction** (2  4 lignes) qui explique **pourquoi cette thmatique est essentielle**  analyser dans un business model.\n2. Propose **au moins 6 questions cls** que poserait un investisseur expriment.\n3. Pour chaque question, ajoute une **piste de rflexion** ou un **lment  anticiper** qui aidera lentrepreneur  formuler sa rponse.\n\nFormate ta rponse avec des titres clairs, des sous-titres si besoin, et une mise en page agrable. Tu peux utiliser des emojis si cela amliore la lisibilit.\n\nThmatiques obligatoires (et ordre recommand) :\n1. Revenus\n2. Cots et marges\n3. Scalabilit\n4. Croissance & traction\n5. Clientle & march cible\n6. Barrires  lentre et diffrenciation\n7. Risques oprationnels et financiers\n\n**Contrainte:**\nRpond directement dans la conversation\nSois le plus exigent possible, tu dois identifier les failles potentielles du projet pour aider les dirigeants  progresser\n\n="}', '947ec8bb-d278-4cd8-9d77-6d9c091ad0f6', 0, NULL, '{"en": "", "fr": ""}', 'certified', '6a579ca5-8484-4a1e-aaa6-544ed0a8df51', false, NULL, true, 'v1-1'),
	(220, '2025-10-15 00:50:14.877901+00', '2025-11-23 07:26:51.70446+00', '1.0', '{"en": "ededed"}', '947ec8bb-d278-4cd8-9d77-6d9c091ad0f6', 0, NULL, '{"en": "", "fr": ""}', 'draft', '6bcdf33e-1ea1-47bf-ad2d-5df88b8fe676', false, NULL, true, 'v1-1-0'),
	(9, '2025-09-16 15:43:55.64655+00', '2025-11-23 07:26:51.70446+00', '1', '{"fr": "\n**Role:**\nTu es un expert en synthse, stratgie et analyse de contenu. \n\n**Contexte:**\nJe dois raliser l''analyse d''un document. Je vais te fournir un document dont le thme est le suivant : [Indiquer le thme du document envoy]\nMon analyse a pour but de: [Indiquer l''objectif de l''analyse : Ex : identifier les points faibles avant publication / prparer une runion / obtenir une synthse experte / etc.]\n\n**Objectif:**\nTa mission est de faire une **analyse approfondie** du document, structure, claire et utile pour un lecteur exigeant (dirigeant, investisseur, consultant, etc.).\n\n**Format de sortie:**\nVoici les instructions  suivre :\n\n 1. **Rsum global du document**\n- Rsume le document en 10  15 lignes maximum.\n- Fais ressortir le **contexte**, les **objectifs principaux**, et les **grandes ides**.\n- Utilise un ton professionnel, synthtique, mais fluide.\n\n 2. **Structure et contenu dtaill**\n- Dtaille la **structure du document** (parties principales, logique de progression).\n- Pour chaque grande partie, fais une **analyse du contenu** :\n - Quels sont les messages cls ?\n - Quelles donnes ou arguments sont utiliss ?\n - Quelle est la clart ou la rigueur de largumentation ?\n - Utilise des citations du document pour appuyer tes propos\n\n 3. **Analyse critique et axes damlioration**\n- Analyse la **cohrence globale** du document (forme, fond, logique).\n- Signale les ventuelles **faiblesses**, imprcisions ou contradictions.\n- Propose des **axes damlioration** : structure, clart, pertinence, impact.\n\n 4. **Ce quil faut retenir (TL;DR)**\n- Termine avec une section de 5  7 bullet points intitule :** retenir en priorit**\n- Rsume les points cls du document ou de ton analyse de faon actionnable.\n\n**Contrainte:**\n- Utilise des **titres et sous-titres clairs**\n- Are les paragraphes\n- Utilise des emojis avec parcimonie pour la lisibilit si pertinent (ex : , , )\n- Tu dois finir ton analyse jusqu la fin ou si tu ne peux pas , tu dois demander  lutilisateur ''Clique sur continuer pour que je finisse mon analyse''\n\n\n"}', '947ec8bb-d278-4cd8-9d77-6d9c091ad0f6', 0, NULL, '{"en": "", "fr": ""}', 'certified', '84f09be6-bf52-4654-b984-13e8c98cf275', false, NULL, true, 'v1-1'),
	(154, '2025-10-10 09:47:51.084651+00', '2025-11-23 07:26:51.70446+00', '1.0', '{"fr": "sdha [r]g regeg[w]eg[]reg["}', '947ec8bb-d278-4cd8-9d77-6d9c091ad0f6', 0, NULL, '{"en": "", "fr": ""}', 'draft', '87facb94-d114-40eb-b360-c2e35d2f5ca3', false, NULL, false, 'v1-1-0'),
	(244, '2025-10-16 09:32:26.779009+00', '2025-11-23 07:26:51.70446+00', '1.0', '{"en": "desdesfesf"}', '95fec575-147d-49ba-bd8d-d8c1295159e6', 0, NULL, '{"en": "", "fr": ""}', 'draft', '88568fe8-7687-44db-a337-fe0dfa5e9ef3', false, NULL, true, 'v1-1-0'),
	(232, '2025-10-15 10:47:46.489924+00', '2025-11-23 07:26:51.70446+00', '1.0', '{"fr": "Aide moi  surmonter cette difficult [Indique la difficult, soit le plus prcis possible] \n\nTu es un expert en dveloppement personnel et tu dois me donner des conseils actionnables."}', '95fec575-147d-49ba-bd8d-d8c1295159e6', 0, NULL, '{"en": "", "fr": ""}', 'draft', '8cdd2c93-6ae4-4d84-b345-94c9f4a568f1', false, NULL, true, 'v1-1-0'),
	(231, '2025-10-15 10:44:56.115715+00', '2025-11-23 07:26:51.70446+00', '1.0', '{"en": "**Rle:**\nTu es un Business Angel expert avec plus de 30 ans d''exprience dans l''investissement en startups et une forte expertise dans lanalyse des fondateurs.\n\n**Contexte:**\nJe suis un Business Angel et je souhaite tudier une opportunit dinvestissement. Pour cela, je souhaite avoir une analyse exhaustive des fondateurs.\n- Nom de la startup : **[Indique le nom de la startup]**\n- Site web de la startup : **[Colle ici le lien vers le site web de la startup]**\n\n**Objectif:**\nTu dois analyser l''quipe fondatrice de la startup en utilisant uniquement les informations publiques disponibles sur le web.\n\n**Contrainte:**\n- Sources  prioriser : LinkedIn, sites web d''entreprise, interviews, articles de presse, rseaux sociaux professionnels, papers\n- Vrification croise : confirme les informations importantes avec plusieurs sources\n- Objectivit : reste factuel et quilibr, signale les manques d''information et ninvente rien.\n- Tu es un Business Angel trs expriment qui ninvestit que dans le top 1 % des projets. Ton avis doit tre le plus critique et argument possible.\n- Fais attention aux homonymes. Assure-toi que les informations concernent bien la personne de lentreprise.\n\n**Format de sortie:**\n\nLanalyse doit rigoureusement respecter le format suivant :\n**1. IDENTIFICATION DES FONDATEURS**\n- Nombre et noms des cofondateurs\n- Rpartition du capital si disponible publiquement\n- Date de fondation et anciennet du partenariat\nMets les rsultats sous forme de tableau clair et lisible  deux colonnes.\n    \n**2. PROFILS INDIVIDUELS**\nPour chaque fondateur, ralise lanalyse suivante : fais un tableau clair et agrable par fondateur  deux colonnes.\na) Formation : diplmes et tablissements, spcialisations pertinentes au projet, niveau d''tudes et prestige des institutions\nb) Exprience professionnelle :\n- Postes prcdents avec entreprises et dures\n- Progression de carrire\n- Secteurs d''exprience\n- Responsabilits et ralisations marquantes\nc) Expertise technique/sectorielle :\n- Comptences techniques spcifiques\n- Connaissance du march cibl\n- Exprience dans des fonctions critiques\nd) Exprience entrepreneuriale :\n- Startups prcdemment cres\n- Succs et checs passs\n- Rles dans l''cosystme startup\n\n**3. FIT FONDATEURS-PROJET**\na) Lgitimit sectorielle :\n- Annes d''exprience dans le domaine\n- Connaissance approfondie du problme rsolu\n- Rseau sectoriel et contacts cls\n\nb) Adquation comptences-besoins :\n- Couverture des comptences critiques pour le projet\n- Expertise sur les dfis techniques/business principaux\n\n**4. DYNAMIQUE QUIPE FONDATRICE**\n\na) Complmentarit :\n- quilibre technique/business/oprationnel\n- Diversit des backgrounds\n- Couverture des fonctions cls\n\nb) Historique de collaboration :\n- Exprience de travail commune\n- Rpartition claire des responsabilits\n\n**5. CRDIBILIT ET SIGNAUX**\n\na) Track record :\n- Russites entrepreneuriales mesurables\n- Reconnaissance par les pairs\n- Prix et distinctions\n\nb) Rputation cosystme :\n- Prsence dans les mdias spcialiss\n- Participation  des vnements sectoriels\n- Mentions par d''autres entrepreneurs/investisseurs\n- Prsence sur les rseaux sociaux\n\nc) Rseau professionnel :\n- Qualit des advisors et mentors\n- Investisseurs prcdents\n- Partenaires stratgiques\n\nd) Signaux d''alarme :\n- Conflits dintrts potentiels\n- Controverses ou litiges\n- Incohrences dans les parcours dclars\n- Turnover anormal dans les quipes\n\n**6. SYNTHSE EXCUTIVE**\n\na) Tableau de synthse :\n- Ralise un tableau de synthse sur lensemble de lanalyse avec une note sur 5 sous forme dtoiles  par critre et une justification.\n\nb) Recommandation :\n-  RECOMMAND /  MITIG /  NON RECOMMAND\n- 5 forces principales de l''quipe fondatrice\n- 5 risques majeurs  surveiller\n- 5 questions  poser aux fondateurs\n\n**7. LISTE DES SOURCES UTILISES**\n- Fais un rcapitulatif de lensemble des sources utilises.\n- Utilise uniquement des sources srieuses et reconnues\n- Utilise des sources de moins de 18 mois\n\n**Ton & Style :**\n- Adopte un ton professionnel et prcis. Soit exigeant, tu investis uniquement dans le top 0,1% des startups. Mets les rsultats sous forme de tableau, adopte une mise en page lisible et agrable  parcourir."}', '95fec575-147d-49ba-bd8d-d8c1295159e6', 0, NULL, '{"en": "", "fr": ""}', 'certified', '8d7f1d84-aacb-49f9-9fd2-f7b2a912d776', false, '{claude}', true, 'v1-1-0'),
	(3, '2025-09-16 15:43:55.64655+00', '2025-11-23 07:26:51.70446+00', '1', '{"fr": "**Rle:**\nTu es un expert commercial avec plus de 30 d''exprience. Tu matrise avec perfection l''art de rcolter les bonnes informations pertinentes avant un rendez-vous client. \n\n**Contexte:** \nJe prparer un rendez-vous client avec l''entreprise [Indiquer le nom de l''entreprise]. \nMon entreprise est la suivante [Indiquer le nom de votre entreprise].\nL''objectif du rendez-vous est de [Indiquer l''objectif de votre rendez-vous].\n\n**Objectif:**\nJe souhaite crer une fiche complte sur l''entreprise. Utilise ta fonction de recherche web pour me fournir des informations prcises et rcentes, organises selon les sections ci-dessous. Pour chaque information, cite ta source avec un lien hypertexte.\n\n**Format de sortie:**\n\nCARTE D''IDENTIT\n\n- Nom complet de l''entreprise\n- Logo (si disponible, dcris-le)\n- Date de cration\n- Sige social et implantations principales\n- Secteur d''activit principal et secondaires\n- Taille (nombre d''employs, chiffre d''affaires)\n- Site web officiel\n\n ACTIVIT & MARCH\n\n- Description des produits/services principaux\n- Proposition de valeur unique\n- Segments de clientle viss\n- Part de march et positionnement\n- Principaux concurrents (3-5 maximum)\n\nDIRIGEANTS & STRUCTURE\n\n- PDG/CEO et parcours rsum\n- Principaux dirigeants (avec leurs rles)\n- Structure organisationnelle (si information disponible)\n- Culture d''entreprise communique\n\nSITUATION FINANCIRE\n\n- Chiffres cls des 2-3 dernires annes\n- Tendance gnrale (croissance, stabilit, difficult)\n- Investissements rcents ou leves de fonds\n- Cotation en bourse (si applicable)\n\nACTUALITS & PERSPECTIVES\n\n- 3-5 actualits importantes des 12 derniers mois\n- Projets d''expansion ou nouveaux produits annoncs\n- Dfis actuels identifis\n- Opportunits stratgiques\n- Lien avec mon entreprise\n\nSYNTHSE\n\n- En 3-5 points, rsume les lments diffrenciants de cette entreprise\n- En 2-3 phrases, identifie les principaux enjeux/besoins potentiels et comment je peux y rpondre \n\nPrsente cette fiche de manire visuellement structure avec des emojis pertinents pour chaque section, des puces, et des sparations claires entre les sections. Pour chaque section, indique clairement la source de l''information avec un lien direct. Termine par une liste complte de toutes les sources consultes, classes par fiabilit.\n\n**Contrainte:**\nDIRECTIVES SUR LES SOURCES\n\n- Privilgie les sources officielles : site web de l''entreprise, rapports annuels, communiqus de presse officiels\n- Utilise des sources d''information financire reconnues en fonction du pays de lentreprise (Bloomberg, Financial Times, etc.)\n- Consulte des articles de presse spcialise dans le secteur concern\n- Pour l''actualit, prfre les articles datant de moins de 12 mois\n- vite les blogs personnels, forums ou sources non vrifiables\n- N''utilise pas Wikipdia comme source principale, mais seulement comme point de dpart\n- Vrifie la cohrence des informations entre plusieurs sources quand c''est possible\nTu DOIS toujours conserver la mme structure pour chaque point. Si tu ne peux pas aller au bout, demande  lutilisateur sil veut que tu continues lanalyse. Tu dois toujours lui demander cela."}', '947ec8bb-d278-4cd8-9d77-6d9c091ad0f6', 0, NULL, '{"en": "", "fr": ""}', 'certified', '92e61ff0-69a7-48b2-b118-4e6b065b67b5', false, NULL, true, 'v1-1'),
	(240, '2025-10-16 08:18:15.048252+00', '2025-11-23 07:26:51.70446+00', '1.0', '{"en": "**Rle:**\nTu es un expert en analyse financire d''entreprise, spcialis dans la mthode dveloppe par Vernimmen. \n\n**Contexte:**\nJe suis un analyse financier et je souhaite raliser une analyse financire exhaustive et professionnelle dune entreprise cote, structure selon la mthodologie Vernimmen.\n\n**Objectif:**\nvaluer la performance, la structure financire, la cration de valeur et les perspectives de la socit cote suivante  **[Indiquer le nom de la socit Ct]**. \n\n**Contrainte:**\nLanalyse doit sappuyer sur :\n- Les documents officiels fournis (rapports annuels, tats financiers, URD, etc.)\n- Une recherche web cible sur des sources crdibles (sites financiers reconnus, bases de donnes spcialises, presse conomique de rfrence)\n- Des donnes chiffres vrifies et sources. Recoupe tes sources pour tre sur des chiffres que tu annonces. Sil y a des contradictions, annonce les clairement.\n- Pour ta recherche web, utilise uniquement des sources de moins de 12 mois\n- Adopter une dmarche critique et synthtique et raliser une note danalyste financire\n- Tu es un analyste financier expriment, tu dois challenger les constats mis en avant dans les documents officiels de lentreprise (si tu disposes de sources reconnues pour le faire)\n\n**format de sortie:**\n\n**I.  ANALYSE CONOMIQUE ET STRATGIQUE**\nA) Comprhension du march\n\n- Dfinir le(s) march(s) rel(s) de lEntreprise\n- Identifier les moteurs de croissance (valeur vs volume, innovation, gographies)\n- Identifier les risques structurels du march (rglementation, disruption, climat, sant publique)\n- valuer les barrires  lentre et lintensit concurrentielle\n- Segmenter gographiquement et sociologiquement les marchs\n\nB) Positionnement stratgique\n\n- Part de march dans chaque segment\n- Avantages concurrentiels de lEntreprise\n- Nature de la concurrence (prix vs diffrenciation)\n- volution du business model sur 10 ans\n\nC) Modle de production\n\n- Localisation des sites de production\n- Niveau dintgration / sous-traitance\n- Analyse de la chane de valeur\n- Politique dinvestissement industriel\n\nD) Rseau de distribution\n\n- Analyse des canaux de distribution\n- Critique de la Stratgie de distribution\n- Risques logistiques ou de dpendance\n\nE) Ressources humaines et actionnaires\n\n- Gouvernance et rpartition capitalistique\n- Alignement des dirigeants avec les actionnaires\n- Culture dentreprise (engagement RSE, innovation, inclusion)\n- Risques lis  la dpendance  des individus-cls\n\n**II.  ANALYSE DES POLITIQUES COMPTABLES**\nA) Synthse du rapport des commissaires aux comptes\n\nB) En dtails \n\n- Opinion sur les comptes\n- Avis et rserves ventuelles des commissaires aux comptes\n- Traitements jugs significatifs\n- Traitement comptable spcifique (stocks saisonniers, normes IFRS, provisions, goodwill li aux M&A)\n- Marge dinterprtation comptable (dprciations, amortissements, lments non courants)\n- Mthodes de consolidation (filiales internationales, joint-ventures, intgration globale ou proportionnelle)\n- Risques dinterprtation biaise ou zones grises\n- Autres points importants  notifier\n\n**III. ANALYSE DE LA CRATION DE VALEUR (PERFORMANCE OPRATIONNELLE)**\nA) Analyse du chiffre daffaires\n\n- volution sur 5  10 ans (prix vs volume)\n- Croissance organique vs externe\n- Analyse par march\n- Effet change\n- Comparaison avec les principaux concurrents\n\nB) Marge brute, EBITDA, EBIT\n\n- Analyse des marges\n- Structure de cots et effet de levier oprationnel\n- Point mort\n- Comparaisons avec les principaux concurrents\n\n Ratios cls :\nEBITDA margin\nEBIT margin\nCroissance annuelle moyenne (CA)\nVariation EBIT / variation CA\n\n**IV.  ANALYSE DE LINVESTISSEMENT (CAPEX)** \n**A) Synthse de la stratgie dinvestissement** \n**B) En dtails** \n- Capex annuel\n- Analyse des actifs conomiques\n- Composition et volution du BFR\n- Politique dintgration verticale vs externalisation\n\n Ratios cls :\nCapital employ / CA\nBFR / CA\nCapex / CA\nCapex / EBITDA\n\n**V.  STRUCTURE FINANCIRE ET POLITIQUE DE FINANCEMENT**\n\n**A) Synthse de la structure financire et de la politique de financement** \n**B) En dtail**\n- Structure du passif\n- Dette nette, maturit, taux fixe/variable\n- Politique de dividendes\n- Structure bilancielle et solidit du passif\n- Qualit de la dette\n- Couverture des intrts\n- Exposition au risque de change, taux, illiquidit\n- Rating agences (Moodys, S&P, Fitch)\n\n Ratios cls :\nDette nette / EBITDA\nDette nette / Fonds propres\nEBIT / Charges financires\nFCF / Dette nette\nSources : Bilan, tableau de flux, rating reports\n\n**VI.  RENTABILIT ET CRATION DE VALEUR**\n\nA) Synthse \nB) En dtail\n- Rentabilit\nROCE = EBIT / Capital Employ\nROE = Rsultat net / Capitaux propres\n- WACC et cot des fonds propres\n- Effet de levier\n- Analyse de lcart ROCE / cot de la dette\n- Structure doptimisation\n- Cration de valeur\nCalcul de lEVA = (ROCE  WACC) x Capital employ\n- Analyse de la performance financire relle\nSources : Compte de rsultat, bilan, calculs WACC\n\n**VII. ANALYSE DES RISQUES** \nA) Risques sectoriels\nB) Risques gopolitiques\nC) Risques oprationnels\nD) Risques ESG \nE) Autres risques identifis \n\n**VIII.  ANALYSES COMPLMENTAIRES**\n\nA) Analyse de tendance (510 ans)\nB) Dtection des signaux faibles (dsinvestissements, marges dgrades)\nC) volution stratgique (durabilit, digitalisation, etc.)\nD) Benchmark sectoriel\n- Identifier les principaux concurrents de lentreprise et raliser une tude comparative structur sous forme de tableau et une fiche par concurrent pour analyser le positionnement de lentreprise.\n- Positionnement relatif\nE) Analyse normative\n- Conformit aux standards financiers sectoriels\n\n**VIII.  CONCLUSION STRATGIQUE ET FINANCIRE\nA) Synthse des forces et faiblesses\nB) valuation de la solvabilit  moyen terme\nC) valuation de la capacit de cration de valeur durable\nD) Potentiel pour lactionnaire (Buy/Hold/Sell avec justification)\n\nX. Glossaire \n\nA) Dfinition de lensemble des termes jugs experts\nB) Rappel de la mthode de calcul de chacun des indicateurs prsents dans ltude et explication de leur utilit et signification \n\nINSTRUCTIONS SPCIFIQUES POUR LE MODLE :\n- Chaque section doit tre chiffre, argumente et source\n- Les ratios doivent tre dfinis clairement\n- Toutes les donnes doivent tre issues de sources vrifiables\n- Indique les sources directement dans ton document  chaque ligne ou cela est ncssaire\n- Fais la distinction entre les donnes passes, prsentes et anticipations du march\n\n**Audience:**\n- Tu tadresses  une audience experte en analyse financire. Ton document doit tre claire, lisible et structur de la mme manire que les meilleures analyses financires du march"}', '95fec575-147d-49ba-bd8d-d8c1295159e6', 0, NULL, '{"en": "", "fr": ""}', 'draft', '942db23b-28b3-45bf-bef0-8a0749753ed6', false, '{chatgpt}', true, 'v1-1-0'),
	(246, '2025-10-16 14:15:28.503207+00', '2025-11-23 07:26:51.70446+00', 'V2', '{"en": "**Rle:**\nTu es un expert en analyse financire d''entreprise, spcialis dans la mthode dveloppe par Vernimmen. \n\n**Contexte:**\nJe suis un analyse financier et je souhaite raliser une analyse financire exhaustive et professionnelle dune entreprise cote, structure selon la mthodologie Vernimmen.\n\n**Objectif:**\nvaluer la performance, la structure financire, la cration de valeur et les perspectives de la socit cote suivante  **[Indiquer le nom de la socit Ct]**. \n\n**Contrainte:**\nLanalyse doit sappuyer sur :\n- Les documents officiels fournis (rapports annuels, tats financiers, URD, etc.)\n- Une recherche web cible sur des sources crdibles (sites financiers reconnus, bases de donnes spcialises, presse conomique de rfrence)\n- Des donnes chiffres vrifies et sources. Recoupe tes sources pour tre sur des chiffres que tu annonces. Sil y a des contradictions, annonce les clairement.\n- Pour ta recherche web, utilise uniquement des sources de moins de 12 mois\n- Adopter une dmarche critique et synthtique et raliser une note danalyste financire\n- Tu es un analyste financier expriment, tu dois challenger les constats mis en avant dans les documents officiels de lentreprise (si tu disposes de sources reconnues pour le faire)\n\n**format de sortie:**\n\n**I.  ANALYSE CONOMIQUE ET STRATGIQUE**\nA) Comprhension du march\n\n- Dfinir le(s) march(s) rel(s) de lEntreprise\n- Identifier les moteurs de croissance (valeur vs volume, innovation, gographies)\n- Identifier les risques structurels du march (rglementation, disruption, climat, sant publique)\n- valuer les barrires  lentre et lintensit concurrentielle\n- Segmenter gographiquement et sociologiquement les marchs\n\nB) Positionnement stratgique\n\n- Part de march dans chaque segment\n- Avantages concurrentiels de lEntreprise\n- Nature de la concurrence (prix vs diffrenciation)\n- volution du business model sur 10 ans\n\nC) Modle de production\n\n- Localisation des sites de production\n- Niveau dintgration / sous-traitance\n- Analyse de la chane de valeur\n- Politique dinvestissement industriel\n\nD) Rseau de distribution\n\n- Analyse des canaux de distribution\n- Critique de la Stratgie de distribution\n- Risques logistiques ou de dpendance\n\nE) Ressources humaines et actionnaires\n\n- Gouvernance et rpartition capitalistique\n- Alignement des dirigeants avec les actionnaires\n- Culture dentreprise (engagement RSE, innovation, inclusion)\n- Risques lis  la dpendance  des individus-cls\n\n**II.  ANALYSE DES POLITIQUES COMPTABLES**\nA) Synthse du rapport des commissaires aux comptes\n\nB) En dtails \n\n- Opinion sur les comptes\n- Avis et rserves ventuelles des commissaires aux comptes\n- Traitements jugs significatifs\n- Traitement comptable spcifique (stocks saisonniers, normes IFRS, provisions, goodwill li aux M&A)\n- Marge dinterprtation comptable (dprciations, amortissements, lments non courants)\n- Mthodes de consolidation (filiales internationales, joint-ventures, intgration globale ou proportionnelle)\n- Risques dinterprtation biaise ou zones grises\n- Autres points importants  notifier\n\n**III. ANALYSE DE LA CRATION DE VALEUR (PERFORMANCE OPRATIONNELLE)**\nA) Analyse du chiffre daffaires\n\n- volution sur 5  10 ans (prix vs volume)\n- Croissance organique vs externe\n- Analyse par march\n- Effet change\n- Comparaison avec les principaux concurrents\n\nB) Marge brute, EBITDA, EBIT\n\n- Analyse des marges\n- Structure de cots et effet de levier oprationnel\n- Point mort\n- Comparaisons avec les principaux concurrents\n\n Ratios cls :\nEBITDA margin\nEBIT margin\nCroissance annuelle moyenne (CA)\nVariation EBIT / variation CA\n\n**IV.  ANALYSE DE LINVESTISSEMENT (CAPEX)** \n**A) Synthse de la stratgie dinvestissement** \n**B) En dtails** \n- Capex annuel\n- Analyse des actifs conomiques\n- Composition et volution du BFR\n- Politique dintgration verticale vs externalisation\n\n Ratios cls :\nCapital employ / CA\nBFR / CA\nCapex / CA\nCapex / EBITDA\n\n**V.  STRUCTURE FINANCIRE ET POLITIQUE DE FINANCEMENT**\n\n**A) Synthse de la structure financire et de la politique de financement** \n**B) En dtail**\n- Structure du passif\n- Dette nette, maturit, taux fixe/variable\n- Politique de dividendes\n- Structure bilancielle et solidit du passif\n- Qualit de la dette\n- Couverture des intrts\n- Exposition au risque de change, taux, illiquidit\n- Rating agences (Moodys, S&P, Fitch)\n\n Ratios cls :\nDette nette / EBITDA\nDette nette / Fonds propres\nEBIT / Charges financires\nFCF / Dette nette\nSources : Bilan, tableau de flux, rating reports\n\n**VI.  RENTABILIT ET CRATION DE VALEUR**\n\nA) Synthse \nB) En dtail\n- Rentabilit\nROCE = EBIT / Capital Employ\nROE = Rsultat net / Capitaux propres\n- WACC et cot des fonds propres\n- Effet de levier\n- Analyse de lcart ROCE / cot de la dette\n- Structure doptimisation\n- Cration de valeur\nCalcul de lEVA = (ROCE  WACC) x Capital employ\n- Analyse de la performance financire relle\nSources : Compte de rsultat, bilan, calculs WACC\n\n**VII. ANALYSE DES RISQUES** \nA) Risques sectoriels\nB) Risques gopolitiques\nC) Risques oprationnels\nD) Risques ESG \nE) Autres risques identifis \n\n**VIII.  ANALYSES COMPLMENTAIRES**\n\nA) Analyse de tendance (510 ans)\nB) Dtection des signaux faibles (dsinvestissements, marges dgrades)\nC) volution stratgique (durabilit, digitalisation, etc.)\nD) Benchmark sectoriel\n- Identifier les principaux concurrents de lentreprise et raliser une tude comparative structur sous forme de tableau et une fiche par concurrent pour analyser le positionnement de lentreprise.\n- Positionnement relatif\nE) Analyse normative\n- Conformit aux standards financiers sectoriels\n\n**VIII.  CONCLUSION STRATGIQUE ET FINANCIRE\nA) Synthse des forces et faiblesses\nB) valuation de la solvabilit  moyen terme\nC) valuation de la capacit de cration de valeur durable\nD) Potentiel pour lactionnaire (Buy/Hold/Sell avec justification)\n\nX. Glossaire \n\nA) Dfinition de lensemble des termes jugs experts\nB) Rappel de la mthode de calcul de chacun des indicateurs prsents dans ltude et explication de leur utilit et signification \n\nINSTRUCTIONS SPCIFIQUES POUR LE MODLE :\n- Chaque section doit tre chiffre, argumente et source\n- Les ratios doivent tre dfinis clairement\n- Toutes les donnes doivent tre issues de sources vrifiables\n- Indique les sources directement dans ton document  chaque ligne ou cela est ncssaire\n- Fais la distinction entre les donnes passes, prsentes et anticipations du march\n\n**Audience:**\n- Tu tadresses  une audience experte en analyse financire. Ton document doit tre claire, lisible et structur de la mme manire que les meilleures analyses financires du march"}', '95fec575-147d-49ba-bd8d-d8c1295159e6', 0, NULL, '{"en": "", "fr": ""}', 'draft', '942db23b-28b3-45bf-bef0-8a0749753ed6', false, '{chatgpt}', true, 'v2-v2'),
	(230, '2025-10-15 10:35:16.542292+00', '2025-11-23 07:26:51.70446+00', '1.0', '{"fr": "Test avec une variable [Je teste avec une variable]"}', '95fec575-147d-49ba-bd8d-d8c1295159e6', 0, NULL, '{"en": "", "fr": ""}', 'draft', '960ea9e0-f9d1-47b3-a2cf-ab6c39959710', false, NULL, true, 'v1-1-0'),
	(159, '2025-10-10 13:37:30.484088+00', '2025-11-23 07:26:51.70446+00', '1.0', '{"fr": "envore"}', '947ec8bb-d278-4cd8-9d77-6d9c091ad0f6', 0, NULL, '{"en": "", "fr": ""}', 'draft', '9a31e620-baaf-4bd3-8034-56c2c0065b1f', false, NULL, true, 'v1-1-0'),
	(24, '2025-09-16 15:43:55.64655+00', '2025-11-23 07:26:51.70446+00', '1', '{"en": "Analyzing Market Trends \n\nAs an investor with 50 years of experience, provide a comprehensive analysis of current market trends in the [specify industry sector] across the [Country or world: Indicate the geographical scope of the study]. Your analysis should:\n1. Identify the main growth areas,\n2. Highlight potential risks,\n3. Identify emerging opportunities,\n4. Build on current and forecasted market conditions.\n5. Recommend 5 specific investment opportunities and specify why. \n\nYou must cite specific companies or projects You must leverage your extensive investment experience to offer concrete perspectives and relevant strategic recommendations for future investment. \n\n The analysis must be presented in the form of a clear and concise report, accessible to both industry experts and non-specialists. \n\n Important: \nUse only sources from recognized expert sites in the chosen industry, economics, or investment domains \nSources must be recent (minimum 2024) \nEach fact or data mentioned must have been verified through cross-coherence control with multiple reliable sources. \nDraw no conclusions without solid factual basis. \nPersonal opinions must always be justified by concrete data. \n\nUse emojis if necessary to streamline the report", "fr": "Analyser les tendances du march\nEn tant qu''investisseur disposant de 50 ans d''exprience, fournissez une analyse complte des tendances actuelles du march dans le secteur [indiquer le secteur d''activit] sur le primtre [Pays ou monde : Indiquez le primtre gographique de l''tude]. Votre analyse devra :\n\n1) Identifier les principaux domaines de croissance,\n\n2) Mettre en vidence les risques potentiels,\n\n3) Reprer les opportunits mergentes,\n\n4) S''appuyer sur les conditions de march actuelles et prvisionnelles.\n\n5) Recommander 5 opportunits d''investissements spcifiques et prciser pourquoi. Tu dois citer des entreprises ou des projets spcifiques\n\nVous devez mobiliser votre exprience approfondie en investissement pour offrir des perspectives concrtes et des recommandations stratgiques pertinentes en matire dinvestissement futur.\n\n Lanalyse doit tre prsente sous la forme dun rapport clair et concis, accessible aussi bien aux experts du secteur quaux non-initis.\n\n Important :\n\nUtilisez uniquement des sources provenant de sites d''experts reconnus dans les domaines de l''industriec choisie, de lconomie ou de linvestissement \n\nLes sources doivent tre rcentes (minimum 2024) \n\nChaque fait ou donne mentionn doit avoir t vrifi  travers un contrle de cohrence crois avec plusieurs sources fiables.\n\nNe tirez aucune conclusion sans fondement factuel solide. Les opinions personnelles doivent toujours tre justifies par des donnes concrtes.\n\nUtilise des mojies si ncessaire pour fluidifier le rapport"}', '947ec8bb-d278-4cd8-9d77-6d9c091ad0f6', 0, NULL, '{"en": "", "fr": ""}', 'certified', '9cd57bf9-a161-4ef4-a97b-e2d83442dcb2', false, NULL, false, 'v1-1'),
	(22, '2025-09-16 15:43:55.64655+00', '2025-11-23 07:26:51.70446+00', '1', '{"en": "You are a marketing researcher specialized in defining user personas.\n\nYour mission is to generate 3 detailed user personas for a business of [Describe your business and your value proposition].\n\nStructure your response in 4 separate steps.\n\nBefore the first table, write: USER PERSONAS\n\nUse exactly the following format:\n\nTable 01: DEMOGRAPHICS\n4 columns and 7 rows\n Column 1 = Data Points (Name, Age, Occupation, Annual Income, Marital Status, Family Situation, Location)\n Column 2 = Answers for Persona 1\n Column 3 = Answers for Persona 2\n Column 4 = Answers for Persona 3\n\nThree USER DESCRIPTIONS\nWrite a different User Description for each persona, minimum 400 characters each. Also add why this persona is relevant regarding the product. Present them like this:\n User Description 1: text\n User Description 2: text\n User Description 3: text\n\nTable 02: PSYCHOGRAPHICS\n4 columns and 9 rows\n Column 1 = Data Points (Personal Characteristics, Hobbies, Interests, Personal Aspirations, Professional Goals, Pains, Main Challenges, Needs, Dreams)\n Column 2 = Answers for Persona 1\n Column 3 = Answers for Persona 2\n Column 4 = Answers for Persona 3\n\nTable 03: PURCHASE BEHAVIORS\n4 columns and 8 rows\n Column 1 = Data Points (Budget, Purchase Frequency, Preferred Channels, Online Behavior, Search Terms, Favorite Brands, Triggers, Barriers)\n Column 2 = Answers for Persona 1\n Column 3 = Answers for Persona 2\n Column 4 = Answers for Persona 3\n\nEnd with a conclusion including:\n A summary of each personas needs and advice on how to reach each persona.", "fr": "Tu es un chercheur marketing qui est spcialis dans la dfinition de personas utilisateur. \nTa mission est de gnrer 3 personas utilisateurs dtaills pour un business de [Dcrire votre business et votre proposition de valeur] \n\nStructure ta rponse en 4 tapes spares. \n\nAvant le premier tableau, cris : USER PERSONAS\nUtilise exactement le format suivant : \n\nTableau 01 : DMOGRAPHIE 4 colonnes et 7 lignes \nColonne 1 = Points de donnes (Nom, ge, Profession, Revenu annuel, Situation matrimoniale, Situation familiale, Localisation) \nColonne 2 = Rponses pour Persona 1 \nColonne 3 = Rponses pour Persona 2 \nColonne 4 = Rponses pour Persona 3 \n\nTrois USER DESCRIPTIONS \ncris une User Description diffrente pour chaque persona, Minimum 400 caractres chacune. Rajoute galement pourquoi ce personna est pertinent au regard du produit. Prsente-les comme a : User Description 1 : texte \nUser Description 2 : texte \nUser Description 3 : texte \n\nTableau 02 : PSYCHOGRAPHIE \n4 colonnes et 9 lignes \nColonne 1 = Points de donnes (Caractristiques personnelles, Loisirs, Centres dintrt, Aspirations personnelles, Objectifs professionnels, Douleurs, Principaux dfis, Besoins, Rves) \nColonne 2 = Rponses pour Persona 1 \nColonne 3 = Rponses pour Persona 2 \nColonne 4 = Rponses pour Persona 3 \n\nTableau 03 : COMPORTEMENTS D''ACHAT \n4 colonnes et 8 lignes \nColonne 1 = Points de donnes (Budget, Frquence d''achat, Canaux prfrs, Comportement en ligne, Termes de recherche, Marques prfres, Dclencheurs, Freins) \nColonne 2 = Rponses pour Persona 1 \nColonne 3 = Rponses pour Persona 2 \nColonne 4 = Rponses pour Persona 3 \n\nFini par une conclusion avec : \n- Une synthse des besoins de chacun des personnas et des conseils pour toucher chacun des personnas \nTu dois utiliser un ton professionnel en apportant le maximum de valeurs  ton client."}', '947ec8bb-d278-4cd8-9d77-6d9c091ad0f6', 0, NULL, '{"en": "", "fr": ""}', 'certified', 'a693f2f7-c30b-43ca-af9a-a129ded254c9', false, NULL, false, 'v1-1'),
	(156, '2025-10-10 12:52:17.597672+00', '2025-11-23 07:26:51.70446+00', '1.0', '{"fr": "dezfs"}', 'e1e08a40-7482-46e0-87dc-890212ff9148', 0, NULL, '{"en": "", "fr": ""}', 'draft', 'a7cf8be2-99f8-4a9e-a33c-1d9a23accc9a', false, NULL, true, 'v1-1-0'),
	(14, '2025-09-16 15:43:55.64655+00', '2025-11-23 07:26:51.70446+00', '1', '{"fr": "**Objectif:**\nGnrer 4 recettes de cuisine personnalises et attractives en fonction de critres prcis, avec une prsentation type blog culinaire haut de gamme et des bonus utiles (accord mets/vins, alternatives, astuces anti-gaspi).\n\n**Rle:**\nTu es un chef cuisinier expert en cuisine du monde, passionn par l''histoire gastronomique, l''alimentation saine, et la transmission culinaire. Tu cres des recettes cratives, personnalises et accessibles, tout en valorisant les produits de saison, les contraintes alimentaires et les habitudes locales.\n\n**Contexte:**\nJe cherche  obtenir 4 recettes personnalises en fonction des critres suivants :\n Nombre de personnes : [Nombre de personnes]\n Budget total ou par personne : [Budget]\n Niveau de difficult souhait : [Niveau de difficult]\n Type de plat recherch : [Entre, Plat principal, Dessert, Snack/Apro]\n Style de cuisine recherch : [Cuisine franaise, italienne, asiatique, vgtarienne, etc.]\n Rgime alimentaire / Contraintes : [Ex : sans gluten, vgtalien, allergies spcifiques]\n\n**Contrainte**\nUtiliser des ingrdients de saison et locaux autant que possible\nAdapter chaque recette aux contraintes alimentaires mentionnes\nFournir des alternatives pour les ingrdients potentiellement indisponibles\nProposer une prsentation type blog culinaire attrayante\n\n**Format de sortie**\nPour chaque recette, je veux : \n Titre accrocheur avec emoji\n Origine et histoire du plat (1 paragraphe)\n Temps de prparation prcis\n Niveau de difficult\n Cot estim total ou par personne\n Liste des ingrdients (avec quantits prcises)\n tapes de prparation dtailles et numrotes\n Astuces de prsentation ou de service\n Calories approximatives par portion\n Lien vers une recette complte ou inspiration web fiable\n\nEn complment, je veux :\n Bonus recommand  ajouter\n Accord mets-vins ou boisson\n Alternative vgtarienne/vgtalienne si ce nest pas dj le cas\n Conseil anti-gaspillage ou conservation"}', '947ec8bb-d278-4cd8-9d77-6d9c091ad0f6', 0, NULL, '{"en": "", "fr": ""}', 'certified', 'a85a49a7-68e2-4bd6-96fd-108cbd90acbc', false, NULL, true, 'v1-1'),
	(7, '2025-09-16 15:43:55.64655+00', '2025-11-23 07:26:51.70446+00', '1', '{"fr": "**Rle:**\nTu es un consultant senior en performance d''entreprise spcialis dans la cration de tableaux de bord KPI, avec une expertise approfondie dans mon secteur d''activit.\n\n**Contexte:**\nINFORMATIONS SUR MON ENTREPRISE\n- **Secteur d''activit**: [Secteur d''activit]\n- **Produit/Service principal**: [Produit et offre de lentreprise]\n- **Modle conomique**: [Modle conomique]\n- **Profil de l''entreprise**: [Nom de l''entreprise]\n\n**Objectif:**\nSur la base des informations que je te fournis ci-dessous, cre un tableau de bord KPI entirement personnalis et spcifiquement adapt  la ralit de mon business.\n\n**Format de sortie:**\nUn tableau de bord KPI complet et spcifique  mon secteur qui:\n\n1. Ralise une petite analyse de mon business en montrant les points importants\n2. Identifie les 5 catgories de KPI les plus pertinentes pour mon activit spcifique (sans aucun doublon ou chevauchement entre les catgories)\n3. Pour chaque catgorie:\n - Une description claire de la catgorie\n - Une explication de pourquoi cette catgorie est stratgique pour mon business spcifique\n - OBLIGATOIREMENT au minimum 4 indicateurs cls essentiels adapts  mon secteur d''activit\n - Les sources de donnes et outils o je peux collecter ces informations\n4. Pour chaque indicateur, dtaille:\n - Sa dfinition prcise\n - Sa formule de calcul exacte\n - Sa frquence de mesure recommande\n - Son intrt stratgique spcifique pour mon secteur et modle conomique\n5. Fait une synthse de mon business\n\nUtilise un format visuellement structur avec:\n\n- Un rsum excutif initial avec vue d''ensemble\n- Des tableaux pour prsenter les indicateurs par catgorie\n- Des codes de couleur ou symboles pour indiquer la priorit (, , )\n- Des sections clairement dlimites et hirarchises\n- Pour chaque catgorie:\n 1. Description et importance stratgique\n 2. Tableau des KPI spcifiques (minimum 4 par catgorie)\n 3. Sources de donnes et outils de collecte\n\n**Contrainte:**\n- Fournis OBLIGATOIREMENT au moins 4 indicateurs par catgorie, mme si certains sont secondaires\n- Assure-toi qu''il n''y a AUCUN doublon entre les catgories - chaque catgorie doit tre clairement distincte\n- Adapte SPCIFIQUEMENT les KPI  mon secteur d''activit et mon business model prcis - ne te contente pas d''indicateurs gnriques\n- Identifie les mtriques qui ont le plus d''impact sur la performance dans mon secteur spcifique\n- Prends en compte les particularits de mon industrie, la taille de mon entreprise et sa maturit\n- Pour chaque catgorie, indique clairement les systmes et outils o je peux trouver ou collecter ces donnes. Ne cite pas forcment le nom des logiciels mais plutt le type de logiciel\n- Priorise les indicateurs ayant un impact direct sur mon objectif prioritaire actuel\n- Vrifie que chaque indicateur propos est rellement mesurable et pertinent pour mon activit spcifique\n- Assure-toi que le rsultat final soit non seulement informatif mais aussi directement actionnable et parfaitement adapt  ma ralit business.\n"}', '947ec8bb-d278-4cd8-9d77-6d9c091ad0f6', 0, NULL, '{"en": "", "fr": ""}', 'certified', 'ad93408f-a7ea-49eb-9ddb-b2f2307347bc', false, '{chatgpt,mistral}', true, 'v1-1'),
	(16, '2025-09-16 15:43:55.64655+00', '2025-11-23 07:26:51.70446+00', '1', '{"en": "As a senior investor with 50 years of experience in financial markets.\nYour mission is to comprehensively analyze the latest changes in the [economic indicator] and their impact on the [market] as of today.\nYour response must be structured as a high-value strategic note for experienced investors. It must include:\n\n Expected Content:\n Quantitative and Commented Analysis of the [Economic Indicator]\nLatest known value\nEvolution over the past 6 to 12 months\nReliable and recent source\nCurrent economic context\n\n Market Impact Interpretation\n\nWhat mechanisms link this indicator to the targeted market?\nShort, medium, and long-term effects\nRecent evolution of market sub-segments\n\n Sectoral Implications\n\nWhich market sectors are positively or negatively impacted?\nUse a clear table or bullet points\n\n Risk Identification\n\nCyclical, structural, or systemic risks related to the observed change\n\n Opportunities for Investors\n\nTypes of assets, geographical areas, product classes, or companies to monitor\nConcrete examples if possible\n\n Forecasts & Central Scenario\n\nQuantitative forecast if possible (price, growth, etc.)\nCentral scenario + alternative pessimistic/optimistic scenario\n\n Strategic Advice\n\nPrecise investment recommendations, oriented by profile (short-term / long-term)\nInclude risk management advice\n\n Formatting Guidelines:\n\nUse clear titles with emojis for each section (, , )\nWrite in a professional yet pleasant style, like an asset allocator''s note\nIntegrate recent figures, reliable sources (links or institution names)\nStructure the response to be quickly scanned: lists, tables, synthetic blocks''", "fr": "Tu es un investisseur senior avec 50 ans dexprience sur les marchs financiers.\nTa mission est danalyser de manire complte les derniers changements de l[indicateur conomique] et leur impact sur le [march]  la date daujourdhui.\n\nTa rponse doit tre structure comme une note stratgique  haute valeur ajoute, destine  des investisseurs expriments. Elle doit :\n\n Contenu attendu :\n Analyse chiffre et commente de lindicateur [indicateur conomique]\n\nDernire valeur connue\n\nvolution sur les 6  12 derniers mois\n\nSource fiable et rcente\n\nContexte conomique actuel\n\n Interprtation des effets sur le [march]\n\nQuels mcanismes relient cet indicateur au march cibl ?\n\nEffets de court, moyen et long terme\n\nvolution rcente des sous-segments de ce march\n\n Implications sectorielles\n\nQuels secteurs du march sont positivement ou ngativement impacts ?\n\nUtiliser un tableau clair ou des bullet points\n\n Identification des risques\n\nRisques conjoncturels, structurels ou systmiques lis au changement observ\n\n Opportunits pour les investisseurs\n\nTypes dactifs, zones gographiques, classes de produits ou entreprises  surveiller\n\nExemples concrets si possible\n\n Prvisions & scnario central\n\nPrvision chiffre si possible (prix, croissance, etc.)\n\nScnario central + scnario alternatif pessimiste/optimiste\n\n Conseils stratgiques\n\nRecommandations dinvestissement prcises, orientes par profil (court terme / long terme)\n\nInclure des conseils sur la gestion du risque\n\n Consignes de forme :\nUtilise des titres clairs avec emojis pour chaque section (, , )\n\nRdige dans un style professionnel mais agrable, comme une note dallocataire dactifs\n\nIntgre des chiffres rcents, des sources fiables (liens ou noms dinstitutions)\n\nStructure la rponse pour tre scanne rapidement : listes, tableaux, blocs synthtiques"}', '947ec8bb-d278-4cd8-9d77-6d9c091ad0f6', 0, NULL, '{"en": "", "fr": ""}', 'certified', 'af54544c-a1f7-4e72-8640-3c9c1d5f6064', false, NULL, false, 'v1-1'),
	(200, '2025-10-14 17:58:44.969054+00', '2025-11-23 07:26:51.70446+00', '1.0', '{"fr": "opopopo"}', '947ec8bb-d278-4cd8-9d77-6d9c091ad0f6', 0, NULL, '{"en": "", "fr": ""}', 'draft', 'b391445b-0a14-471a-81a9-bef9465c5aba', false, NULL, true, 'v1-1-0'),
	(17, '2025-09-16 15:43:55.64655+00', '2025-11-23 07:26:51.70446+00', '1', '{"fr": "**Rle:**\nTu es un cinphile passionn et critique de cinma indpendant, toujours  la recherche de films et de sries rares, marquants ou sous-cots, capables de toucher profondment selon les gots de chacun.\n\n**Contexte:**\nJe suis en qute de nouvelles ppites  dcouvrir, que ce soit des films ou des sries. Je veux sortir des sentiers battus tout en restant align avec mes prfrences personnelles (genre, style de production, ambiance, origine gographique), et retrouver le frisson ou lmotion que jai dj prouv dans certains films que jai adors.\nVoici les lments de contexte  prendre en compte : \nGenre souhait : [Genre principal souhait (comdie, drame, etc.] :\nType de production : [Type de production (indpendant, blockbuster,etc.] \nOrigine du film : [Origine gographique]\nExemples de ce que j''aime : [Films ou sries que tu aimes dj] \n\n**Objectif:**\nMe proposer une slection ultra-personnalise de 3 films et 3 sries, en expliquant clairement pourquoi ces recommandations sont faites pour moi, avec des dtails enrichissants et engageants.\n\n**Contrainte:**\n- Si possible, utilise ta fonction de recherche sur le web pour rcuprer les notes rcentes sur AlloCin (presse et spectateurs) et SensCritique.\n- Ne mentionne pas de film ou srie si tu nas pas une vraie raison solide de penser quil correspond  mes gots (croise avec mes rfrences donnes).\n- Ne me propose pas de classiques ultra connus sauf si langle de recommandation est vraiment original.\n- vite les spoilers.\n\n**Ton & Style:**\nAmical, passionn, un peu dcal comme un ami cinphile qui veut vraiment te faire vibrer. Pas professoral, mais plutt enthousiaste, presque comme une reco autour dun verre.\n\n**Audience:**\nSpectateur curieux, amateur exigeant de belles histoires et dunivers marquants.\n\n**Format de sortie:**\nPour chaque uvre (film ou srie), prsente-moi :\n Titre & anne de sortie\n Notes AlloCin (spectateurs & presse) + SensCritique (si dispo via recherche)\n Pourquoi tu me le recommandes (lien avec mes gots ou rfrences)\n Ce qui fait son originalit\n Une anecdote ou un fait marquant\n  qui a plaira particulirement\nTermine avec une mini-conclusion sympa, style :  Si tu dois commencer par une seule uvre ce soir, choisis celle-ci \n\n"}', '947ec8bb-d278-4cd8-9d77-6d9c091ad0f6', 0, NULL, '{"en": "", "fr": ""}', 'certified', 'cc101322-76e3-4b6e-9f07-7f2ae1cd776e', false, NULL, true, 'v1-1'),
	(10, '2025-09-16 15:43:55.64655+00', '2025-11-23 07:26:51.70446+00', '1', '{"fr": "**Rle:**\nTu es un expert reconnu dans ton domaine, dot dun grand sens de la pdagogie. Tu excelles dans lart de vulgariser des sujets complexes pour les rendre accessibles  un public non expert.\n\n**Contexte:**\nLe sujet que tu vas expliquer est : [Indiquer le sujet  expliquer].\nTu tadresses  une personne curieuse, avec une forte apptence pour la dcouverte, mais nophyte sur ce sujet prcis. Elle cherche  comprendre les bases dun thme dont on parle beaucoup actuellement.\n\n**Objectif:**\nTon objectif est de transmettre une comprhension claire, simple et engageante du sujet. La personne doit pouvoir rpondre  trois grandes questions :\n- Quest-ce que cest ?\n- Pourquoi cest important aujourdhui ?\n- Quest-ce quil faut suivre ou comprendre pour demain ?\n\n**Contraintes:**\n- vite tout jargon technique ou explique-le immdiatement de faon pdagogique, comme si tu faisais une pause explicative dans une conversation.\n- Utilise des exemples concrets pour illustrer les ides.\n- Intgre des rfrences rcentes ou des faits dactualit lis au sujet.\n- Adopte un ton accessible, bienveillant et stimulant, comme si tu discutais avec une personne enthousiaste dapprendre.\n\n**Audience:**\nUne personne curieuse et avide de dcouverte, sans connaissance pralable sur le sujet.\n\n**Format de sortie:**\nRponse structure en 4 parties claires :\n- Cest quoi au juste ? (Dfinition simple + Contexte gnral)\n- Pourquoi on en parle ? (Enjeux principaux + Exemples concrets)\n- Ce quil faut savoir aujourdhui (et demain) (tat actuel + volutions  venir)\n- Conclusion personnalise (avec une interpellation ou une question pour susciter une rflexion personnelle)"}', '947ec8bb-d278-4cd8-9d77-6d9c091ad0f6', 0, NULL, '{"en": "", "fr": ""}', 'certified', 'b4c419ca-e935-4036-b5a1-c8e1e2043684', false, NULL, true, 'v1-1'),
	(173, '2025-10-10 16:22:39.802316+00', '2025-11-23 07:26:51.70446+00', 'test', '{"en": "Tu es un expert reconnu et un excellent vulgarisateur. Ton objectif est d''expliquer  un jeune adulte de 18 ans ce qu''est [Indiquer le sujet  expliquer] \nCommence par expliquer le **contexte gnral** du sujet : pourquoi on en parle aujourdhui, quelles sont les bases  connatre. Puis prsente les **enjeux principaux** de manire simple, comme si tu parlais  un ami curieux. Utilise des **exemples concrets**. \n\nEnsuite, fais un **point sur lactualit rcente** lie  ce sujet : quest-ce qui a chang ou est en train de changer ? Pourquoi cest important pour le futur ?\n\nAdopte un **ton accessible**. Nutilise pas de jargon, ou alors explique chaque mot compliqu comme si tu faisais une pause pour clarifier. \n\nStructure ta rponse en 3 parties :\n1. **Dfinition?** \n2. **Pourquoi cest important ?**\n3. **Ce quil faut savoir aujourdhui (et demain)**\n4. Ralise une conclusion en essayant d''inclure la personne"}', '947ec8bb-d278-4cd8-9d77-6d9c091ad0f6', 0, NULL, '{"en": "poop"}', 'draft', 'b4c419ca-e935-4036-b5a1-c8e1e2043684', false, '{copilot}', false, 'v2-test'),
	(174, '2025-10-10 16:22:45.570888+00', '2025-11-23 07:26:51.70446+00', 'ojjojoj', '{"en": "", "fr": ""}', '947ec8bb-d278-4cd8-9d77-6d9c091ad0f6', 0, NULL, '{"en": "", "fr": ""}', 'draft', 'b4c419ca-e935-4036-b5a1-c8e1e2043684', false, '{}', false, 'v3-ojjojoj'),
	(21, '2025-09-16 15:43:55.64655+00', '2025-11-23 07:26:51.70446+00', '1', '{"fr": "**Rle:**\nTu es un SEO Strategist et rdacteur de contenu expert de rang mondial (top 0,001 %), spcialiste de la rdaction darticles E-E-A-T conformes aux dernires directives de Google.\n\n**Contexte:**\nJ''ai rdig un article et je souhaite l''optimiser pour le SEO. \nMon article est le suivant [Insrer votre article initial].\n\n**Objectif:**\nRdiger un article SEO complet, engageant et optimis, respectant les meilleures pratiques du SEO ditorial 2025, structur pour maximiser lengagement utilisateur et la visibilit organique. Larticle doit faire au moins 3000 mots, inclure une FAQ pertinente, des checklists actionnables, et suivre un plan structur.\n\n**Contrainte:**\nUtiliser uniquement le contenu du transcript (ne rien ajouter).\nNe pas faire de citations ou inventer des anecdotes.\nRespecter une structure lisible : H1, H2, H3.\nArer le texte, viter les paragraphes longs.\nSuivre imprativement les techniques de copywriting engageant : storytelling, rythme vari, questions rhtoriques, exemples concrets tirs du transcript.\n\n**Ton & Style:**\nProfessionnel, dynamique et engageant. Lcriture doit capter lattention ds lintroduction et maintenir lintrt tout au long de larticle grce  un style vivant, fluide et orient utilisateur.\n\n**Format de sortie:**\nTitre H1 \nIntroduction engageante\nCorps de larticle structur avec titres H2/H3\nParagraphes courts et ars\nChecklist actionnable  chaque section pertinente\nConclusion avec appel  laction\nFAQ en fin darticle\nLongueur : minimum 3000 mots"}', '947ec8bb-d278-4cd8-9d77-6d9c091ad0f6', 0, NULL, '{"en": "", "fr": ""}', 'certified', 'bd51517d-a8af-4f04-ae3e-40546d00df26', false, NULL, false, 'v1-1'),
	(199, '2025-10-14 17:58:20.642202+00', '2025-11-23 07:26:51.70446+00', '1.0', '{"fr": "opopopop"}', '947ec8bb-d278-4cd8-9d77-6d9c091ad0f6', 0, NULL, '{"en": "", "fr": ""}', 'draft', 'c5aa2046-a945-4056-b067-bbe8feafe99c', false, NULL, true, 'v1-1-0'),
	(133, '2025-10-06 09:25:05.398555+00', '2025-11-23 07:26:51.70446+00', '1.0', '{"en": "**Rle :**\n- Tu es un Business Angel ultra-exigeant, avec 20+ ans d''exprience dans le financement de start-up. Tu ninvestis que dans le top 0,1 % des opportunits et refuses 99,9 % des dossiers.\n\n**Contexte :**\n- Je tai transmis ou vais te transmettre une analyse dtaille de la start-up [Indiquer le nom de la start-up]. Tu dois en faire une lecture critique pour valuer si elle mrite d''aller plus loin dans un processus de due diligence.\n\n**Objectif :**\nProduis un rsum clair, synthtique et oprationnel sous forme de Tableau dAnalyse Investment Grade pour prendre une dcision dinvestissement initiale.\n\n**Format de sortie :**\n- Tableau avec les colonnes suivantes :\n    Critre\n    Note (1  5 toiles   )\n    Justification (max 4 lignes, donnes chiffres si possible)\n    Red Flag (si applicable)\nCritres  valuer :\n- quipe dirigeante\n- March\n- Produit\n- Traction\n- Business model\n- Financier\n- Exit\nConclusion structure :\n- Score global (pondr : quipe 30 %, March 25 %, Traction 20 %, Business Model 15 %, Exit 10 %)\n- Dcision (GO >4 / MAYBE 3-4 / PASS <3)\n- Top 3 forces\n- Top 3 risques\n- Next steps (si GO ou MAYBE)\n\n**Contrainte :**\n\n- Considre que la start-up choue par dfaut, sauf preuves solides du contraire.\n- Pas de langue de bois : tu parles  un investisseur, pas  un fondateur.\n- Assure-toi davoir reu lanalyse approfondie avant de lancer ton analyse"}', '947ec8bb-d278-4cd8-9d77-6d9c091ad0f6', 0, NULL, '{"en": "Initial version of Tableau Rcap", "fr": "Version initiale de Tableau Rcap"}', 'certified', 'ca402200-d312-4cb5-9bc6-f826c0695c36', true, '{chatgpt}', true, 'v1-1-0'),
	(153, '2025-10-10 08:14:01.900682+00', '2025-11-23 07:26:51.70446+00', '1.0', '{"fr": "test test gotti"}', '0eaa7f45-1f7e-403b-84fc-f02d0f0e18a4', 0, NULL, '{"en": "", "fr": ""}', 'draft', 'ce830523-21c3-4a0b-b4e2-d71983e8c6e9', false, NULL, false, 'v1-1-0'),
	(136, '2025-10-06 09:41:36.913831+00', '2025-11-23 07:26:51.70446+00', '1.0', '{"en": "**Rle :**\nTu es un Business Angel avec 30 ans dexprience ET un analyste financier senior. Tu conduis une veille de march rigoureuse, recentre sur des sources reconnues et dates de moins de 24 mois.\n\n**Contexte :**\nJe ralise une analyse d''un dossier pour la start-up [Indiquer le nom de la start-up] et je souhaite tudier la dynamique de ce march.\n\n**Objectif :**\nTon objectif est de produire une analyse structure en 3 parties sur le domaine suivant : [Merci d''indiquer prcisment le domaine d''activit souhait] dans la zone [Indiquer le primtre gographique de l''tude]\n1. Start-up du mme domaine ayant lev des fonds.\n2. Start-up du mme domaine ayant ralis un exit (M&A ou IPO).\n3. Start-up du mme domaine ayant fait faillite aprs avoir lev.\n\n**Contrainte :**\n- Recherche web en direct. Priorise : communiqus officiels, registres/injonctions/tribunaux, mdias co/finance, mdias tech reconnus, bases spcialises, mdias nationaux rputs. vite blogs non vrifis, forums, agrgateurs sans source.\n- Vrifie chaque information via au moins UNE source publie. Si deux sources indpendantes existent, cite les deux (prfrable).\n- Si une donne cruciale nest pas confirmable par une source rcente reconnue, indique le fait que tu n''as rien trouv. N''invente rien.\n- Affiche uniquement des informations de moins de 3 ans.\n- Rdige en franais, concis et factuel. Aucune ligne sans lien source.\n- Si plusieurs montants circulent, affiche une fourchette et prcise la source dominante.\n- Pour les investisseurs, indique lead si identifi ; sinon non divulgu.\n- Naffiche pas de contenu spculatif ou de rumeurs sans confirmation par une source reconnue.\n- Prends en compte les consignes spcifiques suivantes : [Indiquer le plus de dtails (si ncessaire)]\n\n**Format de sortie :**\n## **1) Leves de fonds**\n*Intro (35 lignes).* Donne les tendances cls (montants typiques, tours frquents, investisseurs rcurrents, zones actives).\n| Entreprise | Pays |Anne de cration | Sous-segment | Description de l''entreprise (200 caractres) | Date de la leve | Tour | Montant | Investisseurs (lead/co) | Lien source 1 | Lien source 2 | Commentaire|\n|---|---|---|---|---|---|---|---|---|---|---|\nTrouve entre 5 et 10 leves de fonds et essaie au maximum de trouver des entreprises franaises\n## 2) Exits (M&A / IPO)\n*Intro (35 lignes).* Prcise la nature des exits, profils dacqureurs, ventuels multiples publics.\n| Entreprise | Pays | Sous-segment | Description de l''entreprise | Type dexit | Acqureur / Bourse | Date | Valeur/Valo (si public) | Raison stratgique (si disponible) | Lien source 1 | Lien source 2  |\n|---|---|---|---|---|---|---|---|---|---|\nTrouve entre 5 et 10 exits et essaie au maximum de trouver des entreprises franaises\n## 3) Faillites / cessations aprs leves dans\n*Intro (35 lignes).* Synthtise les motifs frquents (unit economics, rglementation, runway), signaux faibles observs.\n| Entreprise | Pays | Description de l''entreprise | Total lev | Date de faillite/cessation | Procdure (ex. : liquidation) | Motif principal (si public) | Investisseurs connus | Lien source 1 (registre/tribunal si possible) | Lien source 2 |\n|---|---|---|---|---|---|---|---|---|\n## 4) Conclusion\n- La conclusion doit tre oriente sur la start-up et son positionnement sur le march.\n- Elle met en avant les conditions de russite pour la russite de la start-up et les challenges."}', '947ec8bb-d278-4cd8-9d77-6d9c091ad0f6', 0, NULL, '{"en": "Initial version of Leve de fonds, exits, faillites", "fr": "Version initiale de Leve de fonds, exits, faillites"}', 'certified', 'd873afad-f570-4f6c-993f-cc0d1e8dc9c3', true, '{chatgpt,claude}', true, 'v1-1-0'),
	(160, '2025-10-10 13:37:55.181294+00', '2025-11-23 07:26:51.70446+00', '1.0', '{"en": "oiioi"}', '947ec8bb-d278-4cd8-9d77-6d9c091ad0f6', 0, NULL, '{"en": "", "fr": ""}', 'draft', 'dd5a5376-a3df-4568-acbc-b29cf30eed58', false, NULL, true, 'v1-1-0'),
	(158, '2025-10-10 13:36:17.097358+00', '2025-11-23 07:26:51.70446+00', '1.0', '{"fr": "test"}', '947ec8bb-d278-4cd8-9d77-6d9c091ad0f6', 0, NULL, '{"en": "", "fr": ""}', 'draft', 'e3bbb2f6-ce97-4f48-98cd-f95cff21147e', false, NULL, true, 'v1-1-0'),
	(1, '2025-09-16 15:43:55.64655+00', '2025-11-23 07:26:51.70446+00', '1', '{"fr": "**Role:**\nTu es un expert juridique spcialis en droit avec plus de 30 d''expertise.\n\n**Contexte:**\nDans le cadre de mon activit, je veux une vision juridique exhaustive  du sujet suivant : \n[Prciser le sujet ou la problmatique  analyser, essaye dtre le plus dtaill possible].\n\n**Objectif:** \nRdige une analyse structure, claire et pdagogique sur la rglementation en vigueur concernant le sujet cit. Lobjectif est de produire un **document synthtique mais complet**, accessible  un public non juriste, pouvant servir de support  une prsentation ou  une dcision stratgique.\n\n**Format de sortie:**\nStructure de lanalyse attendue :\n\n1. Contexte gnral et enjeux\n - Pourquoi ce sujet est-il important aujourdhui ?\n - Quelles sont les implications pratiques pour les acteurs concerns ?\n2. Sources juridiques applicables\n - Quelles lois, rglements ou jurisprudences encadrent ce sujet ?\n - Mentionner les textes exacts avec leur **date** et inclure des **liens** si possible.\n3. Analyse dtaille de la rglementation\n - Obligations, droits, limites ou incertitudes juridiques. Dans cette partie tu dois vraiment dvelopper un maximum tes rponses\n - Cas concrets ou exemples si pertinents.\n4. Risques et sanctions\n - Que risque-t-on en cas de non-respect ?\n - Quels sont les acteurs du contrle et leurs pouvoirs ?\n5. Perspectives et rformes  venir\n - Recherches  faire sur les projets de loi, annonces officielles ou tendances sectorielles.\n - Intgrer des sources dates pour appuyer tes propos.\n6. Recommandations stratgiques\n - Conseils pratiques\n - Mesures  prendre pour tre en conformit et anticiper les volutions.\n\n Le rendu doit tre **professionnel, lisible et crdible**, avec des titres clairs, un style fluide, et des **rfrences sources** en pied de page ou  la fin du document. Utilise des listes si cela amliore la lisibilit.\n\n\n**Contrainte:**\n Tu dois effectuer des recherches en ligne pour vrifier lactualit des textes de loi, des rformes en cours et des pratiques du secteur.\n- Privilgie les sources officielles : texte de loi, communiqus de presse officiels , site spcialis et reconnu\n- Utilise des sources d''information reconnues en fonction du pays\n- Consulte des articles de presse spcialise dans le secteur concern\n- Pour l''actualit, prfre les articles datant de moins de 12 mois\n- vite les blogs personnels, forums ou sources non vrifiables\n- N''utilise pas Wikipdia comme source principale, mais seulement comme point de dpart\n- Vrifie la cohrence des informations entre plusieurs sources quand c''est possible\n\n\n\n\n"}', '947ec8bb-d278-4cd8-9d77-6d9c091ad0f6', 0, NULL, '{"en": "", "fr": ""}', 'certified', 'f968318e-bcf5-426c-8e69-1deba4dad748', false, NULL, true, 'v1-1'),
	(23, '2025-09-16 15:43:55.64655+00', '2025-11-23 07:26:51.70446+00', '1', '{"en": "Agis comme un(e) expert(e) en stratgie de marque reconnu(e) pour sa crativit exceptionnelle et sa connaissance approfondie du march.\n\nTu as galement une expertise complte sur [Description de l''offre ou du produit] et tu sais crer des noms de marque et des slogans irrsistibles en franais.\n\nStyle dcriture : [style d''criture souhait ? ] \n\n partir de ce contexte :\n\nPropose 6 noms de marque accrocheurs avec chacun un slogan.\n\nPour chaque proposition, explique brivement :\n- Le sens du nom.\n- Les valeurs que le nom vhicule.\n- Respecte imprativement le ton et le style donns.\n- Ajoute un saut de ligne entre chaque proposition (pas de liste compacte).", "fr": "Agis comme un(e) expert(e) en stratgie de marque reconnu(e) pour sa crativit exceptionnelle et sa connaissance approfondie du march.\n\nTu as galement une expertise complte sur [Description de l''offre ou du produit] et tu sais crer des noms de marque et des slogans irrsistibles en franais.\n\nStyle dcriture : [style d''criture souhait ? ] \n\n partir de ce contexte :\n\nPropose 6 noms de marque accrocheurs avec chacun un slogan.\n\nPour chaque proposition, explique brivement :\n- Le sens du nom.\n- Les valeurs que le nom vhicule.\n- Respecte imprativement le ton et le style donns.\n- Ajoute un saut de ligne entre chaque proposition (pas de liste compacte)."}', '947ec8bb-d278-4cd8-9d77-6d9c091ad0f6', 0, NULL, '{"en": "", "fr": ""}', 'certified', 'fd4e3c39-c920-4671-89f3-f9266b482b16', false, NULL, false, 'v1-1');


--
-- Data for Name: prompt_templates_comments; Type: TABLE DATA; Schema: public; Owner: postgres
--



--
-- Data for Name: share_invitations; Type: TABLE DATA; Schema: public; Owner: postgres
--



--
-- Data for Name: stripe_subscriptions; Type: TABLE DATA; Schema: public; Owner: postgres
--



--
-- Data for Name: stripe_webhook_events; Type: TABLE DATA; Schema: public; Owner: postgres
--



--
-- Data for Name: subscription_audit_log; Type: TABLE DATA; Schema: public; Owner: postgres
--



--
-- Data for Name: teams; Type: TABLE DATA; Schema: public; Owner: postgres
--

INSERT INTO "public"."teams" ("id", "organization_id", "name", "description", "parent_team_id", "color", "created_at", "updated_at") VALUES
	('57542124-f334-4851-adfd-584d436469a8', '19864b30-936d-4a8d-996a-27d17f11f00f', 'Marketing', NULL, NULL, '#3B82F6', '2025-11-23 07:05:33.116911+00', '2025-11-23 07:05:33.116911+00'),
	('6a3dce98-5634-4467-b7f1-53be6b47e005', '19864b30-936d-4a8d-996a-27d17f11f00f', 'Growth', NULL, '57542124-f334-4851-adfd-584d436469a8', '#3B82F6', '2025-11-23 11:42:17.935359+00', '2025-11-23 11:42:17.935359+00'),
	('02f4840f-4ad8-471f-895f-244b6b055def', '19864b30-936d-4a8d-996a-27d17f11f00f', 'Tech & Produit', NULL, NULL, '#FFCD00', '2025-11-24 17:47:10.788148+00', '2025-11-24 17:47:10.788148+00'),
	('59cfa82f-6116-4135-87ed-841a39f4df15', '19864b30-936d-4a8d-996a-27d17f11f00f', 'Sales', NULL, NULL, '#D77655', '2025-11-24 17:48:04.685645+00', '2025-11-24 17:48:04.685645+00'),
	('9d4c2402-b9c1-4e8d-997d-c7ed1cd0d11a', '19864b30-936d-4a8d-996a-27d17f11f00f', 'Ressources Humaines', NULL, NULL, '7B9EB3', '2025-11-23 07:05:47.823469+00', '2025-11-24 17:48:27.353981+00');


--
-- Data for Name: user_organization_roles; Type: TABLE DATA; Schema: public; Owner: postgres
--

INSERT INTO "public"."user_organization_roles" ("id", "user_id", "organization_id", "role") VALUES
	('1433d2a8-4dd7-4c30-9e02-4dd7eeb7c209', 'eff2a1fd-210c-4b44-9a6f-81af6534c3c8', '19864b30-936d-4a8d-996a-27d17f11f00f', 'admin'),
	('3061fa92-1a3d-45ac-8faf-90c4509e44c9', 'eff2a1fd-210c-4b44-9a6f-81af6534c3c8', 'a0a0e03a-fdbe-4924-83fd-8d4a547c5892', 'admin'),
	('06bc1f23-942b-49b9-849e-f442e9132868', '0eaa7f45-1f7e-403b-84fc-f02d0f0e18a4', '19864b30-936d-4a8d-996a-27d17f11f00f', 'admin'),
	('a01bdfe9-c7b3-4b01-8483-213dfed1ffdd', '95fec575-147d-49ba-bd8d-d8c1295159e6', '19864b30-936d-4a8d-996a-27d17f11f00f', 'admin');


--
-- Data for Name: user_team_permissions; Type: TABLE DATA; Schema: public; Owner: postgres
--

INSERT INTO "public"."user_team_permissions" ("id", "user_id", "team_id", "role", "created_at", "updated_at") VALUES
	('2653d500 -889d-4b03-b7e4-3be69fd4cb9f', 'eff2a1fd-210c-4b44-9a6f-81af6534c3c8', '02f4840f-4ad8-471f-895f-244b6b055def', 'admin', '2025-11-23 07:06:51.556134+00', '2025-11-24 17:48:41.992726+00'),
	('1d9f8b0c-322d-4209-a96f-186e412d7bfa', '0eaa7f45-1f7e-403b-84fc-f02d0f0e18a4', '57542124-f334-4851-adfd-584d436469a8', 'admin', '2025-11-24 17:49:03.401147+00', '2025-11-24 17:49:03.401147+00'),
	('b5fdeff6-5f18-4f6e-9e08-766ab38cdced', '95fec575-147d-49ba-bd8d-d8c1295159e6', '9d4c2402-b9c1-4e8d-997d-c7ed1cd0d11a', 'member', '2025-11-24 17:49:19.941566+00', '2025-11-24 17:49:19.941566+00');


--
-- Data for Name: users_metadata; Type: TABLE DATA; Schema: public; Owner: postgres
--

INSERT INTO "public"."users_metadata" ("id", "created_at", "user_id", "name", "phone_number", "pinned_official_folder_ids", "pinned_organization_folder_ids", "preferences_metadata", "additional_email", "additional_organization", "linkedin_headline", "linkedin_id", "linkedin_profile_url", "email", "google_id", "company_id", "interests", "job_industry", "job_seniority", "job_type", "organization_ids", "pinned_folder_ids", "pinned_template_ids", "signup_source", "pinned_block_ids", "profile_picture_url", "roles", "data_collection", "first_block_created", "first_template_created", "first_template_used", "keyboard_shortcut_used", "onboarding_dismissed", "stripe_customer_id", "stripe_subscription_id", "subscription_cancel_at_period_end", "subscription_current_period_end", "subscription_plan", "subscription_status") VALUES
	(26, '2025-10-06 12:30:58.576554+00', '0eaa7f45-1f7e-403b-84fc-f02d0f0e18a4', 'Arthur Gotti', NULL, NULL, NULL, NULL, NULL, NULL, NULL, NULL, NULL, 'arthur@jayd.ai', '106760649921620268319', NULL, '{creativity,research,decision_making}', 'tech_software_dev', 'executive', 'sales_marketing', '{19864b30-936d-4a8d-996a-27d17f11f00f}', '{0cf52ff6-0b38-4710-a754-b86fd2c9982a,6adffa50-59c0-4d85-9b35-9a7e20e69126,6ddb4752-d985-412c-9cb9-173b86f2b45c,58ac2937-c229-488d-a8fb-f995f8665e49,d1563751-2b27-4902-a364-291348bbb4ad,6e034c75-ef0d-4ac5-8d88-f5b9a2b96f64}', NULL, 'other:je suis Jaydai', NULL, NULL, '{"company": "", "organizations": {"19864b30-936d-4a8d-996a-27d17f11f00f": "owner"}}', true, false, true, true, false, true, NULL, NULL, false, NULL, NULL, 'free'),
	(25, '2025-10-03 17:13:11.099608+00', '6d90f22e-dfa0-4b34-a88f-c4a533dc85ab', 'Jean-Baptiste HUIBAN', NULL, NULL, NULL, NULL, NULL, NULL, NULL, NULL, NULL, 'b00604891@essec.edu', '116357914315519093526', NULL, NULL, NULL, NULL, NULL, '{19864b30-936d-4a8d-996a-27d17f11f00f,f8d0fe34-32ff-4d90-87ed-28e83c50f953}', '{7e2af8cf-f1e9-45d4-8faa-a7a0d59b1138,d522f0f3-e893-4bd5-b2e4-d28dfbbb298b,a330b6ac-47f8-4a26-9871-7d0937241049,78812c7e-254f-4031-90d8-fe123691b65b,c37fb64a-e55c-4a39-a734-a5590d1d8192,6c5ca58d-d07e-4db7-bc3f-8083c8f5a0c4}', NULL, NULL, NULL, NULL, '{"company": "", "organizations": {"19864b30-936d-4a8d-996a-27d17f11f00f": "owner", "f8d0fe34-32ff-4d90-87ed-28e83c50f953": "admin"}}', true, false, false, false, false, true, NULL, NULL, false, NULL, NULL, 'free'),
	(57, '2025-10-10 12:36:02.184291+00', 'e1e08a40-7482-46e0-87dc-890212ff9148', 'Jean-Baptiste Huiban', NULL, NULL, NULL, NULL, NULL, NULL, NULL, NULL, NULL, 'jean-baptiste+2@jayd.ai', NULL, NULL, NULL, NULL, NULL, NULL, '{19864b30-936d-4a8d-996a-27d17f11f00f}', '{7e2af8cf-f1e9-45d4-8faa-a7a0d59b1138}', NULL, NULL, NULL, NULL, '{"company": "", "organizations": {"19864b30-936d-4a8d-996a-27d17f11f00f": "admin"}}', true, true, true, false, true, true, NULL, NULL, false, NULL, NULL, 'free'),
	(21, '2025-10-02 14:01:55.117997+00', '947ec8bb-d278-4cd8-9d77-6d9c091ad0f6', 'Quentin Bragard', NULL, NULL, NULL, NULL, NULL, NULL, NULL, NULL, NULL, 'quentin@jayd.ai', NULL, NULL, '{}', NULL, NULL, NULL, '{19864b30-936d-4a8d-996a-27d17f11f00f,a0a0e03a-fdbe-4924-83fd-8d4a547c5892}', '{0cf52ff6-0b38-4710-a754-b86fd2c9982a,7e2af8cf-f1e9-45d4-8faa-a7a0d59b1138,dc3fbf96-3401-44a3-ac6c-1ff26e462727}', '{1fb8de3f-ae94-4402-8575-e1ccbab022a1}', NULL, NULL, 'https://pkwyjjoiptjugcreasrc.supabase.co/storage/v1/object/public/images/profile_pictures/947ec8bb-d278-4cd8-9d77-6d9c091ad0f6/86fb539d-6cc6-41a0-9330-55acdbf911ba.jpeg?', '{"company": "", "organizations": {"19864b30-936d-4a8d-996a-27d17f11f00f": "owner", "a0a0e03a-fdbe-4924-83fd-8d4a547c5892": "admin"}}', true, false, true, true, true, true, NULL, NULL, false, NULL, NULL, 'free'),
	(27, '2025-10-07 09:04:33.637118+00', '95fec575-147d-49ba-bd8d-d8c1295159e6', 'Jean-Baptiste Huiban', NULL, NULL, NULL, NULL, NULL, NULL, NULL, NULL, NULL, 'jean-baptiste@jayd.ai', '116930847452716825256', NULL, '{coding,email}', 'media_entertainment', 'senior_10_15', 'customer_client_facing', '{19864b30-936d-4a8d-996a-27d17f11f00f,a0a0e03a-fdbe-4924-83fd-8d4a547c5892,f8d0fe34-32ff-4d90-87ed-28e83c50f953}', '{58ac2937-c229-488d-a8fb-f995f8665e49,6ddb4752-d985-412c-9cb9-173b86f2b45c,0a1409da-eb89-41f1-b835-247b14f1dd5c,12ac27d9-7b89-4e2a-9a23-083a84d503c1,227b3cd0-b2ad-4a57-83bf-90c71539d6b3,955c551e-f7e1-4950-a87c-7f4b57578bd5,f4e4127b-6d44-40d6-830b-db326e0c03a1,6e034c75-ef0d-4ac5-8d88-f5b9a2b96f64,7e2af8cf-f1e9-45d4-8faa-a7a0d59b1138,22b1127d-b4e0-4153-94b5-78155021e8a4}', NULL, 'search', NULL, NULL, '{"company": "", "organizations": {"19864b30-936d-4a8d-996a-27d17f11f00f": "owner", "a0a0e03a-fdbe-4924-83fd-8d4a547c5892": "admin", "f8d0fe34-32ff-4d90-87ed-28e83c50f953": "admin"}}', true, false, true, true, true, true, NULL, NULL, false, NULL, NULL, 'free'),
	(156, '2025-10-17 13:53:14.51194+00', 'b9b7bc03-0dac-43da-b7be-3115f1c02404', 'Juli Caceres', NULL, NULL, NULL, NULL, NULL, NULL, NULL, NULL, NULL, 'juli_caceres12@hotmail.com', NULL, NULL, '{data_analysis,email,summarizing,critical_thinking,decision_making}', 'manufacturing_production', 'senior_10_15', 'other:Achats', '{19864b30-936d-4a8d-996a-27d17f11f00f}', '{6ddb4752-d985-412c-9cb9-173b86f2b45c}', NULL, 'search', NULL, NULL, '{"company": "", "organizations": {"19864b30-936d-4a8d-996a-27d17f11f00f": "viewer"}}', true, false, false, false, false, false, NULL, NULL, false, NULL, NULL, 'free'),
	(157, '2025-10-17 14:10:49.215861+00', 'e906f2ba-0884-4720-abdd-020ec85631ed', NULL, NULL, NULL, NULL, NULL, NULL, NULL, NULL, NULL, NULL, 'lgueunier@gmail.com', '110476447165405002523', NULL, '{}', NULL, NULL, NULL, '{19864b30-936d-4a8d-996a-27d17f11f00f}', '{7e2af8cf-f1e9-45d4-8faa-a7a0d59b1138,0cf52ff6-0b38-4710-a754-b86fd2c9982a,dc3fbf96-3401-44a3-ac6c-1ff26e462727}', NULL, NULL, NULL, NULL, '{"company": "", "organizations": {"19864b30-936d-4a8d-996a-27d17f11f00f": "viewer"}}', false, false, false, false, false, false, NULL, NULL, false, NULL, NULL, 'free'),
	(154, '2025-10-15 12:21:34.023126+00', '1f4f5894-0bb9-4471-adc0-ca1085711122', NULL, NULL, NULL, NULL, NULL, NULL, NULL, NULL, NULL, NULL, 'rvernes@gmail.com', '112895070192582548103', NULL, '{data_analysis,research,creativity,learning,summarizing,critical_thinking,writing,coding,marketing,decision_making}', 'tech_software_dev', 'executive', 'entrepreneurs_business_owners', '{19864b30-936d-4a8d-996a-27d17f11f00f}', '{6e034c75-ef0d-4ac5-8d88-f5b9a2b96f64,0cf52ff6-0b38-4710-a754-b86fd2c9982a,d1563751-2b27-4902-a364-291348bbb4ad,58ac2937-c229-488d-a8fb-f995f8665e49,ac04507a-3e58-4fc5-8e2b-5ba7bd9cc5e3}', NULL, 'friend', NULL, NULL, '{"company": "", "organizations": {"19864b30-936d-4a8d-996a-27d17f11f00f": "viewer"}}', false, false, false, false, false, false, NULL, NULL, false, NULL, NULL, 'free'),
	(158, '2025-10-17 16:10:22.457247+00', '2dd9518c-04bd-483b-ba35-3934ed20d13a', 'Francois Morin', NULL, NULL, NULL, NULL, NULL, NULL, NULL, NULL, NULL, 'francois.morin@sp2l.com', NULL, NULL, '{email,critical_thinking,decision_making,marketing,data_analysis}', 'healthcare_medical', 'executive', 'entrepreneurs_business_owners', '{19864b30-936d-4a8d-996a-27d17f11f00f}', '{6e034c75-ef0d-4ac5-8d88-f5b9a2b96f64,0cf52ff6-0b38-4710-a754-b86fd2c9982a,d1563751-2b27-4902-a364-291348bbb4ad,6ddb4752-d985-412c-9cb9-173b86f2b45c,6adffa50-59c0-4d85-9b35-9a7e20e69126}', NULL, 'friend', NULL, NULL, '{"company": "", "organizations": {"19864b30-936d-4a8d-996a-27d17f11f00f": "viewer"}}', false, false, false, false, false, false, NULL, NULL, false, NULL, NULL, 'free'),
	(159, '2025-10-19 11:17:51.858088+00', '72feaad7-d150-4f6c-b0bf-0d17ccef9bc7', NULL, NULL, NULL, NULL, NULL, NULL, NULL, NULL, NULL, NULL, 'inesoddo1@gmail.com', '115317750256251901356', NULL, NULL, NULL, NULL, NULL, '{19864b30-936d-4a8d-996a-27d17f11f00f}', '{6adffa50-59c0-4d85-9b35-9a7e20e69126,58ac2937-c229-488d-a8fb-f995f8665e49,0cf52ff6-0b38-4710-a754-b86fd2c9982a,6ddb4752-d985-412c-9cb9-173b86f2b45c,d522f0f3-e893-4bd5-b2e4-d28dfbbb298b,a330b6ac-47f8-4a26-9871-7d0937241049,78812c7e-254f-4031-90d8-fe123691b65b,c37fb64a-e55c-4a39-a734-a5590d1d8192,6c5ca58d-d07e-4db7-bc3f-8083c8f5a0c4,7e2af8cf-f1e9-45d4-8faa-a7a0d59b1138}', NULL, NULL, NULL, NULL, '{"company": "", "organizations": {"19864b30-936d-4a8d-996a-27d17f11f00f": "viewer"}}', false, false, false, false, false, false, NULL, NULL, false, NULL, NULL, 'free'),
	(164, '2025-10-22 15:09:36.283445+00', '56e805cc-14bc-4a59-92dd-25743740539d', NULL, NULL, NULL, NULL, NULL, NULL, NULL, NULL, NULL, NULL, 'jbr.apik@gmail.com', '115522248821008507013', NULL, '{writing,data_analysis,marketing,other,email,other:commerce}', 'tech_software_dev', 'mid_5_10', 'sales_marketing', '{19864b30-936d-4a8d-996a-27d17f11f00f}', '{0cf52ff6-0b38-4710-a754-b86fd2c9982a,6adffa50-59c0-4d85-9b35-9a7e20e69126,6ddb4752-d985-412c-9cb9-173b86f2b45c,22b1127d-b4e0-4153-94b5-78155021e8a4}', NULL, 'other:linkedin', NULL, NULL, '{"company": "", "organizations": {"19864b30-936d-4a8d-996a-27d17f11f00f": "viewer"}}', true, false, false, true, false, true, NULL, NULL, false, NULL, NULL, 'free'),
	(160, '2025-10-19 19:42:02.585241+00', 'befb33c0-823e-4b7a-bdcd-5aac86003146', NULL, NULL, NULL, NULL, NULL, NULL, NULL, NULL, NULL, NULL, '77raphi@gmail.com', '114594248386044136160', NULL, '{learning,language_learning}', 'healthcare_medical', 'junior_0_5', 'sales_marketing', '{19864b30-936d-4a8d-996a-27d17f11f00f}', '{6adffa50-59c0-4d85-9b35-9a7e20e69126,0cf52ff6-0b38-4710-a754-b86fd2c9982a,560f56ff-2086-4cf2-b78c-cad246d5cb51,ac04507a-3e58-4fc5-8e2b-5ba7bd9cc5e3}', NULL, 'friend', NULL, NULL, '{"company": "", "organizations": {"19864b30-936d-4a8d-996a-27d17f11f00f": "viewer"}}', false, false, false, false, false, false, NULL, NULL, false, NULL, NULL, 'free'),
	(162, '2025-10-21 13:18:40.832345+00', '499f3fda-edf4-423c-80ea-b2ca47592e2b', NULL, NULL, NULL, NULL, NULL, NULL, NULL, NULL, NULL, NULL, 'antoine.tournaire@gmail.com', '108113769714325381414', NULL, '{writing,coding,marketing}', 'marketing_advertising', 'lead_15_plus', 'freelance', '{19864b30-936d-4a8d-996a-27d17f11f00f}', '{6adffa50-59c0-4d85-9b35-9a7e20e69126,6e034c75-ef0d-4ac5-8d88-f5b9a2b96f64,0cf52ff6-0b38-4710-a754-b86fd2c9982a}', NULL, 'social_media', NULL, NULL, '{"company": "", "organizations": {"19864b30-936d-4a8d-996a-27d17f11f00f": "viewer"}}', false, false, false, false, false, false, NULL, NULL, false, NULL, NULL, 'free'),
	(161, '2025-10-21 11:23:21.322006+00', '2983e811-76f0-43d3-8273-3dcefb5d66ff', 'Herv Gonay', NULL, NULL, NULL, NULL, NULL, NULL, NULL, NULL, NULL, 'herve.gonay@zenbaia.com', NULL, NULL, '{research,learning,marketing}', 'tech_software_dev', 'executive', 'sales_marketing', '{19864b30-936d-4a8d-996a-27d17f11f00f}', '{0cf52ff6-0b38-4710-a754-b86fd2c9982a,6adffa50-59c0-4d85-9b35-9a7e20e69126,6ddb4752-d985-412c-9cb9-173b86f2b45c,d1563751-2b27-4902-a364-291348bbb4ad,ac04507a-3e58-4fc5-8e2b-5ba7bd9cc5e3}', NULL, 'friend', NULL, NULL, '{"company": "", "organizations": {"19864b30-936d-4a8d-996a-27d17f11f00f": "viewer"}}', true, false, false, false, false, false, NULL, NULL, false, NULL, NULL, 'free'),
	(163, '2025-10-21 13:32:52.178565+00', '1d8f2a55-749a-4cf0-b83d-ef88a6146266', NULL, NULL, NULL, NULL, NULL, NULL, NULL, NULL, NULL, NULL, 'bartolero@gmail.com', '106824855457062478873', NULL, NULL, NULL, NULL, NULL, '{19864b30-936d-4a8d-996a-27d17f11f00f}', '{6adffa50-59c0-4d85-9b35-9a7e20e69126,58ac2937-c229-488d-a8fb-f995f8665e49,0cf52ff6-0b38-4710-a754-b86fd2c9982a,6ddb4752-d985-412c-9cb9-173b86f2b45c,d522f0f3-e893-4bd5-b2e4-d28dfbbb298b,a330b6ac-47f8-4a26-9871-7d0937241049,78812c7e-254f-4031-90d8-fe123691b65b,c37fb64a-e55c-4a39-a734-a5590d1d8192,6c5ca58d-d07e-4db7-bc3f-8083c8f5a0c4,7e2af8cf-f1e9-45d4-8faa-a7a0d59b1138}', NULL, NULL, NULL, NULL, '{"company": "", "organizations": {"19864b30-936d-4a8d-996a-27d17f11f00f": "viewer"}}', false, false, false, true, false, true, NULL, NULL, false, NULL, NULL, 'free'),
	(167, '2025-11-05 15:08:37.530901+00', '478b7491-ff6c-490b-982c-a4dc866dcefc', 'vincent barbier', NULL, NULL, NULL, NULL, NULL, NULL, NULL, NULL, NULL, 'vincent@jayd.ai', NULL, NULL, '{}', NULL, NULL, NULL, '{19864b30-936d-4a8d-996a-27d17f11f00f}', '{dc3fbf96-3401-44a3-ac6c-1ff26e462727,0cf52ff6-0b38-4710-a754-b86fd2c9982a,22b1127d-b4e0-4153-94b5-78155021e8a4,6e034c75-ef0d-4ac5-8d88-f5b9a2b96f64,7e2af8cf-f1e9-45d4-8faa-a7a0d59b1138}', '{a85a49a7-68e2-4bd6-96fd-108cbd90acbc,4586c776-517b-429d-b65d-452d30bb822e,cc101322-76e3-4b6e-9f07-7f2ae1cd776e,b4c419ca-e935-4036-b5a1-c8e1e2043684,0848ae99-bf62-4652-a64c-8b9a2051cf7c,f1fca1b9-8e72-43b0-8907-4fa8a5f3bf52,512ec0bc-7961-43b0-a91c-b4876428641c}', NULL, NULL, NULL, '{"company": "", "organizations": {"19864b30-936d-4a8d-996a-27d17f11f00f": "viewer"}}', true, false, false, true, false, true, NULL, NULL, false, NULL, NULL, 'free'),
	(166, '2025-10-27 09:20:24.899378+00', '51eee0a1-8f20-4403-b5f1-0566375db20b', 'Testing Account Jaydai', NULL, NULL, NULL, NULL, NULL, NULL, NULL, NULL, NULL, 'test@jayd.ai', NULL, NULL, '{}', NULL, NULL, NULL, '{19864b30-936d-4a8d-996a-27d17f11f00f}', '{7e2af8cf-f1e9-45d4-8faa-a7a0d59b1138,0cf52ff6-0b38-4710-a754-b86fd2c9982a,dc3fbf96-3401-44a3-ac6c-1ff26e462727}', NULL, NULL, NULL, NULL, '{"company": "", "organizations": {"19864b30-936d-4a8d-996a-27d17f11f00f": "viewer"}}', false, false, false, false, false, false, NULL, NULL, false, NULL, NULL, 'free'),
	(168, '2025-11-09 22:29:53.050306+00', 'eff2a1fd-210c-4b44-9a6f-81af6534c3c8', 'Quentin Bragard', NULL, NULL, NULL, NULL, NULL, NULL, NULL, NULL, NULL, 'quentin+1@jayd.ai', NULL, NULL, NULL, NULL, NULL, NULL, '{19864b30-936d-4a8d-996a-27d17f11f00f,a0a0e03a-fdbe-4924-83fd-8d4a547c5892}', '{6adffa50-59c0-4d85-9b35-9a7e20e69126,58ac2937-c229-488d-a8fb-f995f8665e49,0cf52ff6-0b38-4710-a754-b86fd2c9982a,6ddb4752-d985-412c-9cb9-173b86f2b45c,d522f0f3-e893-4bd5-b2e4-d28dfbbb298b,a330b6ac-47f8-4a26-9871-7d0937241049,78812c7e-254f-4031-90d8-fe123691b65b,c37fb64a-e55c-4a39-a734-a5590d1d8192,6c5ca58d-d07e-4db7-bc3f-8083c8f5a0c4,7e2af8cf-f1e9-45d4-8faa-a7a0d59b1138}', NULL, NULL, NULL, NULL, '{"company": "", "organizations": {"19864b30-936d-4a8d-996a-27d17f11f00f": "owner", "a0a0e03a-fdbe-4924-83fd-8d4a547c5892": "admin"}}', false, false, false, false, false, true, NULL, NULL, false, NULL, NULL, 'free');


--
-- Data for Name: buckets; Type: TABLE DATA; Schema: storage; Owner: supabase_storage_admin
--

INSERT INTO "storage"."buckets" ("id", "name", "owner", "created_at", "updated_at", "public", "avif_autodetection", "file_size_limit", "allowed_mime_types", "owner_id", "type") VALUES
	('images', 'images', NULL, '2025-10-06 10:56:01.004242+00', '2025-10-06 10:56:01.004242+00', true, false, NULL, NULL, NULL, 'STANDARD'),
	('archives', 'archives', NULL, '2025-11-22 04:59:52.446809+00', '2025-11-22 04:59:52.446809+00', true, false, NULL, NULL, NULL, 'STANDARD');


--
-- Data for Name: buckets_analytics; Type: TABLE DATA; Schema: storage; Owner: supabase_storage_admin
--



--
-- Data for Name: buckets_vectors; Type: TABLE DATA; Schema: storage; Owner: supabase_storage_admin
--



--
-- Data for Name: iceberg_namespaces; Type: TABLE DATA; Schema: storage; Owner: supabase_storage_admin
--



--
-- Data for Name: iceberg_tables; Type: TABLE DATA; Schema: storage; Owner: supabase_storage_admin
--



--
-- Data for Name: objects; Type: TABLE DATA; Schema: storage; Owner: supabase_storage_admin
--

INSERT INTO "storage"."objects" ("id", "bucket_id", "name", "owner", "created_at", "updated_at", "last_accessed_at", "metadata", "version", "owner_id", "user_metadata", "level") VALUES
	('da4e258b-cfd9-4ace-b044-be069060252c', 'images', 'profile_pictures/947ec8bb-d278-4cd8-9d77-6d9c091ad0f6/86fb539d-6cc6-41a0-9330-55acdbf911ba.jpeg', NULL, '2025-10-06 10:56:40.7669+00', '2025-10-06 10:56:40.7669+00', '2025-10-06 10:56:40.7669+00', '{"eTag": "\"271b1a1f46313cd94a9e0841c14e0314\"", "size": 173826, "mimetype": "image/jpeg", "cacheControl": "max-age=3600", "lastModified": "2025-10-06T10:56:41.000Z", "contentLength": 173826, "httpStatusCode": 200}', 'bdced602-c82f-45b0-b2d8-d0ad6f18566c', NULL, '{}', 3),
	('c33a3793-471c-4df9-8540-cc18247291b9', 'archives', 'messages/v0/.emptyFolderPlaceholder', NULL, '2025-11-22 05:00:01.927213+00', '2025-11-22 05:00:01.927213+00', '2025-11-22 05:00:01.927213+00', '{"eTag": "\"d41d8cd98f00b204e9800998ecf8427e\"", "size": 0, "mimetype": "application/octet-stream", "cacheControl": "max-age=3600", "lastModified": "2025-11-22T05:00:01.925Z", "contentLength": 0, "httpStatusCode": 200}', '12b78de8-2583-4691-a100-d5c52067f828', NULL, '{}', 3),
	('8a0406f4-ee93-45ad-a4a2-4facde9dc49a', 'archives', 'chats/v0/.emptyFolderPlaceholder', NULL, '2025-11-22 05:00:09.623116+00', '2025-11-22 05:00:09.623116+00', '2025-11-22 05:00:09.623116+00', '{"eTag": "\"d41d8cd98f00b204e9800998ecf8427e\"", "size": 0, "mimetype": "application/octet-stream", "cacheControl": "max-age=3600", "lastModified": "2025-11-22T05:00:09.619Z", "contentLength": 0, "httpStatusCode": 200}', '5c241e11-f758-438f-b545-8f244f197f3b', NULL, '{}', 3),
	('6630e685-af04-4c6d-a813-3e50a5c7aeb6', 'archives', 'messages/v0/m_46_25.parquet', NULL, '2025-11-22 09:42:43.008697+00', '2025-11-22 09:42:43.008697+00', '2025-11-22 09:42:43.008697+00', '{"eTag": "\"4a6eb4eecfc0c5b647fb98166d7474a2\"", "size": 1024413, "mimetype": "application/octet-stream", "cacheControl": "no-cache", "lastModified": "2025-11-22T09:42:42.991Z", "contentLength": 1024413, "httpStatusCode": 200}', 'e7be1d83-5aba-4172-9d9d-1dac07165662', NULL, '{}', 3),
	('d2059cac-04b7-49b4-a82f-777a505862e7', 'archives', 'chats/v0/c_46_25.parquet', NULL, '2025-11-22 09:42:43.019265+00', '2025-11-22 09:42:43.019265+00', '2025-11-22 09:42:43.019265+00', '{"eTag": "\"2b9759713e2fd501b48b988d37f3cc57\"", "size": 68492, "mimetype": "application/octet-stream", "cacheControl": "no-cache", "lastModified": "2025-11-22T09:42:43.017Z", "contentLength": 68492, "httpStatusCode": 200}', 'eef410b0-b444-4513-b384-1d4cbfa31932', NULL, '{}', 3);


--
-- Data for Name: prefixes; Type: TABLE DATA; Schema: storage; Owner: supabase_storage_admin
--

INSERT INTO "storage"."prefixes" ("bucket_id", "name", "created_at", "updated_at") VALUES
	('images', 'profile_pictures', '2025-10-06 10:56:40.7669+00', '2025-10-06 10:56:40.7669+00'),
	('images', 'profile_pictures/947ec8bb-d278-4cd8-9d77-6d9c091ad0f6', '2025-10-06 10:56:40.7669+00', '2025-10-06 10:56:40.7669+00'),
	('archives', 'messages', '2025-11-22 04:59:57.975405+00', '2025-11-22 04:59:57.975405+00'),
	('archives', 'messages/v0', '2025-11-22 05:00:01.927213+00', '2025-11-22 05:00:01.927213+00'),
	('archives', 'chats', '2025-11-22 05:00:07.065746+00', '2025-11-22 05:00:07.065746+00'),
	('archives', 'chats/v0', '2025-11-22 05:00:09.623116+00', '2025-11-22 05:00:09.623116+00');


--
-- Data for Name: s3_multipart_uploads; Type: TABLE DATA; Schema: storage; Owner: supabase_storage_admin
--



--
-- Data for Name: s3_multipart_uploads_parts; Type: TABLE DATA; Schema: storage; Owner: supabase_storage_admin
--



--
-- Data for Name: vector_indexes; Type: TABLE DATA; Schema: storage; Owner: supabase_storage_admin
--



--
-- Data for Name: hooks; Type: TABLE DATA; Schema: supabase_functions; Owner: supabase_functions_admin
--



--
-- Name: refresh_tokens_id_seq; Type: SEQUENCE SET; Schema: auth; Owner: supabase_auth_admin
--

SELECT pg_catalog.setval('"auth"."refresh_tokens_id_seq"', 1516, true);


--
-- Name: blog_posts_id_seq; Type: SEQUENCE SET; Schema: public; Owner: postgres
--

SELECT pg_catalog.setval('"public"."blog_posts_id_seq"', 1, false);


--
-- Name: chats_id_seq; Type: SEQUENCE SET; Schema: public; Owner: postgres
--

SELECT pg_catalog.setval('"public"."chats_id_seq"', 16018, true);


--
-- Name: enriched_chats_id_seq; Type: SEQUENCE SET; Schema: public; Owner: postgres
--

SELECT pg_catalog.setval('"public"."enriched_chats_id_seq"', 149, true);


--
-- Name: enriched_messages_id_seq; Type: SEQUENCE SET; Schema: public; Owner: postgres
--

SELECT pg_catalog.setval('"public"."enriched_messages_id_seq"', 132, true);


--
-- Name: landing_page_contact_form_id_seq; Type: SEQUENCE SET; Schema: public; Owner: postgres
--

SELECT pg_catalog.setval('"public"."landing_page_contact_form_id_seq"', 1, false);


--
-- Name: messages_id_seq; Type: SEQUENCE SET; Schema: public; Owner: postgres
--

SELECT pg_catalog.setval('"public"."messages_id_seq"', 3356, true);


--
-- Name: notifications_id_seq; Type: SEQUENCE SET; Schema: public; Owner: postgres
--

SELECT pg_catalog.setval('"public"."notifications_id_seq"', 91, true);


--
-- Name: prompt_templates_versions_id_seq; Type: SEQUENCE SET; Schema: public; Owner: postgres
--

SELECT pg_catalog.setval('"public"."prompt_templates_versions_id_seq"', 249, true);


--
-- Name: users_metadata_id_seq; Type: SEQUENCE SET; Schema: public; Owner: postgres
--

SELECT pg_catalog.setval('"public"."users_metadata_id_seq"', 175, true);


--
-- Name: hooks_id_seq; Type: SEQUENCE SET; Schema: supabase_functions; Owner: supabase_functions_admin
--

SELECT pg_catalog.setval('"supabase_functions"."hooks_id_seq"', 1, false);


--
-- PostgreSQL database dump complete
--

-- \unrestrict EKwjdeA0cneSFUq59TtkdLNACU7LtSkgtRqUfykGz61cyj8cPYmGGdT1Wf7oDo2

RESET ALL;
